URL,Langue,Section,Siman,Seif,Niveau,Fichier_source,Titre,Statut_HTTP,Indexable,Present_dans_sitemap,Commentaires
https://daattorah.com/404-en.html,en,racine,,,,404-en.html,404 — This page does not exist · DAAT דעת,200 (fichier présent),non (noindex),non,
https://daattorah.com/404-he.html,he,racine,,,,404-he.html,404 — הדף הזה אינו קיים · DAAT דעת,200 (fichier présent),non (noindex),non,
https://daattorah.com/404.html,fr,racine,,,,404.html,404 — Cette page n'existe pas · DAAT דעת,200 (fichier présent),non (noindex),non,
https://daattorah.com/about-en.html,en,racine,,,,about-en.html,"About Daat Torah — Mission, method & the author",200 (fichier présent),oui,oui,
https://daattorah.com/about-he.html,he,racine,,,,about-he.html,"אודות דעת תורה — ייעוד, שיטה והמחבר",200 (fichier présent),oui,oui,
https://daattorah.com/about.html,fr,racine,,,,about.html,"À propos de Daat Torah — Mission, méthode & l'auteur",200 (fichier présent),oui,oui,
https://daattorah.com/admin/corpus.html,fr,admin,,,,admin/corpus.html,DAAT Admin — Corpus Chat AI,200 (fichier présent),non (noindex),non,
https://daattorah.com/admin/dedicaces.html,fr,admin,,,,admin/dedicaces.html,DAAT Admin — Dédicaces,200 (fichier présent),non (noindex),non,
https://daattorah.com/admin/feedback.html,fr,admin,,,,admin/feedback.html,DAAT Admin — Feedback utilisateurs,200 (fichier présent),non (noindex),non,
https://daattorah.com/admin/index.html,fr,admin,,,Index,admin/index.html,DAAT Admin — Gestion du contenu,200 (fichier présent),non (noindex),non,
https://daattorah.com/admin/khavroutha.html,fr,admin,,,,admin/khavroutha.html,DAAT Admin — Khavroutot,200 (fichier présent),non (noindex),non,
https://daattorah.com/admin/newsletter-test.html,fr,admin,,,,admin/newsletter-test.html,DAAT Admin — Test newsletter,200 (fichier présent),non (noindex),non,
https://daattorah.com/admin/paiements.html,fr,admin,,,,admin/paiements.html,DAAT Admin — Paiements,200 (fichier présent),non (noindex),non,
https://daattorah.com/admin/siman-builder.html,fr,admin,,,,admin/siman-builder.html,DAAT Admin — Constructeur de Siman (photos → site),200 (fichier présent),non (noindex),non,
https://daattorah.com/auteur/rav-yossef-haim-samama-en.html,en,auteur,,,,auteur/rav-yossef-haim-samama-en.html,Rav Yossef Haim Samama — author of Daat Torah,200 (fichier présent),oui,oui,
https://daattorah.com/auteur/rav-yossef-haim-samama-he.html,he,auteur,,,,auteur/rav-yossef-haim-samama-he.html,הרב יוסף חיים סממה — מחבר דעת תורה,200 (fichier présent),oui,oui,
https://daattorah.com/auteur/rav-yossef-haim-samama.html,fr,auteur,,,,auteur/rav-yossef-haim-samama.html,Rav Yossef Haim Samama — auteur de Daat Torah,200 (fichier présent),oui,oui,
https://daattorah.com/blog/allumer-feu-avant-shabbat-en.html,en,blog,,,,blog/allumer-feu-avant-shabbat-en.html,"Lighting a Fire (Candles, Heating) Before Shabbos: The Rules of Siman 255 | DAAT דעת",200 (fichier présent),oui,oui,
https://daattorah.com/blog/allumer-feu-avant-shabbat-he.html,he,blog,,,,blog/allumer-feu-avant-shabbat-he.html,"הדלקת אש (נרות, חימום) לפני שבת: אזהרות סימן רנ״ה | DAAT דעת",200 (fichier présent),oui,oui,
https://daattorah.com/blog/allumer-feu-avant-shabbat.html,fr,blog,,,,blog/allumer-feu-avant-shabbat.html,"Allumer un feu (bougies, chauffage) avant Shabbat : les précautions du Siman 255 | DAAT דעת",200 (fichier présent),oui,oui,
https://daattorah.com/blog/association-juif-non-juif-shabbat-en.html,en,blog,,,,blog/association-juif-non-juif-shabbat-en.html,Going into Business with a Non-Jew: What About Shabbos? (Shutfus / שותפות) | DAAT דעת,200 (fichier présent),oui,oui,
https://daattorah.com/blog/association-juif-non-juif-shabbat-he.html,he,blog,,,,blog/association-juif-non-juif-shabbat-he.html,"שותפות עסקית עם גוי: מה עושים עם השבת? (שותפות, סימן רמ״ה) | DAAT דעת",200 (fichier présent),oui,oui,
https://daattorah.com/blog/association-juif-non-juif-shabbat.html,fr,blog,,,,blog/association-juif-non-juif-shabbat.html,S'associer en affaires avec un non-juif : que faire pour le Shabbat ? (chutfut / שותפות) | DAAT דעת,200 (fichier présent),oui,oui,
https://daattorah.com/blog/bougies-shabbat-horaire-allumage-en.html,en,blog,,,,blog/bougies-shabbat-horaire-allumage-en.html,"What Time Do You Light Shabbat Candles? (bein hashmashot, tosefet Shabbat) | DAAT דעת",200 (fichier présent),oui,oui,
https://daattorah.com/blog/bougies-shabbat-horaire-allumage-he.html,he,blog,,,,blog/bougies-shabbat-horaire-allumage-he.html,"אימתי מדליקים נרות שבת? (בין השמשות, תוספת שבת) | DAAT דעת",200 (fichier présent),oui,oui,
https://daattorah.com/blog/bougies-shabbat-horaire-allumage.html,fr,blog,,,,blog/bougies-shabbat-horaire-allumage.html,"À quelle heure allumer les bougies de Shabbat ? (bein hashemashot, tossefet Shabbat) | DAAT דעת",200 (fichier présent),oui,oui,
https://daattorah.com/blog/cremes-cosmetiques-shabbat-en.html,en,blog,,,,blog/cremes-cosmetiques-shabbat-en.html,"Can You Apply Cream or Perfume on Shabbat? (sikhah, Siman 327) | DAAT דעת",200 (fichier présent),oui,oui,
https://daattorah.com/blog/cremes-cosmetiques-shabbat-he.html,he,blog,,,,blog/cremes-cosmetiques-shabbat-he.html,"האם מותר למרוח קרם או בושם בשבת? (סיכה, סימן שכ״ז) | DAAT דעת",200 (fichier présent),oui,oui,
https://daattorah.com/blog/cremes-cosmetiques-shabbat.html,fr,blog,,,,blog/cremes-cosmetiques-shabbat.html,"Peut-on mettre de la crème ou du parfum le Shabbat ? (sikha, Siman 327) | DAAT דעת",200 (fichier présent),oui,oui,
https://daattorah.com/blog/hatmana-envelopper-plats-chauds-shabbat-en.html,en,blog,,,,blog/hatmana-envelopper-plats-chauds-shabbat-en.html,"Hatmana: Insulating Hot Food Before Shabbos, What's Permitted and Forbidden (Siman 257) | DAAT דעת",200 (fichier présent),oui,oui,
https://daattorah.com/blog/hatmana-envelopper-plats-chauds-shabbat-he.html,he,blog,,,,blog/hatmana-envelopper-plats-chauds-shabbat-he.html,הטמנה: לעטוף את התבשילים החמים לפני שבת — מותר או אסור? (סימן רנ״ז) | DAAT דעת,200 (fichier présent),oui,oui,
https://daattorah.com/blog/hatmana-envelopper-plats-chauds-shabbat.html,fr,blog,,,,blog/hatmana-envelopper-plats-chauds-shabbat.html,"La hatmana : envelopper les plats chauds avant Shabbat, permis ou interdit ? (Siman 257) | DAAT דעת",200 (fichier présent),oui,oui,
https://daattorah.com/blog/honorer-shabbat-kavod-oneg-en.html,en,blog,,,,blog/honorer-shabbat-kavod-oneg-en.html,Kavod and Oneg Shabbos: Honoring and Enjoying Shabbos | DAAT דעת,200 (fichier présent),oui,oui,
https://daattorah.com/blog/honorer-shabbat-kavod-oneg-he.html,he,blog,,,,blog/honorer-shabbat-kavod-oneg-he.html,כבוד ועונג שבת: כיצד מכבדים ומענגים את השבת? (סימן רמ״ב) | DAAT דעת,200 (fichier présent),oui,oui,
https://daattorah.com/blog/honorer-shabbat-kavod-oneg.html,fr,blog,,,,blog/honorer-shabbat-kavod-oneg.html,Kavod et Oneg Shabbat : comment honorer et savourer le Shabbat | DAAT דעת,200 (fichier présent),oui,oui,
https://daattorah.com/blog/index-en.html,en,blog,,,Index,blog/index-en.html,Halacha Blog — Halacha Applied to Modern Life | DAAT דעת,200 (fichier présent),oui,oui,
https://daattorah.com/blog/index-he.html,he,blog,,,Index,blog/index-he.html,בלוג הלכתי — ההלכה ביישום לחיים המודרניים | DAAT דעת,200 (fichier présent),oui,oui,
https://daattorah.com/blog/,fr,blog,,,Index,blog/index.html,Blog halakhique — La halakha appliquée à la vie moderne | DAAT דעת,200 (fichier présent),oui,oui,
https://daattorah.com/blog/livraison-colis-shabbat-en.html,en,blog,,,,blog/livraison-colis-shabbat-en.html,"Can You Have a Package Delivered on Shabbat? (Amazon, USPS, FedEx) | DAAT דעת",200 (fichier présent),oui,oui,
https://daattorah.com/blog/livraison-colis-shabbat-he.html,he,blog,,,,blog/livraison-colis-shabbat-he.html,"האם מותר לקבל משלוח חבילה בשבת? (אמזון, דואר, שליחויות) | DAAT דעת",200 (fichier présent),oui,oui,
https://daattorah.com/blog/livraison-colis-shabbat.html,fr,blog,,,,blog/livraison-colis-shabbat.html,"Peut-on se faire livrer un colis pendant Shabbat ? (Amazon, La Poste, Chronopost) | DAAT דעת",200 (fichier présent),oui,oui,
https://daattorah.com/blog/louer-bien-non-juif-shabbat-en.html,en,blog,,,,blog/louer-bien-non-juif-shabbat-en.html,Can You Rent Property to a Non-Jew Who Uses It on Shabbos? | DAAT דעת,200 (fichier présent),oui,oui,
https://daattorah.com/blog/louer-bien-non-juif-shabbat-he.html,he,blog,,,,blog/louer-bien-non-juif-shabbat-he.html,"האם מותר להשכיר נכס (מרחץ, שדה...) לגוי שיעבוד בו בשבת? (סימן רמ״ג) | DAAT דעת",200 (fichier présent),oui,oui,
https://daattorah.com/blog/louer-bien-non-juif-shabbat.html,fr,blog,,,,blog/louer-bien-non-juif-shabbat.html,"Peut-on louer un bien (bain, champ…) à un non-juif qui l'exploite Shabbat ? | DAAT דעת",200 (fichier présent),oui,oui,
https://daattorah.com/blog/melakha-vendredi-apres-minha-en.html,en,blog,,,,blog/melakha-vendredi-apres-minha-en.html,Can You Do Work on Friday Afternoon? Melacha from Mincha of Erev Shabbos (Siman 251) | DAAT דעת,200 (fichier présent),oui,oui,
https://daattorah.com/blog/melakha-vendredi-apres-minha-he.html,he,blog,,,,blog/melakha-vendredi-apres-minha-he.html,האם מותר לעשות מלאכה בערב שבת אחר המנחה? (סימן רנ״א) | DAAT דעת,200 (fichier présent),oui,oui,
https://daattorah.com/blog/melakha-vendredi-apres-minha.html,fr,blog,,,,blog/melakha-vendredi-apres-minha.html,Peut-on travailler le vendredi après-midi ? La mélakha à partir de Minha (Siman 251) | DAAT דעת,200 (fichier présent),oui,oui,
https://daattorah.com/blog/muktse-telephone-argent-shabbat-en.html,en,blog,,,,blog/muktse-telephone-argent-shabbat-en.html,Can You Touch Your Phone or Money on Shabbat? Muktzeh Explained | DAAT דעת,200 (fichier présent),oui,oui,
https://daattorah.com/blog/muktse-telephone-argent-shabbat-he.html,he,blog,,,,blog/muktse-telephone-argent-shabbat-he.html,האם מותר לגעת בטלפון או בכסף בשבת? מוקצה מבואר | DAAT דעת,200 (fichier présent),oui,oui,
https://daattorah.com/blog/muktse-telephone-argent-shabbat.html,fr,blog,,,,blog/muktse-telephone-argent-shabbat.html,Peut-on toucher son téléphone ou de l'argent le Shabbat ? Le muktsé expliqué | DAAT דעת,200 (fichier présent),oui,oui,
https://daattorah.com/blog/papier-toilette-shabbat-en.html,en,blog,,,,blog/papier-toilette-shabbat-en.html,Can You Use Toilet Paper on Shabbat? (Siman 312) | DAAT דעת,200 (fichier présent),oui,oui,
https://daattorah.com/blog/papier-toilette-shabbat-he.html,he,blog,,,,blog/papier-toilette-shabbat-he.html,האם מותר להשתמש בנייר טואלט בשבת? (סימן שי״ב) | DAAT דעת,200 (fichier présent),oui,oui,
https://daattorah.com/blog/papier-toilette-shabbat.html,fr,blog,,,,blog/papier-toilette-shabbat.html,Peut-on utiliser du papier toilette le Shabbat ? (Siman 312) | DAAT דעת,200 (fichier présent),oui,oui,
https://daattorah.com/blog/plats-mijotes-erev-shabbat-en.html,en,blog,,,,blog/plats-mijotes-erev-shabbat-en.html,Leaving Food to Cook Into Shabbos: What the Shulchan Aruch Permits (Siman 254) | DAAT דעת,200 (fichier présent),oui,oui,
https://daattorah.com/blog/plats-mijotes-erev-shabbat-he.html,he,blog,,,,blog/plats-mijotes-erev-shabbat-he.html,להשאיר תבשיל מתבשל בכניסת השבת: מה מתיר השולחן ערוך (סימן רנ״ד) | DAAT דעת,200 (fichier présent),oui,oui,
https://daattorah.com/blog/plats-mijotes-erev-shabbat.html,fr,blog,,,,blog/plats-mijotes-erev-shabbat.html,Laisser mijoter un plat à l'entrée de Shabbat : ce que permet le Choulhan Aroukh | DAAT דעת,200 (fichier présent),oui,oui,
https://daattorah.com/blog/preparer-repas-shabbat-vendredi-en.html,en,blog,,,,blog/preparer-repas-shabbat-vendredi-en.html,Preparing the Shabbos Meals on Friday: Zeal for the Honor of Shabbos | DAAT דעת,200 (fichier présent),oui,oui,
https://daattorah.com/blog/preparer-repas-shabbat-vendredi-he.html,he,blog,,,,blog/preparer-repas-shabbat-vendredi-he.html,הכנת סעודות השבת בערב שבת: ההשכמה לכבוד השבת (סימן ר״נ) | DAAT דעת,200 (fichier présent),oui,oui,
https://daattorah.com/blog/preparer-repas-shabbat-vendredi.html,fr,blog,,,,blog/preparer-repas-shabbat-vendredi.html,Préparer les repas de Shabbat le vendredi : l'empressement pour l'honneur du Shabbat | DAAT דעת,200 (fichier présent),oui,oui,
https://daattorah.com/blog/pret-location-non-juif-shabbat-en.html,en,blog,,,,blog/pret-location-non-juif-shabbat-en.html,Lending or Renting an Object to a Non-Jew for Shabbos | DAAT דעת,200 (fichier présent),oui,oui,
https://daattorah.com/blog/pret-location-non-juif-shabbat-he.html,he,blog,,,,blog/pret-location-non-juif-shabbat-he.html,האם מותר להשאיל או להשכיר חפץ לגוי לשבת? (סימן רמ״ו) | DAAT דעת,200 (fichier présent),oui,oui,
https://daattorah.com/blog/pret-location-non-juif-shabbat.html,fr,blog,,,,blog/pret-location-non-juif-shabbat.html,Prêter ou louer un objet à un non-juif pour le Shabbat : ce que dit la halakha | DAAT דעת,200 (fichier présent),oui,oui,
https://daattorah.com/blog/rechauffer-plat-shabbat-en.html,en,blog,,,,blog/rechauffer-plat-shabbat-en.html,"Can You Reheat Food on Shabbat? (hot plate, pot, hot water) | DAAT דעת",200 (fichier présent),oui,oui,
https://daattorah.com/blog/rechauffer-plat-shabbat-he.html,he,blog,,,,blog/rechauffer-plat-shabbat-he.html,"האם מותר לחמם מאכל בשבת? (פלטה, סיר, מים חמים) | DAAT דעת",200 (fichier présent),oui,oui,
https://daattorah.com/blog/rechauffer-plat-shabbat.html,fr,blog,,,,blog/rechauffer-plat-shabbat.html,"Peut-on réchauffer un plat le Shabbat ? (plata, casserole, eau chaude) | DAAT דעת",200 (fichier présent),oui,oui,
https://daattorah.com/blog/regles-vendredi-erev-shabbat-en.html,en,blog,,,,blog/regles-vendredi-erev-shabbat-en.html,"Erev Shabbos Rules: What to Prepare, What to Avoid on Friday | DAAT דעת",200 (fichier présent),oui,oui,
https://daattorah.com/blog/regles-vendredi-erev-shabbat-he.html,he,blog,,,,blog/regles-vendredi-erev-shabbat-he.html,דיני ערב שבת: מה מכינים ומה נמנעים? (סימן רמ״ט) | DAAT דעת,200 (fichier présent),oui,oui,
https://daattorah.com/blog/regles-vendredi-erev-shabbat.html,fr,blog,,,,blog/regles-vendredi-erev-shabbat.html,"Les règles du vendredi (érev Shabbat) : ce qu'on prépare, ce qu'on évite | DAAT דעת",200 (fichier présent),oui,oui,
https://daattorah.com/blog/se-doucher-laver-shabbat-en.html,en,blog,,,,blog/se-doucher-laver-shabbat-en.html,Can You Shower or Bathe on Shabbat? | DAAT דעת,200 (fichier présent),oui,oui,
https://daattorah.com/blog/se-doucher-laver-shabbat-he.html,he,blog,,,,blog/se-doucher-laver-shabbat-he.html,האם מותר להתקלח או להתרחץ בשבת? | DAAT דעת,200 (fichier présent),oui,oui,
https://daattorah.com/blog/se-doucher-laver-shabbat.html,fr,blog,,,,blog/se-doucher-laver-shabbat.html,Peut-on se doucher ou se laver le Shabbat ? | DAAT דעת,200 (fichier présent),oui,oui,
https://daattorah.com/blog/shabbat-plata-rechauffer-marmites-en.html,en,blog,,,,blog/shabbat-plata-rechauffer-marmites-en.html,The Shabbos Hotplate: May You Leave and Return Pots to the Fire? (Shehiyah / Chazarah) | DAAT דעת,200 (fichier présent),oui,oui,
https://daattorah.com/blog/shabbat-plata-rechauffer-marmites-he.html,he,blog,,,,blog/shabbat-plata-rechauffer-marmites-he.html,הפלטה של שבת: מותר להשאיר ולהחזיר את הסירים על האש? (שהייה וחזרה) | DAAT דעת,200 (fichier présent),oui,oui,
https://daattorah.com/blog/shabbat-plata-rechauffer-marmites.html,fr,blog,,,,blog/shabbat-plata-rechauffer-marmites.html,La plata de Shabbat : peut-on laisser et remettre ses marmites sur le feu ? | DAAT דעת,200 (fichier présent),oui,oui,
https://daattorah.com/blog/sonneries-shofar-entree-shabbat-en.html,en,blog,,,,blog/sonneries-shofar-entree-shabbat-en.html,The Six Shofar Blasts That Announced the Onset of Shabbos (Siman 256) | DAAT דעת,200 (fichier présent),oui,oui,
https://daattorah.com/blog/sonneries-shofar-entree-shabbat-he.html,he,blog,,,,blog/sonneries-shofar-entree-shabbat-he.html,שש תקיעות השופר שהכריזו על כניסת השבת (סימן רנ״ו) | DAAT דעת,200 (fichier présent),oui,oui,
https://daattorah.com/blog/sonneries-shofar-entree-shabbat.html,fr,blog,,,,blog/sonneries-shofar-entree-shabbat.html,Les 6 sonneries de shofar qui annonçaient l'entrée de Shabbat (Siman 256) | DAAT דעת,200 (fichier présent),oui,oui,
https://daattorah.com/blog/travaux-commences-avant-shabbat-en.html,en,blog,,,,blog/travaux-commences-avant-shabbat-en.html,What Work May You Start Before Shabbos to Finish on Its Own During Shabbos? (Siman 252) | DAAT דעת,200 (fichier présent),oui,oui,
https://daattorah.com/blog/travaux-commences-avant-shabbat-he.html,he,blog,,,,blog/travaux-commences-avant-shabbat-he.html,אילו מלאכות מותר להתחיל לפני שבת שנגמרות בשבת? (סימן רנ״ב) | DAAT דעת,200 (fichier présent),oui,oui,
https://daattorah.com/blog/travaux-commences-avant-shabbat.html,fr,blog,,,,blog/travaux-commences-avant-shabbat.html,Quels travaux peut-on lancer avant Shabbat s'ils s'achèvent Shabbat ? (Siman 252) | DAAT דעת,200 (fichier présent),oui,oui,
https://daattorah.com/blog/travaux-non-juif-pour-juif-shabbat-en.html,en,blog,,,,blog/travaux-non-juif-pour-juif-shabbat-en.html,Can a Non-Jew Do Work for a Jew on Shabbos? (Amira Le'Akum) | DAAT דעת,200 (fichier présent),oui,oui,
https://daattorah.com/blog/travaux-non-juif-pour-juif-shabbat-he.html,he,blog,,,,blog/travaux-non-juif-pour-juif-shabbat-he.html,"האם גוי יכול לעשות מלאכה בעד יהודי בשבת? (אמירה לגוי, סימן רמ״ד) | DAAT דעת",200 (fichier présent),oui,oui,
https://daattorah.com/blog/travaux-non-juif-pour-juif-shabbat.html,fr,blog,,,,blog/travaux-non-juif-pour-juif-shabbat.html,Un non-juif peut-il faire un travail pour un Juif le Shabbat ? (amira le-akum) | DAAT דעת,200 (fichier présent),oui,oui,
https://daattorah.com/blog/trier-aliments-borer-shabbat-en.html,en,blog,,,,blog/trier-aliments-borer-shabbat-en.html,"Can You Sort Food on Shabbat? (Borer, okhel mitokh psolet) | DAAT דעת",200 (fichier présent),oui,oui,
https://daattorah.com/blog/trier-aliments-borer-shabbat-he.html,he,blog,,,,blog/trier-aliments-borer-shabbat-he.html,"האם מותר לברור אוכל בשבת? (בורר, אוכל מתוך פסולת) | DAAT דעת",200 (fichier présent),oui,oui,
https://daattorah.com/blog/trier-aliments-borer-shabbat.html,fr,blog,,,,blog/trier-aliments-borer-shabbat.html,"Peut-on trier des aliments le Shabbat ? (borer, okhel mitokh psolet) | DAAT דעת",200 (fichier présent),oui,oui,
https://daattorah.com/blog/voyage-bateau-caravane-avant-shabbat-en.html,en,blog,,,,blog/voyage-bateau-caravane-avant-shabbat-en.html,"Can You Set Out on a Journey (Boat, Caravan) Just Before Shabbos? | DAAT דעת",200 (fichier présent),oui,oui,
https://daattorah.com/blog/voyage-bateau-caravane-avant-shabbat-he.html,he,blog,,,,blog/voyage-bateau-caravane-avant-shabbat-he.html,"האם מותר לצאת למסע (ספינה, שיירה) סמוך לשבת? (סימן רמ״ח) | DAAT דעת",200 (fichier présent),oui,oui,
https://daattorah.com/blog/voyage-bateau-caravane-avant-shabbat.html,fr,blog,,,,blog/voyage-bateau-caravane-avant-shabbat.html,"Peut-on partir en voyage (bateau, caravane) juste avant Shabbat ? | DAAT דעת",200 (fichier présent),oui,oui,
https://daattorah.com/chat-en.html,en,racine,,,,chat-en.html,Daat AI — Halachic assistant in English · Daat Torah,200 (fichier présent),oui,oui,
https://daattorah.com/chat-he.html,he,racine,,,,chat-he.html,דעת — עוזר הלכתי חכם · שאלו את שאלותיכם בהלכה,200 (fichier présent),oui,oui,
https://daattorah.com/chat.html,fr,racine,,,,chat.html,IA Daat — Assistant halakhique en français · Daat Torah,200 (fichier présent),oui,oui,
https://daattorah.com/chitah-admour-hazaken-en.html,en,racine,,,,chitah-admour-hazaken-en.html,The Shitah of the Admour HaZaken — Shulchan Aruch HaRav | DAAT,200 (fichier présent),oui,oui,
https://daattorah.com/chitah-admour-hazaken-he.html,he,racine,,,,chitah-admour-hazaken-he.html,שיטת אדמו״ר הזקן — שלחן ערוך הרב | DAAT,200 (fichier présent),oui,oui,
https://daattorah.com/chitah-admour-hazaken.html,fr,racine,,,,chitah-admour-hazaken.html,La Chitah de l'Admour HaZaken — Le Choulhan Aroukh HaRav | DAAT,200 (fichier présent),oui,oui,
https://daattorah.com/communaute-en.html,en,racine,,,,communaute-en.html,DAAT Community — Khavroutha & WhatsApp group,200 (fichier présent),oui,oui,
https://daattorah.com/communaute-he.html,he,racine,,,,communaute-he.html,קהילת דעת — חברותא וקבוצת וואטסאפ,200 (fichier présent),oui,oui,
https://daattorah.com/communaute.html,fr,racine,,,,communaute.html,Communauté DAAT — Khavroutha & groupe WhatsApp,200 (fichier présent),oui,oui,
https://daattorah.com/contenu/en,en,racine,,,,contenu-en.html,All content — every siman to study | DAAT,200 (fichier présent),oui,non,
https://daattorah.com/contenu/he,he,racine,,,,contenu-he.html,כל התוכן — כל הסימנים ללימוד | DAAT,200 (fichier présent),oui,non,
https://daattorah.com/contenu,fr,racine,,,,contenu.html,Tout le contenu — tous les simanim à étudier | DAAT,200 (fichier présent),oui,non,
https://daattorah.com/data/.banner-snippets/banner-en.html,en,autre,,,,data/.banner-snippets/banner-en.html,,200 (fichier présent),oui,non,
https://daattorah.com/data/.banner-snippets/banner-fr.html,fr,autre,,,,data/.banner-snippets/banner-fr.html,,200 (fichier présent),oui,non,
https://daattorah.com/data/.banner-snippets/banner-he.html,he,autre,,,,data/.banner-snippets/banner-he.html,,200 (fichier présent),oui,non,
https://daattorah.com/emails/presentation-daattorah.html,fr,emails,,,,emails/presentation-daattorah.html,DAAT — étudier le Choulhan Aroukh comme dans un Beit Midrash,200 (fichier présent),oui,non,
https://daattorah.com/faq-en.html,en,racine,,,,faq-en.html,FAQ — Studying Halacha in English · Daat Torah,200 (fichier présent),oui,oui,
https://daattorah.com/faq-he.html,he,racine,,,,faq-he.html,שאלות נפוצות — לימוד ההלכה לעומק · דעת תורה,200 (fichier présent),oui,oui,
https://daattorah.com/faq.html,fr,racine,,,,faq.html,FAQ — L'étude de la halakha en français · Daat Torah,200 (fichier présent),oui,oui,
https://daattorah.com/index-en.html,en,racine,,,Index,index-en.html,Daat Torah — Halacha study · Shulchan Aruch by siman,200 (fichier présent),oui,oui,
https://daattorah.com/index-he.html,he,racine,,,Index,index-he.html,"דעת תורה — שולחן ערוך, הלכות שבת · סימן אחר סימן",200 (fichier présent),oui,oui,
https://daattorah.com/,fr,racine,,,Index,index.html,Daat Torah — Halakha en français | Choulhan Aroukh par siman,200 (fichier présent),oui,oui,
https://daattorah.com/limoud/index-en.html,en,limoud,,,Index,limoud/index-en.html,Daat Yomi — Daily study plan | Daat Torah,200 (fichier présent),oui,oui,
https://daattorah.com/limoud/index-he.html,he,limoud,,,Index,limoud/index-he.html,דעת יומי — תוכנית לימוד יומית | Daat Torah,200 (fichier présent),oui,oui,
https://daattorah.com/limoud/index.html,fr,limoud,,,Index,limoud/index.html,Daat Yomi — Plan d'étude quotidien | Daat Torah,200 (fichier présent),oui,oui,
https://daattorah.com/limoud/jour-001-en.html,en,limoud,jour-001,,,limoud/jour-001-en.html,Day 1 — Siman 242 · Daat Yomi | Daat Torah,200 (fichier présent),oui,oui,
https://daattorah.com/limoud/jour-001-he.html,he,limoud,jour-001,,,limoud/jour-001-he.html,יום 1 — סימן 242 · דעת יומי | Daat Torah,200 (fichier présent),oui,oui,
https://daattorah.com/limoud/jour-001.html,fr,limoud,jour-001,,,limoud/jour-001.html,Jour 1 — Siman 242 · Daat Yomi | Daat Torah,200 (fichier présent),oui,oui,
https://daattorah.com/limoud/jour-002-en.html,en,limoud,jour-002,,,limoud/jour-002-en.html,Day 2 — Siman 243 · Daat Yomi | Daat Torah,200 (fichier présent),oui,oui,
https://daattorah.com/limoud/jour-002-he.html,he,limoud,jour-002,,,limoud/jour-002-he.html,יום 2 — סימן 243 · דעת יומי | Daat Torah,200 (fichier présent),oui,oui,
https://daattorah.com/limoud/jour-002.html,fr,limoud,jour-002,,,limoud/jour-002.html,Jour 2 — Siman 243 · Daat Yomi | Daat Torah,200 (fichier présent),oui,oui,
https://daattorah.com/limoud/jour-003-en.html,en,limoud,jour-003,,,limoud/jour-003-en.html,Day 3 — Siman 244 (seif 1-5 / 6) (1/2) · Daat Yomi | Daat Torah,200 (fichier présent),oui,oui,
https://daattorah.com/limoud/jour-003-he.html,he,limoud,jour-003,,,limoud/jour-003-he.html,יום 3 — סימן 244 (סעיף 1-5 / 6) (1/2) · דעת יומי | Daat Torah,200 (fichier présent),oui,oui,
https://daattorah.com/limoud/jour-003.html,fr,limoud,jour-003,,,limoud/jour-003.html,Jour 3 — Siman 244 (séif 1-5 / 6) (1/2) · Daat Yomi | Daat Torah,200 (fichier présent),oui,oui,
https://daattorah.com/limoud/jour-004-en.html,en,limoud,jour-004,,,limoud/jour-004-en.html,Day 4 — Siman 244 (seif 6 / 6) (2/2) · Daat Yomi | Daat Torah,200 (fichier présent),oui,oui,
https://daattorah.com/limoud/jour-004-he.html,he,limoud,jour-004,,,limoud/jour-004-he.html,יום 4 — סימן 244 (סעיף 6 / 6) (2/2) · דעת יומי | Daat Torah,200 (fichier présent),oui,oui,
https://daattorah.com/limoud/jour-004.html,fr,limoud,jour-004,,,limoud/jour-004.html,Jour 4 — Siman 244 (séif 6 / 6) (2/2) · Daat Yomi | Daat Torah,200 (fichier présent),oui,oui,
https://daattorah.com/limoud/jour-005-en.html,en,limoud,jour-005,,,limoud/jour-005-en.html,Day 5 — Siman 245 · Daat Yomi | Daat Torah,200 (fichier présent),oui,oui,
https://daattorah.com/limoud/jour-005-he.html,he,limoud,jour-005,,,limoud/jour-005-he.html,יום 5 — סימן 245 · דעת יומי | Daat Torah,200 (fichier présent),oui,oui,
https://daattorah.com/limoud/jour-005.html,fr,limoud,jour-005,,,limoud/jour-005.html,Jour 5 — Siman 245 · Daat Yomi | Daat Torah,200 (fichier présent),oui,oui,
https://daattorah.com/limoud/jour-006-en.html,en,limoud,jour-006,,,limoud/jour-006-en.html,Day 6 — Siman 246 · Daat Yomi | Daat Torah,200 (fichier présent),oui,oui,
https://daattorah.com/limoud/jour-006-he.html,he,limoud,jour-006,,,limoud/jour-006-he.html,יום 6 — סימן 246 · דעת יומי | Daat Torah,200 (fichier présent),oui,oui,
https://daattorah.com/limoud/jour-006.html,fr,limoud,jour-006,,,limoud/jour-006.html,Jour 6 — Siman 246 · Daat Yomi | Daat Torah,200 (fichier présent),oui,oui,
https://daattorah.com/limoud/jour-007-en.html,en,limoud,jour-007,,,limoud/jour-007-en.html,Day 7 — Siman 247 (seif 1-5 / 6) (1/2) · Daat Yomi | Daat Torah,200 (fichier présent),oui,oui,
https://daattorah.com/limoud/jour-007-he.html,he,limoud,jour-007,,,limoud/jour-007-he.html,יום 7 — סימן 247 (סעיף 1-5 / 6) (1/2) · דעת יומי | Daat Torah,200 (fichier présent),oui,oui,
https://daattorah.com/limoud/jour-007.html,fr,limoud,jour-007,,,limoud/jour-007.html,Jour 7 — Siman 247 (séif 1-5 / 6) (1/2) · Daat Yomi | Daat Torah,200 (fichier présent),oui,oui,
https://daattorah.com/limoud/jour-008-en.html,en,limoud,jour-008,,,limoud/jour-008-en.html,Day 8 — Siman 247 (seif 6 / 6) (2/2) · Daat Yomi | Daat Torah,200 (fichier présent),oui,oui,
https://daattorah.com/limoud/jour-008-he.html,he,limoud,jour-008,,,limoud/jour-008-he.html,יום 8 — סימן 247 (סעיף 6 / 6) (2/2) · דעת יומי | Daat Torah,200 (fichier présent),oui,oui,
https://daattorah.com/limoud/jour-008.html,fr,limoud,jour-008,,,limoud/jour-008.html,Jour 8 — Siman 247 (séif 6 / 6) (2/2) · Daat Yomi | Daat Torah,200 (fichier présent),oui,oui,
https://daattorah.com/limoud/jour-009-en.html,en,limoud,jour-009,,,limoud/jour-009-en.html,Day 9 — Siman 248 · Daat Yomi | Daat Torah,200 (fichier présent),oui,oui,
https://daattorah.com/limoud/jour-009-he.html,he,limoud,jour-009,,,limoud/jour-009-he.html,יום 9 — סימן 248 · דעת יומי | Daat Torah,200 (fichier présent),oui,oui,
https://daattorah.com/limoud/jour-009.html,fr,limoud,jour-009,,,limoud/jour-009.html,Jour 9 — Siman 248 · Daat Yomi | Daat Torah,200 (fichier présent),oui,oui,
https://daattorah.com/limoud/jour-010-en.html,en,limoud,jour-010,,,limoud/jour-010-en.html,Day 10 — Siman 249 · Daat Yomi | Daat Torah,200 (fichier présent),oui,oui,
https://daattorah.com/limoud/jour-010-he.html,he,limoud,jour-010,,,limoud/jour-010-he.html,יום 10 — סימן 249 · דעת יומי | Daat Torah,200 (fichier présent),oui,oui,
https://daattorah.com/limoud/jour-010.html,fr,limoud,jour-010,,,limoud/jour-010.html,Jour 10 — Siman 249 · Daat Yomi | Daat Torah,200 (fichier présent),oui,oui,
https://daattorah.com/limoud/jour-011-en.html,en,limoud,jour-011,,,limoud/jour-011-en.html,Day 11 — Siman 250 · Daat Yomi | Daat Torah,200 (fichier présent),oui,oui,
https://daattorah.com/limoud/jour-011-he.html,he,limoud,jour-011,,,limoud/jour-011-he.html,יום 11 — סימן 250 · דעת יומי | Daat Torah,200 (fichier présent),oui,oui,
https://daattorah.com/limoud/jour-011.html,fr,limoud,jour-011,,,limoud/jour-011.html,Jour 11 — Siman 250 · Daat Yomi | Daat Torah,200 (fichier présent),oui,oui,
https://daattorah.com/limoud/jour-012-en.html,en,limoud,jour-012,,,limoud/jour-012-en.html,Day 12 — Siman 251 · Daat Yomi | Daat Torah,200 (fichier présent),oui,oui,
https://daattorah.com/limoud/jour-012-he.html,he,limoud,jour-012,,,limoud/jour-012-he.html,יום 12 — סימן 251 · דעת יומי | Daat Torah,200 (fichier présent),oui,oui,
https://daattorah.com/limoud/jour-012.html,fr,limoud,jour-012,,,limoud/jour-012.html,Jour 12 — Siman 251 · Daat Yomi | Daat Torah,200 (fichier présent),oui,oui,
https://daattorah.com/limoud/jour-013-en.html,en,limoud,jour-013,,,limoud/jour-013-en.html,Day 13 — Siman 252 (seif 1-5 / 6) (1/2) · Daat Yomi | Daat Torah,200 (fichier présent),oui,oui,
https://daattorah.com/limoud/jour-013-he.html,he,limoud,jour-013,,,limoud/jour-013-he.html,יום 13 — סימן 252 (סעיף 1-5 / 6) (1/2) · דעת יומי | Daat Torah,200 (fichier présent),oui,oui,
https://daattorah.com/limoud/jour-013.html,fr,limoud,jour-013,,,limoud/jour-013.html,Jour 13 — Siman 252 (séif 1-5 / 6) (1/2) · Daat Yomi | Daat Torah,200 (fichier présent),oui,oui,
https://daattorah.com/limoud/jour-014-en.html,en,limoud,jour-014,,,limoud/jour-014-en.html,Day 14 — Siman 252 (seif 6 / 6) (2/2) · Daat Yomi | Daat Torah,200 (fichier présent),oui,oui,
https://daattorah.com/limoud/jour-014-he.html,he,limoud,jour-014,,,limoud/jour-014-he.html,יום 14 — סימן 252 (סעיף 6 / 6) (2/2) · דעת יומי | Daat Torah,200 (fichier présent),oui,oui,
https://daattorah.com/limoud/jour-014.html,fr,limoud,jour-014,,,limoud/jour-014.html,Jour 14 — Siman 252 (séif 6 / 6) (2/2) · Daat Yomi | Daat Torah,200 (fichier présent),oui,oui,
https://daattorah.com/limoud/jour-015-en.html,en,limoud,jour-015,,,limoud/jour-015-en.html,Day 15 — Siman 253 · Daat Yomi | Daat Torah,200 (fichier présent),oui,oui,
https://daattorah.com/limoud/jour-015-he.html,he,limoud,jour-015,,,limoud/jour-015-he.html,יום 15 — סימן 253 · דעת יומי | Daat Torah,200 (fichier présent),oui,oui,
https://daattorah.com/limoud/jour-015.html,fr,limoud,jour-015,,,limoud/jour-015.html,Jour 15 — Siman 253 · Daat Yomi | Daat Torah,200 (fichier présent),oui,oui,
https://daattorah.com/limoud/jour-016-en.html,en,limoud,jour-016,,,limoud/jour-016-en.html,Day 16 — Siman 254 (seif 1-5 / 8) (1/2) · Daat Yomi | Daat Torah,200 (fichier présent),oui,oui,
https://daattorah.com/limoud/jour-016-he.html,he,limoud,jour-016,,,limoud/jour-016-he.html,יום 16 — סימן 254 (סעיף 1-5 / 8) (1/2) · דעת יומי | Daat Torah,200 (fichier présent),oui,oui,
https://daattorah.com/limoud/jour-016.html,fr,limoud,jour-016,,,limoud/jour-016.html,Jour 16 — Siman 254 (séif 1-5 / 8) (1/2) · Daat Yomi | Daat Torah,200 (fichier présent),oui,oui,
https://daattorah.com/limoud/jour-017-en.html,en,limoud,jour-017,,,limoud/jour-017-en.html,Day 17 — Siman 254 (seif 6-8 / 8) (2/2) · Daat Yomi | Daat Torah,200 (fichier présent),oui,oui,
https://daattorah.com/limoud/jour-017-he.html,he,limoud,jour-017,,,limoud/jour-017-he.html,יום 17 — סימן 254 (סעיף 6-8 / 8) (2/2) · דעת יומי | Daat Torah,200 (fichier présent),oui,oui,
https://daattorah.com/limoud/jour-017.html,fr,limoud,jour-017,,,limoud/jour-017.html,Jour 17 — Siman 254 (séif 6-8 / 8) (2/2) · Daat Yomi | Daat Torah,200 (fichier présent),oui,oui,
https://daattorah.com/limoud/jour-018-en.html,en,limoud,jour-018,,,limoud/jour-018-en.html,Day 18 — Siman 255 · Daat Yomi | Daat Torah,200 (fichier présent),oui,oui,
https://daattorah.com/limoud/jour-018-he.html,he,limoud,jour-018,,,limoud/jour-018-he.html,יום 18 — סימן 255 · דעת יומי | Daat Torah,200 (fichier présent),oui,oui,
https://daattorah.com/limoud/jour-018.html,fr,limoud,jour-018,,,limoud/jour-018.html,Jour 18 — Siman 255 · Daat Yomi | Daat Torah,200 (fichier présent),oui,oui,
https://daattorah.com/limoud/jour-019-en.html,en,limoud,jour-019,,,limoud/jour-019-en.html,Day 19 — Siman 256 · Daat Yomi | Daat Torah,200 (fichier présent),oui,oui,
https://daattorah.com/limoud/jour-019-he.html,he,limoud,jour-019,,,limoud/jour-019-he.html,יום 19 — סימן 256 · דעת יומי | Daat Torah,200 (fichier présent),oui,oui,
https://daattorah.com/limoud/jour-019.html,fr,limoud,jour-019,,,limoud/jour-019.html,Jour 19 — Siman 256 · Daat Yomi | Daat Torah,200 (fichier présent),oui,oui,
https://daattorah.com/limoud/jour-020-en.html,en,limoud,jour-020,,,limoud/jour-020-en.html,Day 20 — Siman 257 (seif 1-5 / 7) (1/2) · Daat Yomi | Daat Torah,200 (fichier présent),oui,oui,
https://daattorah.com/limoud/jour-020-he.html,he,limoud,jour-020,,,limoud/jour-020-he.html,יום 20 — סימן 257 (סעיף 1-5 / 7) (1/2) · דעת יומי | Daat Torah,200 (fichier présent),oui,oui,
https://daattorah.com/limoud/jour-020.html,fr,limoud,jour-020,,,limoud/jour-020.html,Jour 20 — Siman 257 (séif 1-5 / 7) (1/2) · Daat Yomi | Daat Torah,200 (fichier présent),oui,oui,
https://daattorah.com/limoud/jour-021-en.html,en,limoud,jour-021,,,limoud/jour-021-en.html,Day 21 — Siman 257 (seif 6-7 / 7) (2/2) · Daat Yomi | Daat Torah,200 (fichier présent),oui,oui,
https://daattorah.com/limoud/jour-021-he.html,he,limoud,jour-021,,,limoud/jour-021-he.html,יום 21 — סימן 257 (סעיף 6-7 / 7) (2/2) · דעת יומי | Daat Torah,200 (fichier présent),oui,oui,
https://daattorah.com/limoud/jour-021.html,fr,limoud,jour-021,,,limoud/jour-021.html,Jour 21 — Siman 257 (séif 6-7 / 7) (2/2) · Daat Yomi | Daat Torah,200 (fichier présent),oui,oui,
https://daattorah.com/limoud/jour-022-en.html,en,limoud,jour-022,,,limoud/jour-022-en.html,Day 22 — Siman 258 · Daat Yomi | Daat Torah,200 (fichier présent),oui,oui,
https://daattorah.com/limoud/jour-022-he.html,he,limoud,jour-022,,,limoud/jour-022-he.html,יום 22 — סימן 258 · דעת יומי | Daat Torah,200 (fichier présent),oui,oui,
https://daattorah.com/limoud/jour-022.html,fr,limoud,jour-022,,,limoud/jour-022.html,Jour 22 — Siman 258 · Daat Yomi | Daat Torah,200 (fichier présent),oui,oui,
https://daattorah.com/limoud/jour-023-en.html,en,limoud,jour-023,,,limoud/jour-023-en.html,Day 23 — Siman 259 (seif 1-5 / 6) (1/2) · Daat Yomi | Daat Torah,200 (fichier présent),oui,oui,
https://daattorah.com/limoud/jour-023-he.html,he,limoud,jour-023,,,limoud/jour-023-he.html,יום 23 — סימן 259 (סעיף 1-5 / 6) (1/2) · דעת יומי | Daat Torah,200 (fichier présent),oui,oui,
https://daattorah.com/limoud/jour-023.html,fr,limoud,jour-023,,,limoud/jour-023.html,Jour 23 — Siman 259 (séif 1-5 / 6) (1/2) · Daat Yomi | Daat Torah,200 (fichier présent),oui,oui,
https://daattorah.com/limoud/jour-024-en.html,en,limoud,jour-024,,,limoud/jour-024-en.html,Day 24 — Siman 259 (seif 6 / 6) (2/2) · Daat Yomi | Daat Torah,200 (fichier présent),oui,oui,
https://daattorah.com/limoud/jour-024-he.html,he,limoud,jour-024,,,limoud/jour-024-he.html,יום 24 — סימן 259 (סעיף 6 / 6) (2/2) · דעת יומי | Daat Torah,200 (fichier présent),oui,oui,
https://daattorah.com/limoud/jour-024.html,fr,limoud,jour-024,,,limoud/jour-024.html,Jour 24 — Siman 259 (séif 6 / 6) (2/2) · Daat Yomi | Daat Torah,200 (fichier présent),oui,oui,
https://daattorah.com/limoud/jour-025-en.html,en,limoud,jour-025,,,limoud/jour-025-en.html,Day 25 — Siman 260 · Daat Yomi | Daat Torah,200 (fichier présent),oui,oui,
https://daattorah.com/limoud/jour-025-he.html,he,limoud,jour-025,,,limoud/jour-025-he.html,יום 25 — סימן 260 · דעת יומי | Daat Torah,200 (fichier présent),oui,oui,
https://daattorah.com/limoud/jour-025.html,fr,limoud,jour-025,,,limoud/jour-025.html,Jour 25 — Siman 260 · Daat Yomi | Daat Torah,200 (fichier présent),oui,oui,
https://daattorah.com/limoud/jour-026-en.html,en,limoud,jour-026,,,limoud/jour-026-en.html,Day 26 — Siman 261 · Daat Yomi | Daat Torah,200 (fichier présent),oui,oui,
https://daattorah.com/limoud/jour-026-he.html,he,limoud,jour-026,,,limoud/jour-026-he.html,יום 26 — סימן 261 · דעת יומי | Daat Torah,200 (fichier présent),oui,oui,
https://daattorah.com/limoud/jour-026.html,fr,limoud,jour-026,,,limoud/jour-026.html,Jour 26 — Siman 261 · Daat Yomi | Daat Torah,200 (fichier présent),oui,oui,
https://daattorah.com/limoud/jour-027-en.html,en,limoud,jour-027,,,limoud/jour-027-en.html,Day 27 — Siman 262 · Daat Yomi | Daat Torah,200 (fichier présent),oui,oui,
https://daattorah.com/limoud/jour-027-he.html,he,limoud,jour-027,,,limoud/jour-027-he.html,יום 27 — סימן 262 · דעת יומי | Daat Torah,200 (fichier présent),oui,oui,
https://daattorah.com/limoud/jour-027.html,fr,limoud,jour-027,,,limoud/jour-027.html,Jour 27 — Siman 262 · Daat Yomi | Daat Torah,200 (fichier présent),oui,oui,
https://daattorah.com/limoud/jour-028-en.html,en,limoud,jour-028,,,limoud/jour-028-en.html,Day 28 — Siman 263 (seif 1-5 / 9) (1/2) · Daat Yomi | Daat Torah,200 (fichier présent),oui,oui,
https://daattorah.com/limoud/jour-028-he.html,he,limoud,jour-028,,,limoud/jour-028-he.html,יום 28 — סימן 263 (סעיף 1-5 / 9) (1/2) · דעת יומי | Daat Torah,200 (fichier présent),oui,oui,
https://daattorah.com/limoud/jour-028.html,fr,limoud,jour-028,,,limoud/jour-028.html,Jour 28 — Siman 263 (séif 1-5 / 9) (1/2) · Daat Yomi | Daat Torah,200 (fichier présent),oui,oui,
https://daattorah.com/limoud/jour-029-en.html,en,limoud,jour-029,,,limoud/jour-029-en.html,Day 29 — Siman 263 (seif 6-9 / 9) (2/2) · Daat Yomi | Daat Torah,200 (fichier présent),oui,oui,
https://daattorah.com/limoud/jour-029-he.html,he,limoud,jour-029,,,limoud/jour-029-he.html,יום 29 — סימן 263 (סעיף 6-9 / 9) (2/2) · דעת יומי | Daat Torah,200 (fichier présent),oui,oui,
https://daattorah.com/limoud/jour-029.html,fr,limoud,jour-029,,,limoud/jour-029.html,Jour 29 — Siman 263 (séif 6-9 / 9) (2/2) · Daat Yomi | Daat Torah,200 (fichier présent),oui,oui,
https://daattorah.com/limoud/jour-030-en.html,en,limoud,jour-030,,,limoud/jour-030-en.html,Day 30 — Siman 264 (seif 1-5 / 8) (1/2) · Daat Yomi | Daat Torah,200 (fichier présent),oui,oui,
https://daattorah.com/limoud/jour-030-he.html,he,limoud,jour-030,,,limoud/jour-030-he.html,יום 30 — סימן 264 (סעיף 1-5 / 8) (1/2) · דעת יומי | Daat Torah,200 (fichier présent),oui,oui,
https://daattorah.com/limoud/jour-030.html,fr,limoud,jour-030,,,limoud/jour-030.html,Jour 30 — Siman 264 (séif 1-5 / 8) (1/2) · Daat Yomi | Daat Torah,200 (fichier présent),oui,oui,
https://daattorah.com/limoud/jour-031-en.html,en,limoud,jour-031,,,limoud/jour-031-en.html,Day 31 — Siman 264 (seif 6-8 / 8) (2/2) · Daat Yomi | Daat Torah,200 (fichier présent),oui,oui,
https://daattorah.com/limoud/jour-031-he.html,he,limoud,jour-031,,,limoud/jour-031-he.html,יום 31 — סימן 264 (סעיף 6-8 / 8) (2/2) · דעת יומי | Daat Torah,200 (fichier présent),oui,oui,
https://daattorah.com/limoud/jour-031.html,fr,limoud,jour-031,,,limoud/jour-031.html,Jour 31 — Siman 264 (séif 6-8 / 8) (2/2) · Daat Yomi | Daat Torah,200 (fichier présent),oui,oui,
https://daattorah.com/limoud/jour-032-en.html,en,limoud,jour-032,,,limoud/jour-032-en.html,Day 32 — Siman 265 · Daat Yomi | Daat Torah,200 (fichier présent),oui,oui,
https://daattorah.com/limoud/jour-032-he.html,he,limoud,jour-032,,,limoud/jour-032-he.html,יום 32 — סימן 265 · דעת יומי | Daat Torah,200 (fichier présent),oui,oui,
https://daattorah.com/limoud/jour-032.html,fr,limoud,jour-032,,,limoud/jour-032.html,Jour 32 — Siman 265 · Daat Yomi | Daat Torah,200 (fichier présent),oui,oui,
https://daattorah.com/limoud/jour-033-en.html,en,limoud,jour-033,,,limoud/jour-033-en.html,Day 33 — Siman 266 (seif 1-5 / 10) (1/2) · Daat Yomi | Daat Torah,200 (fichier présent),oui,oui,
https://daattorah.com/limoud/jour-033-he.html,he,limoud,jour-033,,,limoud/jour-033-he.html,יום 33 — סימן 266 (סעיף 1-5 / 10) (1/2) · דעת יומי | Daat Torah,200 (fichier présent),oui,oui,
https://daattorah.com/limoud/jour-033.html,fr,limoud,jour-033,,,limoud/jour-033.html,Jour 33 — Siman 266 (séif 1-5 / 10) (1/2) · Daat Yomi | Daat Torah,200 (fichier présent),oui,oui,
https://daattorah.com/limoud/jour-034-en.html,en,limoud,jour-034,,,limoud/jour-034-en.html,Day 34 — Siman 266 (seif 6-10 / 10) (2/2) · Daat Yomi | Daat Torah,200 (fichier présent),oui,oui,
https://daattorah.com/limoud/jour-034-he.html,he,limoud,jour-034,,,limoud/jour-034-he.html,יום 34 — סימן 266 (סעיף 6-10 / 10) (2/2) · דעת יומי | Daat Torah,200 (fichier présent),oui,oui,
https://daattorah.com/limoud/jour-034.html,fr,limoud,jour-034,,,limoud/jour-034.html,Jour 34 — Siman 266 (séif 6-10 / 10) (2/2) · Daat Yomi | Daat Torah,200 (fichier présent),oui,oui,
https://daattorah.com/limoud/jour-035-en.html,en,limoud,jour-035,,,limoud/jour-035-en.html,Day 35 — Siman 267 · Daat Yomi | Daat Torah,200 (fichier présent),oui,oui,
https://daattorah.com/limoud/jour-035-he.html,he,limoud,jour-035,,,limoud/jour-035-he.html,יום 35 — סימן 267 · דעת יומי | Daat Torah,200 (fichier présent),oui,oui,
https://daattorah.com/limoud/jour-035.html,fr,limoud,jour-035,,,limoud/jour-035.html,Jour 35 — Siman 267 · Daat Yomi | Daat Torah,200 (fichier présent),oui,oui,
https://daattorah.com/limoud/jour-036-en.html,en,limoud,jour-036,,,limoud/jour-036-en.html,Day 36 — Siman 268 (seif 1-5 / 10) (1/2) · Daat Yomi | Daat Torah,200 (fichier présent),oui,oui,
https://daattorah.com/limoud/jour-036-he.html,he,limoud,jour-036,,,limoud/jour-036-he.html,יום 36 — סימן 268 (סעיף 1-5 / 10) (1/2) · דעת יומי | Daat Torah,200 (fichier présent),oui,oui,
https://daattorah.com/limoud/jour-036.html,fr,limoud,jour-036,,,limoud/jour-036.html,Jour 36 — Siman 268 (séif 1-5 / 10) (1/2) · Daat Yomi | Daat Torah,200 (fichier présent),oui,oui,
https://daattorah.com/limoud/jour-037-en.html,en,limoud,jour-037,,,limoud/jour-037-en.html,Day 37 — Siman 268 (seif 6-10 / 10) (2/2) · Daat Yomi | Daat Torah,200 (fichier présent),oui,oui,
https://daattorah.com/limoud/jour-037-he.html,he,limoud,jour-037,,,limoud/jour-037-he.html,יום 37 — סימן 268 (סעיף 6-10 / 10) (2/2) · דעת יומי | Daat Torah,200 (fichier présent),oui,oui,
https://daattorah.com/limoud/jour-037.html,fr,limoud,jour-037,,,limoud/jour-037.html,Jour 37 — Siman 268 (séif 6-10 / 10) (2/2) · Daat Yomi | Daat Torah,200 (fichier présent),oui,oui,
https://daattorah.com/limoud/jour-038-en.html,en,limoud,jour-038,,,limoud/jour-038-en.html,Day 38 — Siman 269 · Daat Yomi | Daat Torah,200 (fichier présent),oui,oui,
https://daattorah.com/limoud/jour-038-he.html,he,limoud,jour-038,,,limoud/jour-038-he.html,יום 38 — סימן 269 · דעת יומי | Daat Torah,200 (fichier présent),oui,oui,
https://daattorah.com/limoud/jour-038.html,fr,limoud,jour-038,,,limoud/jour-038.html,Jour 38 — Siman 269 · Daat Yomi | Daat Torah,200 (fichier présent),oui,oui,
https://daattorah.com/limoud/jour-039-en.html,en,limoud,jour-039,,,limoud/jour-039-en.html,Day 39 — Siman 270 · Daat Yomi | Daat Torah,200 (fichier présent),oui,oui,
https://daattorah.com/limoud/jour-039-he.html,he,limoud,jour-039,,,limoud/jour-039-he.html,יום 39 — סימן 270 · דעת יומי | Daat Torah,200 (fichier présent),oui,oui,
https://daattorah.com/limoud/jour-039.html,fr,limoud,jour-039,,,limoud/jour-039.html,Jour 39 — Siman 270 · Daat Yomi | Daat Torah,200 (fichier présent),oui,oui,
https://daattorah.com/limoud/jour-040-en.html,en,limoud,jour-040,,,limoud/jour-040-en.html,Day 40 — Siman 271 (seif 1-5 / 10) (1/2) · Daat Yomi | Daat Torah,200 (fichier présent),oui,oui,
https://daattorah.com/limoud/jour-040-he.html,he,limoud,jour-040,,,limoud/jour-040-he.html,יום 40 — סימן 271 (סעיף 1-5 / 10) (1/2) · דעת יומי | Daat Torah,200 (fichier présent),oui,oui,
https://daattorah.com/limoud/jour-040.html,fr,limoud,jour-040,,,limoud/jour-040.html,Jour 40 — Siman 271 (séif 1-5 / 10) (1/2) · Daat Yomi | Daat Torah,200 (fichier présent),oui,oui,
https://daattorah.com/limoud/jour-041-en.html,en,limoud,jour-041,,,limoud/jour-041-en.html,Day 41 — Siman 271 (seif 6-10 / 10) (2/2) · Daat Yomi | Daat Torah,200 (fichier présent),oui,oui,
https://daattorah.com/limoud/jour-041-he.html,he,limoud,jour-041,,,limoud/jour-041-he.html,יום 41 — סימן 271 (סעיף 6-10 / 10) (2/2) · דעת יומי | Daat Torah,200 (fichier présent),oui,oui,
https://daattorah.com/limoud/jour-041.html,fr,limoud,jour-041,,,limoud/jour-041.html,Jour 41 — Siman 271 (séif 6-10 / 10) (2/2) · Daat Yomi | Daat Torah,200 (fichier présent),oui,oui,
https://daattorah.com/limoud/jour-042-en.html,en,limoud,jour-042,,,limoud/jour-042-en.html,Day 42 — Siman 272 (seif 1-5 / 10) (1/2) · Daat Yomi | Daat Torah,200 (fichier présent),oui,oui,
https://daattorah.com/limoud/jour-042-he.html,he,limoud,jour-042,,,limoud/jour-042-he.html,יום 42 — סימן 272 (סעיף 1-5 / 10) (1/2) · דעת יומי | Daat Torah,200 (fichier présent),oui,oui,
https://daattorah.com/limoud/jour-042.html,fr,limoud,jour-042,,,limoud/jour-042.html,Jour 42 — Siman 272 (séif 1-5 / 10) (1/2) · Daat Yomi | Daat Torah,200 (fichier présent),oui,oui,
https://daattorah.com/limoud/jour-043-en.html,en,limoud,jour-043,,,limoud/jour-043-en.html,Day 43 — Siman 272 (seif 6-10 / 10) (2/2) · Daat Yomi | Daat Torah,200 (fichier présent),oui,oui,
https://daattorah.com/limoud/jour-043-he.html,he,limoud,jour-043,,,limoud/jour-043-he.html,יום 43 — סימן 272 (סעיף 6-10 / 10) (2/2) · דעת יומי | Daat Torah,200 (fichier présent),oui,oui,
https://daattorah.com/limoud/jour-043.html,fr,limoud,jour-043,,,limoud/jour-043.html,Jour 43 — Siman 272 (séif 6-10 / 10) (2/2) · Daat Yomi | Daat Torah,200 (fichier présent),oui,oui,
https://daattorah.com/limoud/jour-044-en.html,en,limoud,jour-044,,,limoud/jour-044-en.html,Day 44 — Siman 273 (seif 1-5 / 7) (1/2) · Daat Yomi | Daat Torah,200 (fichier présent),oui,oui,
https://daattorah.com/limoud/jour-044-he.html,he,limoud,jour-044,,,limoud/jour-044-he.html,יום 44 — סימן 273 (סעיף 1-5 / 7) (1/2) · דעת יומי | Daat Torah,200 (fichier présent),oui,oui,
https://daattorah.com/limoud/jour-044.html,fr,limoud,jour-044,,,limoud/jour-044.html,Jour 44 — Siman 273 (séif 1-5 / 7) (1/2) · Daat Yomi | Daat Torah,200 (fichier présent),oui,oui,
https://daattorah.com/limoud/jour-045-en.html,en,limoud,jour-045,,,limoud/jour-045-en.html,Day 45 — Siman 273 (seif 6-7 / 7) (2/2) · Daat Yomi | Daat Torah,200 (fichier présent),oui,oui,
https://daattorah.com/limoud/jour-045-he.html,he,limoud,jour-045,,,limoud/jour-045-he.html,יום 45 — סימן 273 (סעיף 6-7 / 7) (2/2) · דעת יומי | Daat Torah,200 (fichier présent),oui,oui,
https://daattorah.com/limoud/jour-045.html,fr,limoud,jour-045,,,limoud/jour-045.html,Jour 45 — Siman 273 (séif 6-7 / 7) (2/2) · Daat Yomi | Daat Torah,200 (fichier présent),oui,oui,
https://daattorah.com/limoud/jour-046-en.html,en,limoud,jour-046,,,limoud/jour-046-en.html,Day 46 — Siman 274 · Daat Yomi | Daat Torah,200 (fichier présent),oui,oui,
https://daattorah.com/limoud/jour-046-he.html,he,limoud,jour-046,,,limoud/jour-046-he.html,יום 46 — סימן 274 · דעת יומי | Daat Torah,200 (fichier présent),oui,oui,
https://daattorah.com/limoud/jour-046.html,fr,limoud,jour-046,,,limoud/jour-046.html,Jour 46 — Siman 274 · Daat Yomi | Daat Torah,200 (fichier présent),oui,oui,
https://daattorah.com/limoud/jour-047-en.html,en,limoud,jour-047,,,limoud/jour-047-en.html,Day 47 — Siman 275 (seif 1-5 / 10) (1/2) · Daat Yomi | Daat Torah,200 (fichier présent),oui,oui,
https://daattorah.com/limoud/jour-047-he.html,he,limoud,jour-047,,,limoud/jour-047-he.html,יום 47 — סימן 275 (סעיף 1-5 / 10) (1/2) · דעת יומי | Daat Torah,200 (fichier présent),oui,oui,
https://daattorah.com/limoud/jour-047.html,fr,limoud,jour-047,,,limoud/jour-047.html,Jour 47 — Siman 275 (séif 1-5 / 10) (1/2) · Daat Yomi | Daat Torah,200 (fichier présent),oui,oui,
https://daattorah.com/limoud/jour-048-en.html,en,limoud,jour-048,,,limoud/jour-048-en.html,Day 48 — Siman 275 (seif 6-10 / 10) (2/2) · Daat Yomi | Daat Torah,200 (fichier présent),oui,oui,
https://daattorah.com/limoud/jour-048-he.html,he,limoud,jour-048,,,limoud/jour-048-he.html,יום 48 — סימן 275 (סעיף 6-10 / 10) (2/2) · דעת יומי | Daat Torah,200 (fichier présent),oui,oui,
https://daattorah.com/limoud/jour-048.html,fr,limoud,jour-048,,,limoud/jour-048.html,Jour 48 — Siman 275 (séif 6-10 / 10) (2/2) · Daat Yomi | Daat Torah,200 (fichier présent),oui,oui,
https://daattorah.com/limoud/jour-049-en.html,en,limoud,jour-049,,,limoud/jour-049-en.html,Day 49 — Siman 276 · Daat Yomi | Daat Torah,200 (fichier présent),oui,oui,
https://daattorah.com/limoud/jour-049-he.html,he,limoud,jour-049,,,limoud/jour-049-he.html,יום 49 — סימן 276 · דעת יומי | Daat Torah,200 (fichier présent),oui,oui,
https://daattorah.com/limoud/jour-049.html,fr,limoud,jour-049,,,limoud/jour-049.html,Jour 49 — Siman 276 · Daat Yomi | Daat Torah,200 (fichier présent),oui,oui,
https://daattorah.com/limoud/jour-050-en.html,en,limoud,jour-050,,,limoud/jour-050-en.html,Day 50 — Siman 277 · Daat Yomi | Daat Torah,200 (fichier présent),oui,oui,
https://daattorah.com/limoud/jour-050-he.html,he,limoud,jour-050,,,limoud/jour-050-he.html,יום 50 — סימן 277 · דעת יומי | Daat Torah,200 (fichier présent),oui,oui,
https://daattorah.com/limoud/jour-050.html,fr,limoud,jour-050,,,limoud/jour-050.html,Jour 50 — Siman 277 · Daat Yomi | Daat Torah,200 (fichier présent),oui,oui,
https://daattorah.com/limoud/jour-051-en.html,en,limoud,jour-051,,,limoud/jour-051-en.html,Day 51 — Siman 278 · Daat Yomi | Daat Torah,200 (fichier présent),oui,oui,
https://daattorah.com/limoud/jour-051-he.html,he,limoud,jour-051,,,limoud/jour-051-he.html,יום 51 — סימן 278 · דעת יומי | Daat Torah,200 (fichier présent),oui,oui,
https://daattorah.com/limoud/jour-051.html,fr,limoud,jour-051,,,limoud/jour-051.html,Jour 51 — Siman 278 · Daat Yomi | Daat Torah,200 (fichier présent),oui,oui,
https://daattorah.com/limoud/jour-052-en.html,en,limoud,jour-052,,,limoud/jour-052-en.html,Day 52 — Siman 279 (seif 1-5 / 7) (1/2) · Daat Yomi | Daat Torah,200 (fichier présent),oui,oui,
https://daattorah.com/limoud/jour-052-he.html,he,limoud,jour-052,,,limoud/jour-052-he.html,יום 52 — סימן 279 (סעיף 1-5 / 7) (1/2) · דעת יומי | Daat Torah,200 (fichier présent),oui,oui,
https://daattorah.com/limoud/jour-052.html,fr,limoud,jour-052,,,limoud/jour-052.html,Jour 52 — Siman 279 (séif 1-5 / 7) (1/2) · Daat Yomi | Daat Torah,200 (fichier présent),oui,oui,
https://daattorah.com/limoud/jour-053-en.html,en,limoud,jour-053,,,limoud/jour-053-en.html,Day 53 — Siman 279 (seif 6-7 / 7) (2/2) · Daat Yomi | Daat Torah,200 (fichier présent),oui,oui,
https://daattorah.com/limoud/jour-053-he.html,he,limoud,jour-053,,,limoud/jour-053-he.html,יום 53 — סימן 279 (סעיף 6-7 / 7) (2/2) · דעת יומי | Daat Torah,200 (fichier présent),oui,oui,
https://daattorah.com/limoud/jour-053.html,fr,limoud,jour-053,,,limoud/jour-053.html,Jour 53 — Siman 279 (séif 6-7 / 7) (2/2) · Daat Yomi | Daat Torah,200 (fichier présent),oui,oui,
https://daattorah.com/limoud/jour-054-en.html,en,limoud,jour-054,,,limoud/jour-054-en.html,Day 54 — Siman 280 · Daat Yomi | Daat Torah,200 (fichier présent),oui,oui,
https://daattorah.com/limoud/jour-054-he.html,he,limoud,jour-054,,,limoud/jour-054-he.html,יום 54 — סימן 280 · דעת יומי | Daat Torah,200 (fichier présent),oui,oui,
https://daattorah.com/limoud/jour-054.html,fr,limoud,jour-054,,,limoud/jour-054.html,Jour 54 — Siman 280 · Daat Yomi | Daat Torah,200 (fichier présent),oui,oui,
https://daattorah.com/limoud/jour-055-en.html,en,limoud,jour-055,,,limoud/jour-055-en.html,Day 55 — Siman 281 · Daat Yomi | Daat Torah,200 (fichier présent),oui,oui,
https://daattorah.com/limoud/jour-055-he.html,he,limoud,jour-055,,,limoud/jour-055-he.html,יום 55 — סימן 281 · דעת יומי | Daat Torah,200 (fichier présent),oui,oui,
https://daattorah.com/limoud/jour-055.html,fr,limoud,jour-055,,,limoud/jour-055.html,Jour 55 — Siman 281 · Daat Yomi | Daat Torah,200 (fichier présent),oui,oui,
https://daattorah.com/limoud/jour-056-en.html,en,limoud,jour-056,,,limoud/jour-056-en.html,Day 56 — Siman 282 (seif 1-5 / 7) (1/2) · Daat Yomi | Daat Torah,200 (fichier présent),oui,oui,
https://daattorah.com/limoud/jour-056-he.html,he,limoud,jour-056,,,limoud/jour-056-he.html,יום 56 — סימן 282 (סעיף 1-5 / 7) (1/2) · דעת יומי | Daat Torah,200 (fichier présent),oui,oui,
https://daattorah.com/limoud/jour-056.html,fr,limoud,jour-056,,,limoud/jour-056.html,Jour 56 — Siman 282 (séif 1-5 / 7) (1/2) · Daat Yomi | Daat Torah,200 (fichier présent),oui,oui,
https://daattorah.com/limoud/jour-057-en.html,en,limoud,jour-057,,,limoud/jour-057-en.html,Day 57 — Siman 282 (seif 6-7 / 7) (2/2) · Daat Yomi | Daat Torah,200 (fichier présent),oui,oui,
https://daattorah.com/limoud/jour-057-he.html,he,limoud,jour-057,,,limoud/jour-057-he.html,יום 57 — סימן 282 (סעיף 6-7 / 7) (2/2) · דעת יומי | Daat Torah,200 (fichier présent),oui,oui,
https://daattorah.com/limoud/jour-057.html,fr,limoud,jour-057,,,limoud/jour-057.html,Jour 57 — Siman 282 (séif 6-7 / 7) (2/2) · Daat Yomi | Daat Torah,200 (fichier présent),oui,oui,
https://daattorah.com/limoud/jour-058-en.html,en,limoud,jour-058,,,limoud/jour-058-en.html,Day 58 — Siman 283 · Daat Yomi | Daat Torah,200 (fichier présent),oui,oui,
https://daattorah.com/limoud/jour-058-he.html,he,limoud,jour-058,,,limoud/jour-058-he.html,יום 58 — סימן 283 · דעת יומי | Daat Torah,200 (fichier présent),oui,oui,
https://daattorah.com/limoud/jour-058.html,fr,limoud,jour-058,,,limoud/jour-058.html,Jour 58 — Siman 283 · Daat Yomi | Daat Torah,200 (fichier présent),oui,oui,
https://daattorah.com/limoud/jour-059-en.html,en,limoud,jour-059,,,limoud/jour-059-en.html,Day 59 — Siman 284 (seif 1-5 / 7) (1/2) · Daat Yomi | Daat Torah,200 (fichier présent),oui,oui,
https://daattorah.com/limoud/jour-059-he.html,he,limoud,jour-059,,,limoud/jour-059-he.html,יום 59 — סימן 284 (סעיף 1-5 / 7) (1/2) · דעת יומי | Daat Torah,200 (fichier présent),oui,oui,
https://daattorah.com/limoud/jour-059.html,fr,limoud,jour-059,,,limoud/jour-059.html,Jour 59 — Siman 284 (séif 1-5 / 7) (1/2) · Daat Yomi | Daat Torah,200 (fichier présent),oui,oui,
https://daattorah.com/limoud/jour-060-en.html,en,limoud,jour-060,,,limoud/jour-060-en.html,Day 60 — Siman 284 (seif 6-7 / 7) (2/2) · Daat Yomi | Daat Torah,200 (fichier présent),oui,oui,
https://daattorah.com/limoud/jour-060-he.html,he,limoud,jour-060,,,limoud/jour-060-he.html,יום 60 — סימן 284 (סעיף 6-7 / 7) (2/2) · דעת יומי | Daat Torah,200 (fichier présent),oui,oui,
https://daattorah.com/limoud/jour-060.html,fr,limoud,jour-060,,,limoud/jour-060.html,Jour 60 — Siman 284 (séif 6-7 / 7) (2/2) · Daat Yomi | Daat Torah,200 (fichier présent),oui,oui,
https://daattorah.com/limoud/jour-061-en.html,en,limoud,jour-061,,,limoud/jour-061-en.html,Day 61 — Siman 285 (seif 1-5 / 7) (1/2) · Daat Yomi | Daat Torah,200 (fichier présent),oui,oui,
https://daattorah.com/limoud/jour-061-he.html,he,limoud,jour-061,,,limoud/jour-061-he.html,יום 61 — סימן 285 (סעיף 1-5 / 7) (1/2) · דעת יומי | Daat Torah,200 (fichier présent),oui,oui,
https://daattorah.com/limoud/jour-061.html,fr,limoud,jour-061,,,limoud/jour-061.html,Jour 61 — Siman 285 (séif 1-5 / 7) (1/2) · Daat Yomi | Daat Torah,200 (fichier présent),oui,oui,
https://daattorah.com/limoud/jour-062-en.html,en,limoud,jour-062,,,limoud/jour-062-en.html,Day 62 — Siman 285 (seif 6-7 / 7) (2/2) · Daat Yomi | Daat Torah,200 (fichier présent),oui,oui,
https://daattorah.com/limoud/jour-062-he.html,he,limoud,jour-062,,,limoud/jour-062-he.html,יום 62 — סימן 285 (סעיף 6-7 / 7) (2/2) · דעת יומי | Daat Torah,200 (fichier présent),oui,oui,
https://daattorah.com/limoud/jour-062.html,fr,limoud,jour-062,,,limoud/jour-062.html,Jour 62 — Siman 285 (séif 6-7 / 7) (2/2) · Daat Yomi | Daat Torah,200 (fichier présent),oui,oui,
https://daattorah.com/limoud/jour-063-en.html,en,limoud,jour-063,,,limoud/jour-063-en.html,Day 63 — Siman 286 · Daat Yomi | Daat Torah,200 (fichier présent),oui,oui,
https://daattorah.com/limoud/jour-063-he.html,he,limoud,jour-063,,,limoud/jour-063-he.html,יום 63 — סימן 286 · דעת יומי | Daat Torah,200 (fichier présent),oui,oui,
https://daattorah.com/limoud/jour-063.html,fr,limoud,jour-063,,,limoud/jour-063.html,Jour 63 — Siman 286 · Daat Yomi | Daat Torah,200 (fichier présent),oui,oui,
https://daattorah.com/limoud/jour-064-en.html,en,limoud,jour-064,,,limoud/jour-064-en.html,Day 64 — Siman 287 · Daat Yomi | Daat Torah,200 (fichier présent),oui,oui,
https://daattorah.com/limoud/jour-064-he.html,he,limoud,jour-064,,,limoud/jour-064-he.html,יום 64 — סימן 287 · דעת יומי | Daat Torah,200 (fichier présent),oui,oui,
https://daattorah.com/limoud/jour-064.html,fr,limoud,jour-064,,,limoud/jour-064.html,Jour 64 — Siman 287 · Daat Yomi | Daat Torah,200 (fichier présent),oui,oui,
https://daattorah.com/limoud/jour-065-en.html,en,limoud,jour-065,,,limoud/jour-065-en.html,Day 65 — Siman 288 (seif 1-5 / 10) (1/2) · Daat Yomi | Daat Torah,200 (fichier présent),oui,oui,
https://daattorah.com/limoud/jour-065-he.html,he,limoud,jour-065,,,limoud/jour-065-he.html,יום 65 — סימן 288 (סעיף 1-5 / 10) (1/2) · דעת יומי | Daat Torah,200 (fichier présent),oui,oui,
https://daattorah.com/limoud/jour-065.html,fr,limoud,jour-065,,,limoud/jour-065.html,Jour 65 — Siman 288 (séif 1-5 / 10) (1/2) · Daat Yomi | Daat Torah,200 (fichier présent),oui,oui,
https://daattorah.com/limoud/jour-066-en.html,en,limoud,jour-066,,,limoud/jour-066-en.html,Day 66 — Siman 288 (seif 6-10 / 10) (2/2) · Daat Yomi | Daat Torah,200 (fichier présent),oui,oui,
https://daattorah.com/limoud/jour-066-he.html,he,limoud,jour-066,,,limoud/jour-066-he.html,יום 66 — סימן 288 (סעיף 6-10 / 10) (2/2) · דעת יומי | Daat Torah,200 (fichier présent),oui,oui,
https://daattorah.com/limoud/jour-066.html,fr,limoud,jour-066,,,limoud/jour-066.html,Jour 66 — Siman 288 (séif 6-10 / 10) (2/2) · Daat Yomi | Daat Torah,200 (fichier présent),oui,oui,
https://daattorah.com/limoud/jour-067-en.html,en,limoud,jour-067,,,limoud/jour-067-en.html,Day 67 — Siman 289 · Daat Yomi | Daat Torah,200 (fichier présent),oui,oui,
https://daattorah.com/limoud/jour-067-he.html,he,limoud,jour-067,,,limoud/jour-067-he.html,יום 67 — סימן 289 · דעת יומי | Daat Torah,200 (fichier présent),oui,oui,
https://daattorah.com/limoud/jour-067.html,fr,limoud,jour-067,,,limoud/jour-067.html,Jour 67 — Siman 289 · Daat Yomi | Daat Torah,200 (fichier présent),oui,oui,
https://daattorah.com/limoud/jour-068-en.html,en,limoud,jour-068,,,limoud/jour-068-en.html,Day 68 — Siman 290 · Daat Yomi | Daat Torah,200 (fichier présent),oui,oui,
https://daattorah.com/limoud/jour-068-he.html,he,limoud,jour-068,,,limoud/jour-068-he.html,יום 68 — סימן 290 · דעת יומי | Daat Torah,200 (fichier présent),oui,oui,
https://daattorah.com/limoud/jour-068.html,fr,limoud,jour-068,,,limoud/jour-068.html,Jour 68 — Siman 290 · Daat Yomi | Daat Torah,200 (fichier présent),oui,oui,
https://daattorah.com/limoud/jour-069-en.html,en,limoud,jour-069,,,limoud/jour-069-en.html,Day 69 — Siman 291 (seif 1-5 / 6) (1/2) · Daat Yomi | Daat Torah,200 (fichier présent),oui,oui,
https://daattorah.com/limoud/jour-069-he.html,he,limoud,jour-069,,,limoud/jour-069-he.html,יום 69 — סימן 291 (סעיף 1-5 / 6) (1/2) · דעת יומי | Daat Torah,200 (fichier présent),oui,oui,
https://daattorah.com/limoud/jour-069.html,fr,limoud,jour-069,,,limoud/jour-069.html,Jour 69 — Siman 291 (séif 1-5 / 6) (1/2) · Daat Yomi | Daat Torah,200 (fichier présent),oui,oui,
https://daattorah.com/limoud/jour-070-en.html,en,limoud,jour-070,,,limoud/jour-070-en.html,Day 70 — Siman 291 (seif 6 / 6) (2/2) · Daat Yomi | Daat Torah,200 (fichier présent),oui,oui,
https://daattorah.com/limoud/jour-070-he.html,he,limoud,jour-070,,,limoud/jour-070-he.html,יום 70 — סימן 291 (סעיף 6 / 6) (2/2) · דעת יומי | Daat Torah,200 (fichier présent),oui,oui,
https://daattorah.com/limoud/jour-070.html,fr,limoud,jour-070,,,limoud/jour-070.html,Jour 70 — Siman 291 (séif 6 / 6) (2/2) · Daat Yomi | Daat Torah,200 (fichier présent),oui,oui,
https://daattorah.com/limoud/jour-071-en.html,en,limoud,jour-071,,,limoud/jour-071-en.html,Day 71 — Siman 292 · Daat Yomi | Daat Torah,200 (fichier présent),oui,oui,
https://daattorah.com/limoud/jour-071-he.html,he,limoud,jour-071,,,limoud/jour-071-he.html,יום 71 — סימן 292 · דעת יומי | Daat Torah,200 (fichier présent),oui,oui,
https://daattorah.com/limoud/jour-071.html,fr,limoud,jour-071,,,limoud/jour-071.html,Jour 71 — Siman 292 · Daat Yomi | Daat Torah,200 (fichier présent),oui,oui,
https://daattorah.com/limoud/jour-072-en.html,en,limoud,jour-072,,,limoud/jour-072-en.html,Day 72 — Siman 293 · Daat Yomi | Daat Torah,200 (fichier présent),oui,oui,
https://daattorah.com/limoud/jour-072-he.html,he,limoud,jour-072,,,limoud/jour-072-he.html,יום 72 — סימן 293 · דעת יומי | Daat Torah,200 (fichier présent),oui,oui,
https://daattorah.com/limoud/jour-072.html,fr,limoud,jour-072,,,limoud/jour-072.html,Jour 72 — Siman 293 · Daat Yomi | Daat Torah,200 (fichier présent),oui,oui,
https://daattorah.com/limoud/jour-073-en.html,en,limoud,jour-073,,,limoud/jour-073-en.html,Day 73 — Siman 294 · Daat Yomi | Daat Torah,200 (fichier présent),oui,oui,
https://daattorah.com/limoud/jour-073-he.html,he,limoud,jour-073,,,limoud/jour-073-he.html,יום 73 — סימן 294 · דעת יומי | Daat Torah,200 (fichier présent),oui,oui,
https://daattorah.com/limoud/jour-073.html,fr,limoud,jour-073,,,limoud/jour-073.html,Jour 73 — Siman 294 · Daat Yomi | Daat Torah,200 (fichier présent),oui,oui,
https://daattorah.com/limoud/jour-074-en.html,en,limoud,jour-074,,,limoud/jour-074-en.html,Day 74 — Siman 295 · Daat Yomi | Daat Torah,200 (fichier présent),oui,oui,
https://daattorah.com/limoud/jour-074-he.html,he,limoud,jour-074,,,limoud/jour-074-he.html,יום 74 — סימן 295 · דעת יומי | Daat Torah,200 (fichier présent),oui,oui,
https://daattorah.com/limoud/jour-074.html,fr,limoud,jour-074,,,limoud/jour-074.html,Jour 74 — Siman 295 · Daat Yomi | Daat Torah,200 (fichier présent),oui,oui,
https://daattorah.com/limoud/jour-075-en.html,en,limoud,jour-075,,,limoud/jour-075-en.html,Day 75 — Siman 296 (seif 1-5 / 8) (1/2) · Daat Yomi | Daat Torah,200 (fichier présent),oui,oui,
https://daattorah.com/limoud/jour-075-he.html,he,limoud,jour-075,,,limoud/jour-075-he.html,יום 75 — סימן 296 (סעיף 1-5 / 8) (1/2) · דעת יומי | Daat Torah,200 (fichier présent),oui,oui,
https://daattorah.com/limoud/jour-075.html,fr,limoud,jour-075,,,limoud/jour-075.html,Jour 75 — Siman 296 (séif 1-5 / 8) (1/2) · Daat Yomi | Daat Torah,200 (fichier présent),oui,oui,
https://daattorah.com/limoud/jour-076-en.html,en,limoud,jour-076,,,limoud/jour-076-en.html,Day 76 — Siman 296 (seif 6-8 / 8) (2/2) · Daat Yomi | Daat Torah,200 (fichier présent),oui,oui,
https://daattorah.com/limoud/jour-076-he.html,he,limoud,jour-076,,,limoud/jour-076-he.html,יום 76 — סימן 296 (סעיף 6-8 / 8) (2/2) · דעת יומי | Daat Torah,200 (fichier présent),oui,oui,
https://daattorah.com/limoud/jour-076.html,fr,limoud,jour-076,,,limoud/jour-076.html,Jour 76 — Siman 296 (séif 6-8 / 8) (2/2) · Daat Yomi | Daat Torah,200 (fichier présent),oui,oui,
https://daattorah.com/limoud/jour-077-en.html,en,limoud,jour-077,,,limoud/jour-077-en.html,Day 77 — Siman 297 · Daat Yomi | Daat Torah,200 (fichier présent),oui,oui,
https://daattorah.com/limoud/jour-077-he.html,he,limoud,jour-077,,,limoud/jour-077-he.html,יום 77 — סימן 297 · דעת יומי | Daat Torah,200 (fichier présent),oui,oui,
https://daattorah.com/limoud/jour-077.html,fr,limoud,jour-077,,,limoud/jour-077.html,Jour 77 — Siman 297 · Daat Yomi | Daat Torah,200 (fichier présent),oui,oui,
https://daattorah.com/limoud/jour-078-en.html,en,limoud,jour-078,,,limoud/jour-078-en.html,Day 78 — Siman 298 (seif 1-5 / 10) (1/2) · Daat Yomi | Daat Torah,200 (fichier présent),oui,oui,
https://daattorah.com/limoud/jour-078-he.html,he,limoud,jour-078,,,limoud/jour-078-he.html,יום 78 — סימן 298 (סעיף 1-5 / 10) (1/2) · דעת יומי | Daat Torah,200 (fichier présent),oui,oui,
https://daattorah.com/limoud/jour-078.html,fr,limoud,jour-078,,,limoud/jour-078.html,Jour 78 — Siman 298 (séif 1-5 / 10) (1/2) · Daat Yomi | Daat Torah,200 (fichier présent),oui,oui,
https://daattorah.com/limoud/jour-079-en.html,en,limoud,jour-079,,,limoud/jour-079-en.html,Day 79 — Siman 298 (seif 6-10 / 10) (2/2) · Daat Yomi | Daat Torah,200 (fichier présent),oui,oui,
https://daattorah.com/limoud/jour-079-he.html,he,limoud,jour-079,,,limoud/jour-079-he.html,יום 79 — סימן 298 (סעיף 6-10 / 10) (2/2) · דעת יומי | Daat Torah,200 (fichier présent),oui,oui,
https://daattorah.com/limoud/jour-079.html,fr,limoud,jour-079,,,limoud/jour-079.html,Jour 79 — Siman 298 (séif 6-10 / 10) (2/2) · Daat Yomi | Daat Torah,200 (fichier présent),oui,oui,
https://daattorah.com/limoud/jour-080-en.html,en,limoud,jour-080,,,limoud/jour-080-en.html,Day 80 — Siman 299 (seif 1-5 / 10) (1/2) · Daat Yomi | Daat Torah,200 (fichier présent),oui,oui,
https://daattorah.com/limoud/jour-080-he.html,he,limoud,jour-080,,,limoud/jour-080-he.html,יום 80 — סימן 299 (סעיף 1-5 / 10) (1/2) · דעת יומי | Daat Torah,200 (fichier présent),oui,oui,
https://daattorah.com/limoud/jour-080.html,fr,limoud,jour-080,,,limoud/jour-080.html,Jour 80 — Siman 299 (séif 1-5 / 10) (1/2) · Daat Yomi | Daat Torah,200 (fichier présent),oui,oui,
https://daattorah.com/limoud/jour-081-en.html,en,limoud,jour-081,,,limoud/jour-081-en.html,Day 81 — Siman 299 (seif 6-10 / 10) (2/2) · Daat Yomi | Daat Torah,200 (fichier présent),oui,oui,
https://daattorah.com/limoud/jour-081-he.html,he,limoud,jour-081,,,limoud/jour-081-he.html,יום 81 — סימן 299 (סעיף 6-10 / 10) (2/2) · דעת יומי | Daat Torah,200 (fichier présent),oui,oui,
https://daattorah.com/limoud/jour-081.html,fr,limoud,jour-081,,,limoud/jour-081.html,Jour 81 — Siman 299 (séif 6-10 / 10) (2/2) · Daat Yomi | Daat Torah,200 (fichier présent),oui,oui,
https://daattorah.com/limoud/jour-082-en.html,en,limoud,jour-082,,,limoud/jour-082-en.html,Day 82 — Siman 300 · Daat Yomi | Daat Torah,200 (fichier présent),oui,oui,
https://daattorah.com/limoud/jour-082-he.html,he,limoud,jour-082,,,limoud/jour-082-he.html,יום 82 — סימן 300 · דעת יומי | Daat Torah,200 (fichier présent),oui,oui,
https://daattorah.com/limoud/jour-082.html,fr,limoud,jour-082,,,limoud/jour-082.html,Jour 82 — Siman 300 · Daat Yomi | Daat Torah,200 (fichier présent),oui,oui,
https://daattorah.com/limoud/jour-083-en.html,en,limoud,jour-083,,,limoud/jour-083-en.html,Day 83 — Siman 301 (seif 1-5 / 14) (1/3) · Daat Yomi | Daat Torah,200 (fichier présent),oui,oui,
https://daattorah.com/limoud/jour-083-he.html,he,limoud,jour-083,,,limoud/jour-083-he.html,יום 83 — סימן 301 (סעיף 1-5 / 14) (1/3) · דעת יומי | Daat Torah,200 (fichier présent),oui,oui,
https://daattorah.com/limoud/jour-083.html,fr,limoud,jour-083,,,limoud/jour-083.html,Jour 83 — Siman 301 (séif 1-5 / 14) (1/3) · Daat Yomi | Daat Torah,200 (fichier présent),oui,oui,
https://daattorah.com/limoud/jour-084-en.html,en,limoud,jour-084,,,limoud/jour-084-en.html,Day 84 — Siman 301 (seif 6-10 / 14) (2/3) · Daat Yomi | Daat Torah,200 (fichier présent),oui,oui,
https://daattorah.com/limoud/jour-084-he.html,he,limoud,jour-084,,,limoud/jour-084-he.html,יום 84 — סימן 301 (סעיף 6-10 / 14) (2/3) · דעת יומי | Daat Torah,200 (fichier présent),oui,oui,
https://daattorah.com/limoud/jour-084.html,fr,limoud,jour-084,,,limoud/jour-084.html,Jour 84 — Siman 301 (séif 6-10 / 14) (2/3) · Daat Yomi | Daat Torah,200 (fichier présent),oui,oui,
https://daattorah.com/limoud/jour-085-en.html,en,limoud,jour-085,,,limoud/jour-085-en.html,Day 85 — Siman 301 (seif 11-14 / 14) (3/3) · Daat Yomi | Daat Torah,200 (fichier présent),oui,oui,
https://daattorah.com/limoud/jour-085-he.html,he,limoud,jour-085,,,limoud/jour-085-he.html,יום 85 — סימן 301 (סעיף 11-14 / 14) (3/3) · דעת יומי | Daat Torah,200 (fichier présent),oui,oui,
https://daattorah.com/limoud/jour-085.html,fr,limoud,jour-085,,,limoud/jour-085.html,Jour 85 — Siman 301 (séif 11-14 / 14) (3/3) · Daat Yomi | Daat Torah,200 (fichier présent),oui,oui,
https://daattorah.com/limoud/jour-086-en.html,en,limoud,jour-086,,,limoud/jour-086-en.html,Day 86 — Siman 302 (seif 1-5 / 10) (1/2) · Daat Yomi | Daat Torah,200 (fichier présent),oui,oui,
https://daattorah.com/limoud/jour-086-he.html,he,limoud,jour-086,,,limoud/jour-086-he.html,יום 86 — סימן 302 (סעיף 1-5 / 10) (1/2) · דעת יומי | Daat Torah,200 (fichier présent),oui,oui,
https://daattorah.com/limoud/jour-086.html,fr,limoud,jour-086,,,limoud/jour-086.html,Jour 86 — Siman 302 (séif 1-5 / 10) (1/2) · Daat Yomi | Daat Torah,200 (fichier présent),oui,oui,
https://daattorah.com/limoud/jour-087-en.html,en,limoud,jour-087,,,limoud/jour-087-en.html,Day 87 — Siman 302 (seif 6-10 / 10) (2/2) · Daat Yomi | Daat Torah,200 (fichier présent),oui,oui,
https://daattorah.com/limoud/jour-087-he.html,he,limoud,jour-087,,,limoud/jour-087-he.html,יום 87 — סימן 302 (סעיף 6-10 / 10) (2/2) · דעת יומי | Daat Torah,200 (fichier présent),oui,oui,
https://daattorah.com/limoud/jour-087.html,fr,limoud,jour-087,,,limoud/jour-087.html,Jour 87 — Siman 302 (séif 6-10 / 10) (2/2) · Daat Yomi | Daat Torah,200 (fichier présent),oui,oui,
https://daattorah.com/limoud/jour-088-en.html,en,limoud,jour-088,,,limoud/jour-088-en.html,Day 88 — Siman 303 (seif 1-5 / 11) (1/3) · Daat Yomi | Daat Torah,200 (fichier présent),oui,oui,
https://daattorah.com/limoud/jour-088-he.html,he,limoud,jour-088,,,limoud/jour-088-he.html,יום 88 — סימן 303 (סעיף 1-5 / 11) (1/3) · דעת יומי | Daat Torah,200 (fichier présent),oui,oui,
https://daattorah.com/limoud/jour-088.html,fr,limoud,jour-088,,,limoud/jour-088.html,Jour 88 — Siman 303 (séif 1-5 / 11) (1/3) · Daat Yomi | Daat Torah,200 (fichier présent),oui,oui,
https://daattorah.com/limoud/jour-089-en.html,en,limoud,jour-089,,,limoud/jour-089-en.html,Day 89 — Siman 303 (seif 6-10 / 11) (2/3) · Daat Yomi | Daat Torah,200 (fichier présent),oui,oui,
https://daattorah.com/limoud/jour-089-he.html,he,limoud,jour-089,,,limoud/jour-089-he.html,יום 89 — סימן 303 (סעיף 6-10 / 11) (2/3) · דעת יומי | Daat Torah,200 (fichier présent),oui,oui,
https://daattorah.com/limoud/jour-089.html,fr,limoud,jour-089,,,limoud/jour-089.html,Jour 89 — Siman 303 (séif 6-10 / 11) (2/3) · Daat Yomi | Daat Torah,200 (fichier présent),oui,oui,
https://daattorah.com/limoud/jour-090-en.html,en,limoud,jour-090,,,limoud/jour-090-en.html,Day 90 — Siman 303 (seif 11 / 11) (3/3) · Daat Yomi | Daat Torah,200 (fichier présent),oui,oui,
https://daattorah.com/limoud/jour-090-he.html,he,limoud,jour-090,,,limoud/jour-090-he.html,יום 90 — סימן 303 (סעיף 11 / 11) (3/3) · דעת יומי | Daat Torah,200 (fichier présent),oui,oui,
https://daattorah.com/limoud/jour-090.html,fr,limoud,jour-090,,,limoud/jour-090.html,Jour 90 — Siman 303 (séif 11 / 11) (3/3) · Daat Yomi | Daat Torah,200 (fichier présent),oui,oui,
https://daattorah.com/limoud/jour-091-en.html,en,limoud,jour-091,,,limoud/jour-091-en.html,Day 91 — Siman 304 · Daat Yomi | Daat Torah,200 (fichier présent),oui,oui,
https://daattorah.com/limoud/jour-091-he.html,he,limoud,jour-091,,,limoud/jour-091-he.html,יום 91 — סימן 304 · דעת יומי | Daat Torah,200 (fichier présent),oui,oui,
https://daattorah.com/limoud/jour-091.html,fr,limoud,jour-091,,,limoud/jour-091.html,Jour 91 — Siman 304 · Daat Yomi | Daat Torah,200 (fichier présent),oui,oui,
https://daattorah.com/limoud/jour-092-en.html,en,limoud,jour-092,,,limoud/jour-092-en.html,Day 92 — Siman 305 (seif 1-5 / 11) (1/3) · Daat Yomi | Daat Torah,200 (fichier présent),oui,oui,
https://daattorah.com/limoud/jour-092-he.html,he,limoud,jour-092,,,limoud/jour-092-he.html,יום 92 — סימן 305 (סעיף 1-5 / 11) (1/3) · דעת יומי | Daat Torah,200 (fichier présent),oui,oui,
https://daattorah.com/limoud/jour-092.html,fr,limoud,jour-092,,,limoud/jour-092.html,Jour 92 — Siman 305 (séif 1-5 / 11) (1/3) · Daat Yomi | Daat Torah,200 (fichier présent),oui,oui,
https://daattorah.com/limoud/jour-093-en.html,en,limoud,jour-093,,,limoud/jour-093-en.html,Day 93 — Siman 305 (seif 6-10 / 11) (2/3) · Daat Yomi | Daat Torah,200 (fichier présent),oui,oui,
https://daattorah.com/limoud/jour-093-he.html,he,limoud,jour-093,,,limoud/jour-093-he.html,יום 93 — סימן 305 (סעיף 6-10 / 11) (2/3) · דעת יומי | Daat Torah,200 (fichier présent),oui,oui,
https://daattorah.com/limoud/jour-093.html,fr,limoud,jour-093,,,limoud/jour-093.html,Jour 93 — Siman 305 (séif 6-10 / 11) (2/3) · Daat Yomi | Daat Torah,200 (fichier présent),oui,oui,
https://daattorah.com/limoud/jour-094-en.html,en,limoud,jour-094,,,limoud/jour-094-en.html,Day 94 — Siman 305 (seif 11 / 11) (3/3) · Daat Yomi | Daat Torah,200 (fichier présent),oui,oui,
https://daattorah.com/limoud/jour-094-he.html,he,limoud,jour-094,,,limoud/jour-094-he.html,יום 94 — סימן 305 (סעיף 11 / 11) (3/3) · דעת יומי | Daat Torah,200 (fichier présent),oui,oui,
https://daattorah.com/limoud/jour-094.html,fr,limoud,jour-094,,,limoud/jour-094.html,Jour 94 — Siman 305 (séif 11 / 11) (3/3) · Daat Yomi | Daat Torah,200 (fichier présent),oui,oui,
https://daattorah.com/limoud/jour-095-en.html,en,limoud,jour-095,,,limoud/jour-095-en.html,Day 95 — Siman 306 (seif 1-5 / 10) (1/2) · Daat Yomi | Daat Torah,200 (fichier présent),oui,oui,
https://daattorah.com/limoud/jour-095-he.html,he,limoud,jour-095,,,limoud/jour-095-he.html,יום 95 — סימן 306 (סעיף 1-5 / 10) (1/2) · דעת יומי | Daat Torah,200 (fichier présent),oui,oui,
https://daattorah.com/limoud/jour-095.html,fr,limoud,jour-095,,,limoud/jour-095.html,Jour 95 — Siman 306 (séif 1-5 / 10) (1/2) · Daat Yomi | Daat Torah,200 (fichier présent),oui,oui,
https://daattorah.com/limoud/jour-096-en.html,en,limoud,jour-096,,,limoud/jour-096-en.html,Day 96 — Siman 306 (seif 6-10 / 10) (2/2) · Daat Yomi | Daat Torah,200 (fichier présent),oui,oui,
https://daattorah.com/limoud/jour-096-he.html,he,limoud,jour-096,,,limoud/jour-096-he.html,יום 96 — סימן 306 (סעיף 6-10 / 10) (2/2) · דעת יומי | Daat Torah,200 (fichier présent),oui,oui,
https://daattorah.com/limoud/jour-096.html,fr,limoud,jour-096,,,limoud/jour-096.html,Jour 96 — Siman 306 (séif 6-10 / 10) (2/2) · Daat Yomi | Daat Torah,200 (fichier présent),oui,oui,
https://daattorah.com/limoud/jour-097-en.html,en,limoud,jour-097,,,limoud/jour-097-en.html,Day 97 — Siman 307 (seif 1-5 / 11) (1/3) · Daat Yomi | Daat Torah,200 (fichier présent),oui,oui,
https://daattorah.com/limoud/jour-097-he.html,he,limoud,jour-097,,,limoud/jour-097-he.html,יום 97 — סימן 307 (סעיף 1-5 / 11) (1/3) · דעת יומי | Daat Torah,200 (fichier présent),oui,oui,
https://daattorah.com/limoud/jour-097.html,fr,limoud,jour-097,,,limoud/jour-097.html,Jour 97 — Siman 307 (séif 1-5 / 11) (1/3) · Daat Yomi | Daat Torah,200 (fichier présent),oui,oui,
https://daattorah.com/limoud/jour-098-en.html,en,limoud,jour-098,,,limoud/jour-098-en.html,Day 98 — Siman 307 (seif 6-10 / 11) (2/3) · Daat Yomi | Daat Torah,200 (fichier présent),oui,oui,
https://daattorah.com/limoud/jour-098-he.html,he,limoud,jour-098,,,limoud/jour-098-he.html,יום 98 — סימן 307 (סעיף 6-10 / 11) (2/3) · דעת יומי | Daat Torah,200 (fichier présent),oui,oui,
https://daattorah.com/limoud/jour-098.html,fr,limoud,jour-098,,,limoud/jour-098.html,Jour 98 — Siman 307 (séif 6-10 / 11) (2/3) · Daat Yomi | Daat Torah,200 (fichier présent),oui,oui,
https://daattorah.com/limoud/jour-099-en.html,en,limoud,jour-099,,,limoud/jour-099-en.html,Day 99 — Siman 307 (seif 11 / 11) (3/3) · Daat Yomi | Daat Torah,200 (fichier présent),oui,oui,
https://daattorah.com/limoud/jour-099-he.html,he,limoud,jour-099,,,limoud/jour-099-he.html,יום 99 — סימן 307 (סעיף 11 / 11) (3/3) · דעת יומי | Daat Torah,200 (fichier présent),oui,oui,
https://daattorah.com/limoud/jour-099.html,fr,limoud,jour-099,,,limoud/jour-099.html,Jour 99 — Siman 307 (séif 11 / 11) (3/3) · Daat Yomi | Daat Torah,200 (fichier présent),oui,oui,
https://daattorah.com/limoud/jour-100-en.html,en,limoud,jour-100,,,limoud/jour-100-en.html,Day 100 — Siman 308 (seif 1-5 / 14) (1/3) · Daat Yomi | Daat Torah,200 (fichier présent),oui,oui,
https://daattorah.com/limoud/jour-100-he.html,he,limoud,jour-100,,,limoud/jour-100-he.html,יום 100 — סימן 308 (סעיף 1-5 / 14) (1/3) · דעת יומי | Daat Torah,200 (fichier présent),oui,oui,
https://daattorah.com/limoud/jour-100.html,fr,limoud,jour-100,,,limoud/jour-100.html,Jour 100 — Siman 308 (séif 1-5 / 14) (1/3) · Daat Yomi | Daat Torah,200 (fichier présent),oui,oui,
https://daattorah.com/limoud/jour-101-en.html,en,limoud,jour-101,,,limoud/jour-101-en.html,Day 101 — Siman 308 (seif 6-10 / 14) (2/3) · Daat Yomi | Daat Torah,200 (fichier présent),oui,oui,
https://daattorah.com/limoud/jour-101-he.html,he,limoud,jour-101,,,limoud/jour-101-he.html,יום 101 — סימן 308 (סעיף 6-10 / 14) (2/3) · דעת יומי | Daat Torah,200 (fichier présent),oui,oui,
https://daattorah.com/limoud/jour-101.html,fr,limoud,jour-101,,,limoud/jour-101.html,Jour 101 — Siman 308 (séif 6-10 / 14) (2/3) · Daat Yomi | Daat Torah,200 (fichier présent),oui,oui,
https://daattorah.com/limoud/jour-102-en.html,en,limoud,jour-102,,,limoud/jour-102-en.html,Day 102 — Siman 308 (seif 11-14 / 14) (3/3) · Daat Yomi | Daat Torah,200 (fichier présent),oui,oui,
https://daattorah.com/limoud/jour-102-he.html,he,limoud,jour-102,,,limoud/jour-102-he.html,יום 102 — סימן 308 (סעיף 11-14 / 14) (3/3) · דעת יומי | Daat Torah,200 (fichier présent),oui,oui,
https://daattorah.com/limoud/jour-102.html,fr,limoud,jour-102,,,limoud/jour-102.html,Jour 102 — Siman 308 (séif 11-14 / 14) (3/3) · Daat Yomi | Daat Torah,200 (fichier présent),oui,oui,
https://daattorah.com/limoud/jour-103-en.html,en,limoud,jour-103,,,limoud/jour-103-en.html,Day 103 — Siman 309 · Daat Yomi | Daat Torah,200 (fichier présent),oui,oui,
https://daattorah.com/limoud/jour-103-he.html,he,limoud,jour-103,,,limoud/jour-103-he.html,יום 103 — סימן 309 · דעת יומי | Daat Torah,200 (fichier présent),oui,oui,
https://daattorah.com/limoud/jour-103.html,fr,limoud,jour-103,,,limoud/jour-103.html,Jour 103 — Siman 309 · Daat Yomi | Daat Torah,200 (fichier présent),oui,oui,
https://daattorah.com/limoud/jour-104-en.html,en,limoud,jour-104,,,limoud/jour-104-en.html,Day 104 — Siman 310 (seif 1-5 / 9) (1/2) · Daat Yomi | Daat Torah,200 (fichier présent),oui,oui,
https://daattorah.com/limoud/jour-104-he.html,he,limoud,jour-104,,,limoud/jour-104-he.html,יום 104 — סימן 310 (סעיף 1-5 / 9) (1/2) · דעת יומי | Daat Torah,200 (fichier présent),oui,oui,
https://daattorah.com/limoud/jour-104.html,fr,limoud,jour-104,,,limoud/jour-104.html,Jour 104 — Siman 310 (séif 1-5 / 9) (1/2) · Daat Yomi | Daat Torah,200 (fichier présent),oui,oui,
https://daattorah.com/limoud/jour-105-en.html,en,limoud,jour-105,,,limoud/jour-105-en.html,Day 105 — Siman 310 (seif 6-9 / 9) (2/2) · Daat Yomi | Daat Torah,200 (fichier présent),oui,oui,
https://daattorah.com/limoud/jour-105-he.html,he,limoud,jour-105,,,limoud/jour-105-he.html,יום 105 — סימן 310 (סעיף 6-9 / 9) (2/2) · דעת יומי | Daat Torah,200 (fichier présent),oui,oui,
https://daattorah.com/limoud/jour-105.html,fr,limoud,jour-105,,,limoud/jour-105.html,Jour 105 — Siman 310 (séif 6-9 / 9) (2/2) · Daat Yomi | Daat Torah,200 (fichier présent),oui,oui,
https://daattorah.com/limoud/jour-106-en.html,en,limoud,jour-106,,,limoud/jour-106-en.html,Day 106 — Siman 311 (seif 1-5 / 9) (1/2) · Daat Yomi | Daat Torah,200 (fichier présent),oui,oui,
https://daattorah.com/limoud/jour-106-he.html,he,limoud,jour-106,,,limoud/jour-106-he.html,יום 106 — סימן 311 (סעיף 1-5 / 9) (1/2) · דעת יומי | Daat Torah,200 (fichier présent),oui,oui,
https://daattorah.com/limoud/jour-106.html,fr,limoud,jour-106,,,limoud/jour-106.html,Jour 106 — Siman 311 (séif 1-5 / 9) (1/2) · Daat Yomi | Daat Torah,200 (fichier présent),oui,oui,
https://daattorah.com/limoud/jour-107-en.html,en,limoud,jour-107,,,limoud/jour-107-en.html,Day 107 — Siman 311 (seif 6-9 / 9) (2/2) · Daat Yomi | Daat Torah,200 (fichier présent),oui,oui,
https://daattorah.com/limoud/jour-107-he.html,he,limoud,jour-107,,,limoud/jour-107-he.html,יום 107 — סימן 311 (סעיף 6-9 / 9) (2/2) · דעת יומי | Daat Torah,200 (fichier présent),oui,oui,
https://daattorah.com/limoud/jour-107.html,fr,limoud,jour-107,,,limoud/jour-107.html,Jour 107 — Siman 311 (séif 6-9 / 9) (2/2) · Daat Yomi | Daat Torah,200 (fichier présent),oui,oui,
https://daattorah.com/limoud/jour-108-en.html,en,limoud,jour-108,,,limoud/jour-108-en.html,Day 108 — Siman 312 (seif 1-5 / 10) (1/2) · Daat Yomi | Daat Torah,200 (fichier présent),oui,oui,
https://daattorah.com/limoud/jour-108-he.html,he,limoud,jour-108,,,limoud/jour-108-he.html,יום 108 — סימן 312 (סעיף 1-5 / 10) (1/2) · דעת יומי | Daat Torah,200 (fichier présent),oui,oui,
https://daattorah.com/limoud/jour-108.html,fr,limoud,jour-108,,,limoud/jour-108.html,Jour 108 — Siman 312 (séif 1-5 / 10) (1/2) · Daat Yomi | Daat Torah,200 (fichier présent),oui,oui,
https://daattorah.com/limoud/jour-109-en.html,en,limoud,jour-109,,,limoud/jour-109-en.html,Day 109 — Siman 312 (seif 6-10 / 10) (2/2) · Daat Yomi | Daat Torah,200 (fichier présent),oui,oui,
https://daattorah.com/limoud/jour-109-he.html,he,limoud,jour-109,,,limoud/jour-109-he.html,יום 109 — סימן 312 (סעיף 6-10 / 10) (2/2) · דעת יומי | Daat Torah,200 (fichier présent),oui,oui,
https://daattorah.com/limoud/jour-109.html,fr,limoud,jour-109,,,limoud/jour-109.html,Jour 109 — Siman 312 (séif 6-10 / 10) (2/2) · Daat Yomi | Daat Torah,200 (fichier présent),oui,oui,
https://daattorah.com/limoud/jour-110-en.html,en,limoud,jour-110,,,limoud/jour-110-en.html,Day 110 — Siman 313 (seif 1-5 / 10) (1/2) · Daat Yomi | Daat Torah,200 (fichier présent),oui,oui,
https://daattorah.com/limoud/jour-110-he.html,he,limoud,jour-110,,,limoud/jour-110-he.html,יום 110 — סימן 313 (סעיף 1-5 / 10) (1/2) · דעת יומי | Daat Torah,200 (fichier présent),oui,oui,
https://daattorah.com/limoud/jour-110.html,fr,limoud,jour-110,,,limoud/jour-110.html,Jour 110 — Siman 313 (séif 1-5 / 10) (1/2) · Daat Yomi | Daat Torah,200 (fichier présent),oui,oui,
https://daattorah.com/limoud/jour-111-en.html,en,limoud,jour-111,,,limoud/jour-111-en.html,Day 111 — Siman 313 (seif 6-10 / 10) (2/2) · Daat Yomi | Daat Torah,200 (fichier présent),oui,oui,
https://daattorah.com/limoud/jour-111-he.html,he,limoud,jour-111,,,limoud/jour-111-he.html,יום 111 — סימן 313 (סעיף 6-10 / 10) (2/2) · דעת יומי | Daat Torah,200 (fichier présent),oui,oui,
https://daattorah.com/limoud/jour-111.html,fr,limoud,jour-111,,,limoud/jour-111.html,Jour 111 — Siman 313 (séif 6-10 / 10) (2/2) · Daat Yomi | Daat Torah,200 (fichier présent),oui,oui,
https://daattorah.com/limoud/jour-112-en.html,en,limoud,jour-112,,,limoud/jour-112-en.html,Day 112 — Siman 314 (seif 1-5 / 10) (1/2) · Daat Yomi | Daat Torah,200 (fichier présent),oui,oui,
https://daattorah.com/limoud/jour-112-he.html,he,limoud,jour-112,,,limoud/jour-112-he.html,יום 112 — סימן 314 (סעיף 1-5 / 10) (1/2) · דעת יומי | Daat Torah,200 (fichier présent),oui,oui,
https://daattorah.com/limoud/jour-112.html,fr,limoud,jour-112,,,limoud/jour-112.html,Jour 112 — Siman 314 (séif 1-5 / 10) (1/2) · Daat Yomi | Daat Torah,200 (fichier présent),oui,oui,
https://daattorah.com/limoud/jour-113-en.html,en,limoud,jour-113,,,limoud/jour-113-en.html,Day 113 — Siman 314 (seif 6-10 / 10) (2/2) · Daat Yomi | Daat Torah,200 (fichier présent),oui,oui,
https://daattorah.com/limoud/jour-113-he.html,he,limoud,jour-113,,,limoud/jour-113-he.html,יום 113 — סימן 314 (סעיף 6-10 / 10) (2/2) · דעת יומי | Daat Torah,200 (fichier présent),oui,oui,
https://daattorah.com/limoud/jour-113.html,fr,limoud,jour-113,,,limoud/jour-113.html,Jour 113 — Siman 314 (séif 6-10 / 10) (2/2) · Daat Yomi | Daat Torah,200 (fichier présent),oui,oui,
https://daattorah.com/limoud/jour-114-en.html,en,limoud,jour-114,,,limoud/jour-114-en.html,Day 114 — Siman 315 (seif 1-5 / 10) (1/2) · Daat Yomi | Daat Torah,200 (fichier présent),oui,oui,
https://daattorah.com/limoud/jour-114-he.html,he,limoud,jour-114,,,limoud/jour-114-he.html,יום 114 — סימן 315 (סעיף 1-5 / 10) (1/2) · דעת יומי | Daat Torah,200 (fichier présent),oui,oui,
https://daattorah.com/limoud/jour-114.html,fr,limoud,jour-114,,,limoud/jour-114.html,Jour 114 — Siman 315 (séif 1-5 / 10) (1/2) · Daat Yomi | Daat Torah,200 (fichier présent),oui,oui,
https://daattorah.com/limoud/jour-115-en.html,en,limoud,jour-115,,,limoud/jour-115-en.html,Day 115 — Siman 315 (seif 6-10 / 10) (2/2) · Daat Yomi | Daat Torah,200 (fichier présent),oui,oui,
https://daattorah.com/limoud/jour-115-he.html,he,limoud,jour-115,,,limoud/jour-115-he.html,יום 115 — סימן 315 (סעיף 6-10 / 10) (2/2) · דעת יומי | Daat Torah,200 (fichier présent),oui,oui,
https://daattorah.com/limoud/jour-115.html,fr,limoud,jour-115,,,limoud/jour-115.html,Jour 115 — Siman 315 (séif 6-10 / 10) (2/2) · Daat Yomi | Daat Torah,200 (fichier présent),oui,oui,
https://daattorah.com/limoud/jour-116-en.html,en,limoud,jour-116,,,limoud/jour-116-en.html,Day 116 — Siman 316 (seif 1-5 / 10) (1/2) · Daat Yomi | Daat Torah,200 (fichier présent),oui,oui,
https://daattorah.com/limoud/jour-116-he.html,he,limoud,jour-116,,,limoud/jour-116-he.html,יום 116 — סימן 316 (סעיף 1-5 / 10) (1/2) · דעת יומי | Daat Torah,200 (fichier présent),oui,oui,
https://daattorah.com/limoud/jour-116.html,fr,limoud,jour-116,,,limoud/jour-116.html,Jour 116 — Siman 316 (séif 1-5 / 10) (1/2) · Daat Yomi | Daat Torah,200 (fichier présent),oui,oui,
https://daattorah.com/limoud/jour-117-en.html,en,limoud,jour-117,,,limoud/jour-117-en.html,Day 117 — Siman 316 (seif 6-10 / 10) (2/2) · Daat Yomi | Daat Torah,200 (fichier présent),oui,oui,
https://daattorah.com/limoud/jour-117-he.html,he,limoud,jour-117,,,limoud/jour-117-he.html,יום 117 — סימן 316 (סעיף 6-10 / 10) (2/2) · דעת יומי | Daat Torah,200 (fichier présent),oui,oui,
https://daattorah.com/limoud/jour-117.html,fr,limoud,jour-117,,,limoud/jour-117.html,Jour 117 — Siman 316 (séif 6-10 / 10) (2/2) · Daat Yomi | Daat Torah,200 (fichier présent),oui,oui,
https://daattorah.com/limoud/jour-118-en.html,en,limoud,jour-118,,,limoud/jour-118-en.html,Day 118 — Siman 317 (seif 1-5 / 7) (1/2) · Daat Yomi | Daat Torah,200 (fichier présent),oui,oui,
https://daattorah.com/limoud/jour-118-he.html,he,limoud,jour-118,,,limoud/jour-118-he.html,יום 118 — סימן 317 (סעיף 1-5 / 7) (1/2) · דעת יומי | Daat Torah,200 (fichier présent),oui,oui,
https://daattorah.com/limoud/jour-118.html,fr,limoud,jour-118,,,limoud/jour-118.html,Jour 118 — Siman 317 (séif 1-5 / 7) (1/2) · Daat Yomi | Daat Torah,200 (fichier présent),oui,oui,
https://daattorah.com/limoud/jour-119-en.html,en,limoud,jour-119,,,limoud/jour-119-en.html,Day 119 — Siman 317 (seif 6-7 / 7) (2/2) · Daat Yomi | Daat Torah,200 (fichier présent),oui,oui,
https://daattorah.com/limoud/jour-119-he.html,he,limoud,jour-119,,,limoud/jour-119-he.html,יום 119 — סימן 317 (סעיף 6-7 / 7) (2/2) · דעת יומי | Daat Torah,200 (fichier présent),oui,oui,
https://daattorah.com/limoud/jour-119.html,fr,limoud,jour-119,,,limoud/jour-119.html,Jour 119 — Siman 317 (séif 6-7 / 7) (2/2) · Daat Yomi | Daat Torah,200 (fichier présent),oui,oui,
https://daattorah.com/limoud/jour-120-en.html,en,limoud,jour-120,,,limoud/jour-120-en.html,Day 120 — Siman 318 (seif 1-5 / 10) (1/2) · Daat Yomi | Daat Torah,200 (fichier présent),oui,oui,
https://daattorah.com/limoud/jour-120-he.html,he,limoud,jour-120,,,limoud/jour-120-he.html,יום 120 — סימן 318 (סעיף 1-5 / 10) (1/2) · דעת יומי | Daat Torah,200 (fichier présent),oui,oui,
https://daattorah.com/limoud/jour-120.html,fr,limoud,jour-120,,,limoud/jour-120.html,Jour 120 — Siman 318 (séif 1-5 / 10) (1/2) · Daat Yomi | Daat Torah,200 (fichier présent),oui,oui,
https://daattorah.com/limoud/jour-121-en.html,en,limoud,jour-121,,,limoud/jour-121-en.html,Day 121 — Siman 318 (seif 6-10 / 10) (2/2) · Daat Yomi | Daat Torah,200 (fichier présent),oui,oui,
https://daattorah.com/limoud/jour-121-he.html,he,limoud,jour-121,,,limoud/jour-121-he.html,יום 121 — סימן 318 (סעיף 6-10 / 10) (2/2) · דעת יומי | Daat Torah,200 (fichier présent),oui,oui,
https://daattorah.com/limoud/jour-121.html,fr,limoud,jour-121,,,limoud/jour-121.html,Jour 121 — Siman 318 (séif 6-10 / 10) (2/2) · Daat Yomi | Daat Torah,200 (fichier présent),oui,oui,
https://daattorah.com/limoud/jour-122-en.html,en,limoud,jour-122,,,limoud/jour-122-en.html,Day 122 — Siman 319 (seif 1-5 / 10) (1/2) · Daat Yomi | Daat Torah,200 (fichier présent),oui,oui,
https://daattorah.com/limoud/jour-122-he.html,he,limoud,jour-122,,,limoud/jour-122-he.html,יום 122 — סימן 319 (סעיף 1-5 / 10) (1/2) · דעת יומי | Daat Torah,200 (fichier présent),oui,oui,
https://daattorah.com/limoud/jour-122.html,fr,limoud,jour-122,,,limoud/jour-122.html,Jour 122 — Siman 319 (séif 1-5 / 10) (1/2) · Daat Yomi | Daat Torah,200 (fichier présent),oui,oui,
https://daattorah.com/limoud/jour-123-en.html,en,limoud,jour-123,,,limoud/jour-123-en.html,Day 123 — Siman 319 (seif 6-10 / 10) (2/2) · Daat Yomi | Daat Torah,200 (fichier présent),oui,oui,
https://daattorah.com/limoud/jour-123-he.html,he,limoud,jour-123,,,limoud/jour-123-he.html,יום 123 — סימן 319 (סעיף 6-10 / 10) (2/2) · דעת יומי | Daat Torah,200 (fichier présent),oui,oui,
https://daattorah.com/limoud/jour-123.html,fr,limoud,jour-123,,,limoud/jour-123.html,Jour 123 — Siman 319 (séif 6-10 / 10) (2/2) · Daat Yomi | Daat Torah,200 (fichier présent),oui,oui,
https://daattorah.com/limoud/jour-124-en.html,en,limoud,jour-124,,,limoud/jour-124-en.html,Day 124 — Siman 320 (seif 1-5 / 11) (1/3) · Daat Yomi | Daat Torah,200 (fichier présent),oui,oui,
https://daattorah.com/limoud/jour-124-he.html,he,limoud,jour-124,,,limoud/jour-124-he.html,יום 124 — סימן 320 (סעיף 1-5 / 11) (1/3) · דעת יומי | Daat Torah,200 (fichier présent),oui,oui,
https://daattorah.com/limoud/jour-124.html,fr,limoud,jour-124,,,limoud/jour-124.html,Jour 124 — Siman 320 (séif 1-5 / 11) (1/3) · Daat Yomi | Daat Torah,200 (fichier présent),oui,oui,
https://daattorah.com/limoud/jour-125-en.html,en,limoud,jour-125,,,limoud/jour-125-en.html,Day 125 — Siman 320 (seif 6-10 / 11) (2/3) · Daat Yomi | Daat Torah,200 (fichier présent),oui,oui,
https://daattorah.com/limoud/jour-125-he.html,he,limoud,jour-125,,,limoud/jour-125-he.html,יום 125 — סימן 320 (סעיף 6-10 / 11) (2/3) · דעת יומי | Daat Torah,200 (fichier présent),oui,oui,
https://daattorah.com/limoud/jour-125.html,fr,limoud,jour-125,,,limoud/jour-125.html,Jour 125 — Siman 320 (séif 6-10 / 11) (2/3) · Daat Yomi | Daat Torah,200 (fichier présent),oui,oui,
https://daattorah.com/limoud/jour-126-en.html,en,limoud,jour-126,,,limoud/jour-126-en.html,Day 126 — Siman 320 (seif 11 / 11) (3/3) · Daat Yomi | Daat Torah,200 (fichier présent),oui,oui,
https://daattorah.com/limoud/jour-126-he.html,he,limoud,jour-126,,,limoud/jour-126-he.html,יום 126 — סימן 320 (סעיף 11 / 11) (3/3) · דעת יומי | Daat Torah,200 (fichier présent),oui,oui,
https://daattorah.com/limoud/jour-126.html,fr,limoud,jour-126,,,limoud/jour-126.html,Jour 126 — Siman 320 (séif 11 / 11) (3/3) · Daat Yomi | Daat Torah,200 (fichier présent),oui,oui,
https://daattorah.com/limoud/jour-127-en.html,en,limoud,jour-127,,,limoud/jour-127-en.html,Day 127 — Siman 321 (seif 1-5 / 10) (1/2) · Daat Yomi | Daat Torah,200 (fichier présent),oui,oui,
https://daattorah.com/limoud/jour-127-he.html,he,limoud,jour-127,,,limoud/jour-127-he.html,יום 127 — סימן 321 (סעיף 1-5 / 10) (1/2) · דעת יומי | Daat Torah,200 (fichier présent),oui,oui,
https://daattorah.com/limoud/jour-127.html,fr,limoud,jour-127,,,limoud/jour-127.html,Jour 127 — Siman 321 (séif 1-5 / 10) (1/2) · Daat Yomi | Daat Torah,200 (fichier présent),oui,oui,
https://daattorah.com/limoud/jour-128-en.html,en,limoud,jour-128,,,limoud/jour-128-en.html,Day 128 — Siman 321 (seif 6-10 / 10) (2/2) · Daat Yomi | Daat Torah,200 (fichier présent),oui,oui,
https://daattorah.com/limoud/jour-128-he.html,he,limoud,jour-128,,,limoud/jour-128-he.html,יום 128 — סימן 321 (סעיף 6-10 / 10) (2/2) · דעת יומי | Daat Torah,200 (fichier présent),oui,oui,
https://daattorah.com/limoud/jour-128.html,fr,limoud,jour-128,,,limoud/jour-128.html,Jour 128 — Siman 321 (séif 6-10 / 10) (2/2) · Daat Yomi | Daat Torah,200 (fichier présent),oui,oui,
https://daattorah.com/limoud/jour-129-en.html,en,limoud,jour-129,,,limoud/jour-129-en.html,Day 129 — Siman 322 (seif 1-5 / 6) (1/2) · Daat Yomi | Daat Torah,200 (fichier présent),oui,oui,
https://daattorah.com/limoud/jour-129-he.html,he,limoud,jour-129,,,limoud/jour-129-he.html,יום 129 — סימן 322 (סעיף 1-5 / 6) (1/2) · דעת יומי | Daat Torah,200 (fichier présent),oui,oui,
https://daattorah.com/limoud/jour-129.html,fr,limoud,jour-129,,,limoud/jour-129.html,Jour 129 — Siman 322 (séif 1-5 / 6) (1/2) · Daat Yomi | Daat Torah,200 (fichier présent),oui,oui,
https://daattorah.com/limoud/jour-130-en.html,en,limoud,jour-130,,,limoud/jour-130-en.html,Day 130 — Siman 322 (seif 6 / 6) (2/2) · Daat Yomi | Daat Torah,200 (fichier présent),oui,oui,
https://daattorah.com/limoud/jour-130-he.html,he,limoud,jour-130,,,limoud/jour-130-he.html,יום 130 — סימן 322 (סעיף 6 / 6) (2/2) · דעת יומי | Daat Torah,200 (fichier présent),oui,oui,
https://daattorah.com/limoud/jour-130.html,fr,limoud,jour-130,,,limoud/jour-130.html,Jour 130 — Siman 322 (séif 6 / 6) (2/2) · Daat Yomi | Daat Torah,200 (fichier présent),oui,oui,
https://daattorah.com/limoud/jour-131-en.html,en,limoud,jour-131,,,limoud/jour-131-en.html,Day 131 — Siman 323 (seif 1-5 / 10) (1/2) · Daat Yomi | Daat Torah,200 (fichier présent),oui,oui,
https://daattorah.com/limoud/jour-131-he.html,he,limoud,jour-131,,,limoud/jour-131-he.html,יום 131 — סימן 323 (סעיף 1-5 / 10) (1/2) · דעת יומי | Daat Torah,200 (fichier présent),oui,oui,
https://daattorah.com/limoud/jour-131.html,fr,limoud,jour-131,,,limoud/jour-131.html,Jour 131 — Siman 323 (séif 1-5 / 10) (1/2) · Daat Yomi | Daat Torah,200 (fichier présent),oui,oui,
https://daattorah.com/limoud/jour-132-en.html,en,limoud,jour-132,,,limoud/jour-132-en.html,Day 132 — Siman 323 (seif 6-10 / 10) (2/2) · Daat Yomi | Daat Torah,200 (fichier présent),oui,oui,
https://daattorah.com/limoud/jour-132-he.html,he,limoud,jour-132,,,limoud/jour-132-he.html,יום 132 — סימן 323 (סעיף 6-10 / 10) (2/2) · דעת יומי | Daat Torah,200 (fichier présent),oui,oui,
https://daattorah.com/limoud/jour-132.html,fr,limoud,jour-132,,,limoud/jour-132.html,Jour 132 — Siman 323 (séif 6-10 / 10) (2/2) · Daat Yomi | Daat Torah,200 (fichier présent),oui,oui,
https://daattorah.com/limoud/jour-133-en.html,en,limoud,jour-133,,,limoud/jour-133-en.html,Day 133 — Siman 324 (seif 1-5 / 10) (1/2) · Daat Yomi | Daat Torah,200 (fichier présent),oui,oui,
https://daattorah.com/limoud/jour-133-he.html,he,limoud,jour-133,,,limoud/jour-133-he.html,יום 133 — סימן 324 (סעיף 1-5 / 10) (1/2) · דעת יומי | Daat Torah,200 (fichier présent),oui,oui,
https://daattorah.com/limoud/jour-133.html,fr,limoud,jour-133,,,limoud/jour-133.html,Jour 133 — Siman 324 (séif 1-5 / 10) (1/2) · Daat Yomi | Daat Torah,200 (fichier présent),oui,oui,
https://daattorah.com/limoud/jour-134-en.html,en,limoud,jour-134,,,limoud/jour-134-en.html,Day 134 — Siman 324 (seif 6-10 / 10) (2/2) · Daat Yomi | Daat Torah,200 (fichier présent),oui,oui,
https://daattorah.com/limoud/jour-134-he.html,he,limoud,jour-134,,,limoud/jour-134-he.html,יום 134 — סימן 324 (סעיף 6-10 / 10) (2/2) · דעת יומי | Daat Torah,200 (fichier présent),oui,oui,
https://daattorah.com/limoud/jour-134.html,fr,limoud,jour-134,,,limoud/jour-134.html,Jour 134 — Siman 324 (séif 6-10 / 10) (2/2) · Daat Yomi | Daat Torah,200 (fichier présent),oui,oui,
https://daattorah.com/limoud/jour-135-en.html,en,limoud,jour-135,,,limoud/jour-135-en.html,Day 135 — Siman 325 (seif 1-5 / 10) (1/2) · Daat Yomi | Daat Torah,200 (fichier présent),oui,oui,
https://daattorah.com/limoud/jour-135-he.html,he,limoud,jour-135,,,limoud/jour-135-he.html,יום 135 — סימן 325 (סעיף 1-5 / 10) (1/2) · דעת יומי | Daat Torah,200 (fichier présent),oui,oui,
https://daattorah.com/limoud/jour-135.html,fr,limoud,jour-135,,,limoud/jour-135.html,Jour 135 — Siman 325 (séif 1-5 / 10) (1/2) · Daat Yomi | Daat Torah,200 (fichier présent),oui,oui,
https://daattorah.com/limoud/jour-136-en.html,en,limoud,jour-136,,,limoud/jour-136-en.html,Day 136 — Siman 325 (seif 6-10 / 10) (2/2) · Daat Yomi | Daat Torah,200 (fichier présent),oui,oui,
https://daattorah.com/limoud/jour-136-he.html,he,limoud,jour-136,,,limoud/jour-136-he.html,יום 136 — סימן 325 (סעיף 6-10 / 10) (2/2) · דעת יומי | Daat Torah,200 (fichier présent),oui,oui,
https://daattorah.com/limoud/jour-136.html,fr,limoud,jour-136,,,limoud/jour-136.html,Jour 136 — Siman 325 (séif 6-10 / 10) (2/2) · Daat Yomi | Daat Torah,200 (fichier présent),oui,oui,
https://daattorah.com/limoud/jour-137-en.html,en,limoud,jour-137,,,limoud/jour-137-en.html,Day 137 — Siman 326 (seif 1-5 / 10) (1/2) · Daat Yomi | Daat Torah,200 (fichier présent),oui,oui,
https://daattorah.com/limoud/jour-137-he.html,he,limoud,jour-137,,,limoud/jour-137-he.html,יום 137 — סימן 326 (סעיף 1-5 / 10) (1/2) · דעת יומי | Daat Torah,200 (fichier présent),oui,oui,
https://daattorah.com/limoud/jour-137.html,fr,limoud,jour-137,,,limoud/jour-137.html,Jour 137 — Siman 326 (séif 1-5 / 10) (1/2) · Daat Yomi | Daat Torah,200 (fichier présent),oui,oui,
https://daattorah.com/limoud/jour-138-en.html,en,limoud,jour-138,,,limoud/jour-138-en.html,Day 138 — Siman 326 (seif 6-10 / 10) (2/2) · Daat Yomi | Daat Torah,200 (fichier présent),oui,oui,
https://daattorah.com/limoud/jour-138-he.html,he,limoud,jour-138,,,limoud/jour-138-he.html,יום 138 — סימן 326 (סעיף 6-10 / 10) (2/2) · דעת יומי | Daat Torah,200 (fichier présent),oui,oui,
https://daattorah.com/limoud/jour-138.html,fr,limoud,jour-138,,,limoud/jour-138.html,Jour 138 — Siman 326 (séif 6-10 / 10) (2/2) · Daat Yomi | Daat Torah,200 (fichier présent),oui,oui,
https://daattorah.com/limoud/jour-139-en.html,en,limoud,jour-139,,,limoud/jour-139-en.html,Day 139 — Siman 327 · Daat Yomi | Daat Torah,200 (fichier présent),oui,oui,
https://daattorah.com/limoud/jour-139-he.html,he,limoud,jour-139,,,limoud/jour-139-he.html,יום 139 — סימן 327 · דעת יומי | Daat Torah,200 (fichier présent),oui,oui,
https://daattorah.com/limoud/jour-139.html,fr,limoud,jour-139,,,limoud/jour-139.html,Jour 139 — Siman 327 · Daat Yomi | Daat Torah,200 (fichier présent),oui,oui,
https://daattorah.com/limoud/jour-140-en.html,en,limoud,jour-140,,,limoud/jour-140-en.html,Day 140 — Siman 328 (seif 1-5 / 13) (1/3) · Daat Yomi | Daat Torah,200 (fichier présent),oui,oui,
https://daattorah.com/limoud/jour-140-he.html,he,limoud,jour-140,,,limoud/jour-140-he.html,יום 140 — סימן 328 (סעיף 1-5 / 13) (1/3) · דעת יומי | Daat Torah,200 (fichier présent),oui,oui,
https://daattorah.com/limoud/jour-140.html,fr,limoud,jour-140,,,limoud/jour-140.html,Jour 140 — Siman 328 (séif 1-5 / 13) (1/3) · Daat Yomi | Daat Torah,200 (fichier présent),oui,oui,
https://daattorah.com/limoud/jour-141-en.html,en,limoud,jour-141,,,limoud/jour-141-en.html,Day 141 — Siman 328 (seif 6-10 / 13) (2/3) · Daat Yomi | Daat Torah,200 (fichier présent),oui,oui,
https://daattorah.com/limoud/jour-141-he.html,he,limoud,jour-141,,,limoud/jour-141-he.html,יום 141 — סימן 328 (סעיף 6-10 / 13) (2/3) · דעת יומי | Daat Torah,200 (fichier présent),oui,oui,
https://daattorah.com/limoud/jour-141.html,fr,limoud,jour-141,,,limoud/jour-141.html,Jour 141 — Siman 328 (séif 6-10 / 13) (2/3) · Daat Yomi | Daat Torah,200 (fichier présent),oui,oui,
https://daattorah.com/limoud/jour-142-en.html,en,limoud,jour-142,,,limoud/jour-142-en.html,Day 142 — Siman 328 (seif 11-13 / 13) (3/3) · Daat Yomi | Daat Torah,200 (fichier présent),oui,oui,
https://daattorah.com/limoud/jour-142-he.html,he,limoud,jour-142,,,limoud/jour-142-he.html,יום 142 — סימן 328 (סעיף 11-13 / 13) (3/3) · דעת יומי | Daat Torah,200 (fichier présent),oui,oui,
https://daattorah.com/limoud/jour-142.html,fr,limoud,jour-142,,,limoud/jour-142.html,Jour 142 — Siman 328 (séif 11-13 / 13) (3/3) · Daat Yomi | Daat Torah,200 (fichier présent),oui,oui,
https://daattorah.com/limoud/jour-143-en.html,en,limoud,jour-143,,,limoud/jour-143-en.html,Day 143 — Siman 329 (seif 1-5 / 9) (1/2) · Daat Yomi | Daat Torah,200 (fichier présent),oui,oui,
https://daattorah.com/limoud/jour-143-he.html,he,limoud,jour-143,,,limoud/jour-143-he.html,יום 143 — סימן 329 (סעיף 1-5 / 9) (1/2) · דעת יומי | Daat Torah,200 (fichier présent),oui,oui,
https://daattorah.com/limoud/jour-143.html,fr,limoud,jour-143,,,limoud/jour-143.html,Jour 143 — Siman 329 (séif 1-5 / 9) (1/2) · Daat Yomi | Daat Torah,200 (fichier présent),oui,oui,
https://daattorah.com/limoud/jour-144-en.html,en,limoud,jour-144,,,limoud/jour-144-en.html,Day 144 — Siman 329 (seif 6-9 / 9) (2/2) · Daat Yomi | Daat Torah,200 (fichier présent),oui,oui,
https://daattorah.com/limoud/jour-144-he.html,he,limoud,jour-144,,,limoud/jour-144-he.html,יום 144 — סימן 329 (סעיף 6-9 / 9) (2/2) · דעת יומי | Daat Torah,200 (fichier présent),oui,oui,
https://daattorah.com/limoud/jour-144.html,fr,limoud,jour-144,,,limoud/jour-144.html,Jour 144 — Siman 329 (séif 6-9 / 9) (2/2) · Daat Yomi | Daat Torah,200 (fichier présent),oui,oui,
https://daattorah.com/limoud/jour-145-en.html,en,limoud,jour-145,,,limoud/jour-145-en.html,Day 145 — Siman 330 (seif 1-5 / 10) (1/2) · Daat Yomi | Daat Torah,200 (fichier présent),oui,oui,
https://daattorah.com/limoud/jour-145-he.html,he,limoud,jour-145,,,limoud/jour-145-he.html,יום 145 — סימן 330 (סעיף 1-5 / 10) (1/2) · דעת יומי | Daat Torah,200 (fichier présent),oui,oui,
https://daattorah.com/limoud/jour-145.html,fr,limoud,jour-145,,,limoud/jour-145.html,Jour 145 — Siman 330 (séif 1-5 / 10) (1/2) · Daat Yomi | Daat Torah,200 (fichier présent),oui,oui,
https://daattorah.com/limoud/jour-146-en.html,en,limoud,jour-146,,,limoud/jour-146-en.html,Day 146 — Siman 330 (seif 6-10 / 10) (2/2) · Daat Yomi | Daat Torah,200 (fichier présent),oui,oui,
https://daattorah.com/limoud/jour-146-he.html,he,limoud,jour-146,,,limoud/jour-146-he.html,יום 146 — סימן 330 (סעיף 6-10 / 10) (2/2) · דעת יומי | Daat Torah,200 (fichier présent),oui,oui,
https://daattorah.com/limoud/jour-146.html,fr,limoud,jour-146,,,limoud/jour-146.html,Jour 146 — Siman 330 (séif 6-10 / 10) (2/2) · Daat Yomi | Daat Torah,200 (fichier présent),oui,oui,
https://daattorah.com/limoud/jour-147-en.html,en,limoud,jour-147,,,limoud/jour-147-en.html,Day 147 — Siman 331 (seif 1-5 / 10) (1/2) · Daat Yomi | Daat Torah,200 (fichier présent),oui,oui,
https://daattorah.com/limoud/jour-147-he.html,he,limoud,jour-147,,,limoud/jour-147-he.html,יום 147 — סימן 331 (סעיף 1-5 / 10) (1/2) · דעת יומי | Daat Torah,200 (fichier présent),oui,oui,
https://daattorah.com/limoud/jour-147.html,fr,limoud,jour-147,,,limoud/jour-147.html,Jour 147 — Siman 331 (séif 1-5 / 10) (1/2) · Daat Yomi | Daat Torah,200 (fichier présent),oui,oui,
https://daattorah.com/limoud/jour-148-en.html,en,limoud,jour-148,,,limoud/jour-148-en.html,Day 148 — Siman 331 (seif 6-10 / 10) (2/2) · Daat Yomi | Daat Torah,200 (fichier présent),oui,oui,
https://daattorah.com/limoud/jour-148-he.html,he,limoud,jour-148,,,limoud/jour-148-he.html,יום 148 — סימן 331 (סעיף 6-10 / 10) (2/2) · דעת יומי | Daat Torah,200 (fichier présent),oui,oui,
https://daattorah.com/limoud/jour-148.html,fr,limoud,jour-148,,,limoud/jour-148.html,Jour 148 — Siman 331 (séif 6-10 / 10) (2/2) · Daat Yomi | Daat Torah,200 (fichier présent),oui,oui,
https://daattorah.com/limoud/jour-149-en.html,en,limoud,jour-149,,,limoud/jour-149-en.html,Day 149 — Siman 332 · Daat Yomi | Daat Torah,200 (fichier présent),oui,oui,
https://daattorah.com/limoud/jour-149-he.html,he,limoud,jour-149,,,limoud/jour-149-he.html,יום 149 — סימן 332 · דעת יומי | Daat Torah,200 (fichier présent),oui,oui,
https://daattorah.com/limoud/jour-149.html,fr,limoud,jour-149,,,limoud/jour-149.html,Jour 149 — Siman 332 · Daat Yomi | Daat Torah,200 (fichier présent),oui,oui,
https://daattorah.com/limoud/jour-150-en.html,en,limoud,jour-150,,,limoud/jour-150-en.html,Day 150 — Siman 333 · Daat Yomi | Daat Torah,200 (fichier présent),oui,oui,
https://daattorah.com/limoud/jour-150-he.html,he,limoud,jour-150,,,limoud/jour-150-he.html,יום 150 — סימן 333 · דעת יומי | Daat Torah,200 (fichier présent),oui,oui,
https://daattorah.com/limoud/jour-150.html,fr,limoud,jour-150,,,limoud/jour-150.html,Jour 150 — Siman 333 · Daat Yomi | Daat Torah,200 (fichier présent),oui,oui,
https://daattorah.com/limoud/jour-151-en.html,en,limoud,jour-151,,,limoud/jour-151-en.html,Day 151 — Siman 334 (seif 1-5 / 11) (1/3) · Daat Yomi | Daat Torah,200 (fichier présent),oui,oui,
https://daattorah.com/limoud/jour-151-he.html,he,limoud,jour-151,,,limoud/jour-151-he.html,יום 151 — סימן 334 (סעיף 1-5 / 11) (1/3) · דעת יומי | Daat Torah,200 (fichier présent),oui,oui,
https://daattorah.com/limoud/jour-151.html,fr,limoud,jour-151,,,limoud/jour-151.html,Jour 151 — Siman 334 (séif 1-5 / 11) (1/3) · Daat Yomi | Daat Torah,200 (fichier présent),oui,oui,
https://daattorah.com/limoud/jour-152-en.html,en,limoud,jour-152,,,limoud/jour-152-en.html,Day 152 — Siman 334 (seif 6-10 / 11) (2/3) · Daat Yomi | Daat Torah,200 (fichier présent),oui,oui,
https://daattorah.com/limoud/jour-152-he.html,he,limoud,jour-152,,,limoud/jour-152-he.html,יום 152 — סימן 334 (סעיף 6-10 / 11) (2/3) · דעת יומי | Daat Torah,200 (fichier présent),oui,oui,
https://daattorah.com/limoud/jour-152.html,fr,limoud,jour-152,,,limoud/jour-152.html,Jour 152 — Siman 334 (séif 6-10 / 11) (2/3) · Daat Yomi | Daat Torah,200 (fichier présent),oui,oui,
https://daattorah.com/limoud/jour-153-en.html,en,limoud,jour-153,,,limoud/jour-153-en.html,Day 153 — Siman 334 (seif 11 / 11) (3/3) · Daat Yomi | Daat Torah,200 (fichier présent),oui,oui,
https://daattorah.com/limoud/jour-153-he.html,he,limoud,jour-153,,,limoud/jour-153-he.html,יום 153 — סימן 334 (סעיף 11 / 11) (3/3) · דעת יומי | Daat Torah,200 (fichier présent),oui,oui,
https://daattorah.com/limoud/jour-153.html,fr,limoud,jour-153,,,limoud/jour-153.html,Jour 153 — Siman 334 (séif 11 / 11) (3/3) · Daat Yomi | Daat Torah,200 (fichier présent),oui,oui,
https://daattorah.com/limoud/jour-154-en.html,en,limoud,jour-154,,,limoud/jour-154-en.html,Day 154 — Siman 335 · Daat Yomi | Daat Torah,200 (fichier présent),oui,oui,
https://daattorah.com/limoud/jour-154-he.html,he,limoud,jour-154,,,limoud/jour-154-he.html,יום 154 — סימן 335 · דעת יומי | Daat Torah,200 (fichier présent),oui,oui,
https://daattorah.com/limoud/jour-154.html,fr,limoud,jour-154,,,limoud/jour-154.html,Jour 154 — Siman 335 · Daat Yomi | Daat Torah,200 (fichier présent),oui,oui,
https://daattorah.com/limoud/jour-155-en.html,en,limoud,jour-155,,,limoud/jour-155-en.html,Day 155 — Siman 336 (seif 1-5 / 10) (1/2) · Daat Yomi | Daat Torah,200 (fichier présent),oui,oui,
https://daattorah.com/limoud/jour-155-he.html,he,limoud,jour-155,,,limoud/jour-155-he.html,יום 155 — סימן 336 (סעיף 1-5 / 10) (1/2) · דעת יומי | Daat Torah,200 (fichier présent),oui,oui,
https://daattorah.com/limoud/jour-155.html,fr,limoud,jour-155,,,limoud/jour-155.html,Jour 155 — Siman 336 (séif 1-5 / 10) (1/2) · Daat Yomi | Daat Torah,200 (fichier présent),oui,oui,
https://daattorah.com/limoud/jour-156-en.html,en,limoud,jour-156,,,limoud/jour-156-en.html,Day 156 — Siman 336 (seif 6-10 / 10) (2/2) · Daat Yomi | Daat Torah,200 (fichier présent),oui,oui,
https://daattorah.com/limoud/jour-156-he.html,he,limoud,jour-156,,,limoud/jour-156-he.html,יום 156 — סימן 336 (סעיף 6-10 / 10) (2/2) · דעת יומי | Daat Torah,200 (fichier présent),oui,oui,
https://daattorah.com/limoud/jour-156.html,fr,limoud,jour-156,,,limoud/jour-156.html,Jour 156 — Siman 336 (séif 6-10 / 10) (2/2) · Daat Yomi | Daat Torah,200 (fichier présent),oui,oui,
https://daattorah.com/limoud/jour-157-en.html,en,limoud,jour-157,,,limoud/jour-157-en.html,Day 157 — Siman 337 · Daat Yomi | Daat Torah,200 (fichier présent),oui,oui,
https://daattorah.com/limoud/jour-157-he.html,he,limoud,jour-157,,,limoud/jour-157-he.html,יום 157 — סימן 337 · דעת יומי | Daat Torah,200 (fichier présent),oui,oui,
https://daattorah.com/limoud/jour-157.html,fr,limoud,jour-157,,,limoud/jour-157.html,Jour 157 — Siman 337 · Daat Yomi | Daat Torah,200 (fichier présent),oui,oui,
https://daattorah.com/limoud/jour-158-en.html,en,limoud,jour-158,,,limoud/jour-158-en.html,Day 158 — Siman 338 (seif 1-5 / 8) (1/2) · Daat Yomi | Daat Torah,200 (fichier présent),oui,oui,
https://daattorah.com/limoud/jour-158-he.html,he,limoud,jour-158,,,limoud/jour-158-he.html,יום 158 — סימן 338 (סעיף 1-5 / 8) (1/2) · דעת יומי | Daat Torah,200 (fichier présent),oui,oui,
https://daattorah.com/limoud/jour-158.html,fr,limoud,jour-158,,,limoud/jour-158.html,Jour 158 — Siman 338 (séif 1-5 / 8) (1/2) · Daat Yomi | Daat Torah,200 (fichier présent),oui,oui,
https://daattorah.com/limoud/jour-159-en.html,en,limoud,jour-159,,,limoud/jour-159-en.html,Day 159 — Siman 338 (seif 6-8 / 8) (2/2) · Daat Yomi | Daat Torah,200 (fichier présent),oui,oui,
https://daattorah.com/limoud/jour-159-he.html,he,limoud,jour-159,,,limoud/jour-159-he.html,יום 159 — סימן 338 (סעיף 6-8 / 8) (2/2) · דעת יומי | Daat Torah,200 (fichier présent),oui,oui,
https://daattorah.com/limoud/jour-159.html,fr,limoud,jour-159,,,limoud/jour-159.html,Jour 159 — Siman 338 (séif 6-8 / 8) (2/2) · Daat Yomi | Daat Torah,200 (fichier présent),oui,oui,
https://daattorah.com/limoud/jour-160-en.html,en,limoud,jour-160,,,limoud/jour-160-en.html,Day 160 — Siman 339 (seif 1-5 / 7) (1/2) · Daat Yomi | Daat Torah,200 (fichier présent),oui,oui,
https://daattorah.com/limoud/jour-160-he.html,he,limoud,jour-160,,,limoud/jour-160-he.html,יום 160 — סימן 339 (סעיף 1-5 / 7) (1/2) · דעת יומי | Daat Torah,200 (fichier présent),oui,oui,
https://daattorah.com/limoud/jour-160.html,fr,limoud,jour-160,,,limoud/jour-160.html,Jour 160 — Siman 339 (séif 1-5 / 7) (1/2) · Daat Yomi | Daat Torah,200 (fichier présent),oui,oui,
https://daattorah.com/limoud/jour-161-en.html,en,limoud,jour-161,,,limoud/jour-161-en.html,Day 161 — Siman 339 (seif 6-7 / 7) (2/2) · Daat Yomi | Daat Torah,200 (fichier présent),oui,oui,
https://daattorah.com/limoud/jour-161-he.html,he,limoud,jour-161,,,limoud/jour-161-he.html,יום 161 — סימן 339 (סעיף 6-7 / 7) (2/2) · דעת יומי | Daat Torah,200 (fichier présent),oui,oui,
https://daattorah.com/limoud/jour-161.html,fr,limoud,jour-161,,,limoud/jour-161.html,Jour 161 — Siman 339 (séif 6-7 / 7) (2/2) · Daat Yomi | Daat Torah,200 (fichier présent),oui,oui,
https://daattorah.com/limoud/jour-162-en.html,en,limoud,jour-162,,,limoud/jour-162-en.html,Day 162 — Siman 340 (seif 1-5 / 10) (1/2) · Daat Yomi | Daat Torah,200 (fichier présent),oui,oui,
https://daattorah.com/limoud/jour-162-he.html,he,limoud,jour-162,,,limoud/jour-162-he.html,יום 162 — סימן 340 (סעיף 1-5 / 10) (1/2) · דעת יומי | Daat Torah,200 (fichier présent),oui,oui,
https://daattorah.com/limoud/jour-162.html,fr,limoud,jour-162,,,limoud/jour-162.html,Jour 162 — Siman 340 (séif 1-5 / 10) (1/2) · Daat Yomi | Daat Torah,200 (fichier présent),oui,oui,
https://daattorah.com/limoud/jour-163-en.html,en,limoud,jour-163,,,limoud/jour-163-en.html,Day 163 — Siman 340 (seif 6-10 / 10) (2/2) · Daat Yomi | Daat Torah,200 (fichier présent),oui,oui,
https://daattorah.com/limoud/jour-163-he.html,he,limoud,jour-163,,,limoud/jour-163-he.html,יום 163 — סימן 340 (סעיף 6-10 / 10) (2/2) · דעת יומי | Daat Torah,200 (fichier présent),oui,oui,
https://daattorah.com/limoud/jour-163.html,fr,limoud,jour-163,,,limoud/jour-163.html,Jour 163 — Siman 340 (séif 6-10 / 10) (2/2) · Daat Yomi | Daat Torah,200 (fichier présent),oui,oui,
https://daattorah.com/limoud/jour-164-en.html,en,limoud,jour-164,,,limoud/jour-164-en.html,Day 164 — Siman 341 · Daat Yomi | Daat Torah,200 (fichier présent),oui,oui,
https://daattorah.com/limoud/jour-164-he.html,he,limoud,jour-164,,,limoud/jour-164-he.html,יום 164 — סימן 341 · דעת יומי | Daat Torah,200 (fichier présent),oui,oui,
https://daattorah.com/limoud/jour-164.html,fr,limoud,jour-164,,,limoud/jour-164.html,Jour 164 — Siman 341 · Daat Yomi | Daat Torah,200 (fichier présent),oui,oui,
https://daattorah.com/limoud/jour-165-en.html,en,limoud,jour-165,,,limoud/jour-165-en.html,Day 165 — Siman 342 · Daat Yomi | Daat Torah,200 (fichier présent),oui,oui,
https://daattorah.com/limoud/jour-165-he.html,he,limoud,jour-165,,,limoud/jour-165-he.html,יום 165 — סימן 342 · דעת יומי | Daat Torah,200 (fichier présent),oui,oui,
https://daattorah.com/limoud/jour-165.html,fr,limoud,jour-165,,,limoud/jour-165.html,Jour 165 — Siman 342 · Daat Yomi | Daat Torah,200 (fichier présent),oui,oui,
https://daattorah.com/limoud/jour-166-en.html,en,limoud,jour-166,,,limoud/jour-166-en.html,Day 166 — Siman 343 · Daat Yomi | Daat Torah,200 (fichier présent),oui,oui,
https://daattorah.com/limoud/jour-166-he.html,he,limoud,jour-166,,,limoud/jour-166-he.html,יום 166 — סימן 343 · דעת יומי | Daat Torah,200 (fichier présent),oui,oui,
https://daattorah.com/limoud/jour-166.html,fr,limoud,jour-166,,,limoud/jour-166.html,Jour 166 — Siman 343 · Daat Yomi | Daat Torah,200 (fichier présent),oui,oui,
https://daattorah.com/limoud/jour-167-en.html,en,limoud,jour-167,,,limoud/jour-167-en.html,Day 167 — Siman 344 · Daat Yomi | Daat Torah,200 (fichier présent),oui,oui,
https://daattorah.com/limoud/jour-167-he.html,he,limoud,jour-167,,,limoud/jour-167-he.html,יום 167 — סימן 344 · דעת יומי | Daat Torah,200 (fichier présent),oui,oui,
https://daattorah.com/limoud/jour-167.html,fr,limoud,jour-167,,,limoud/jour-167.html,Jour 167 — Siman 344 · Daat Yomi | Daat Torah,200 (fichier présent),oui,oui,
https://daattorah.com/limoud/jour-168-en.html,en,limoud,jour-168,,,limoud/jour-168-en.html,Day 168 — Siman 345 (seif 1-5 / 10) (1/2) · Daat Yomi | Daat Torah,200 (fichier présent),oui,oui,
https://daattorah.com/limoud/jour-168-he.html,he,limoud,jour-168,,,limoud/jour-168-he.html,יום 168 — סימן 345 (סעיף 1-5 / 10) (1/2) · דעת יומי | Daat Torah,200 (fichier présent),oui,oui,
https://daattorah.com/limoud/jour-168.html,fr,limoud,jour-168,,,limoud/jour-168.html,Jour 168 — Siman 345 (séif 1-5 / 10) (1/2) · Daat Yomi | Daat Torah,200 (fichier présent),oui,oui,
https://daattorah.com/limoud/jour-169-en.html,en,limoud,jour-169,,,limoud/jour-169-en.html,Day 169 — Siman 345 (seif 6-10 / 10) (2/2) · Daat Yomi | Daat Torah,200 (fichier présent),oui,oui,
https://daattorah.com/limoud/jour-169-he.html,he,limoud,jour-169,,,limoud/jour-169-he.html,יום 169 — סימן 345 (סעיף 6-10 / 10) (2/2) · דעת יומי | Daat Torah,200 (fichier présent),oui,oui,
https://daattorah.com/limoud/jour-169.html,fr,limoud,jour-169,,,limoud/jour-169.html,Jour 169 — Siman 345 (séif 6-10 / 10) (2/2) · Daat Yomi | Daat Torah,200 (fichier présent),oui,oui,
https://daattorah.com/limoud/jour-170-en.html,en,limoud,jour-170,,,limoud/jour-170-en.html,Day 170 — Siman 346 · Daat Yomi | Daat Torah,200 (fichier présent),oui,oui,
https://daattorah.com/limoud/jour-170-he.html,he,limoud,jour-170,,,limoud/jour-170-he.html,יום 170 — סימן 346 · דעת יומי | Daat Torah,200 (fichier présent),oui,oui,
https://daattorah.com/limoud/jour-170.html,fr,limoud,jour-170,,,limoud/jour-170.html,Jour 170 — Siman 346 · Daat Yomi | Daat Torah,200 (fichier présent),oui,oui,
https://daattorah.com/limoud/jour-171-en.html,en,limoud,jour-171,,,limoud/jour-171-en.html,Day 171 — Siman 347 · Daat Yomi | Daat Torah,200 (fichier présent),oui,oui,
https://daattorah.com/limoud/jour-171-he.html,he,limoud,jour-171,,,limoud/jour-171-he.html,יום 171 — סימן 347 · דעת יומי | Daat Torah,200 (fichier présent),oui,oui,
https://daattorah.com/limoud/jour-171.html,fr,limoud,jour-171,,,limoud/jour-171.html,Jour 171 — Siman 347 · Daat Yomi | Daat Torah,200 (fichier présent),oui,oui,
https://daattorah.com/limoud/jour-172-en.html,en,limoud,jour-172,,,limoud/jour-172-en.html,Day 172 — Siman 348 · Daat Yomi | Daat Torah,200 (fichier présent),oui,oui,
https://daattorah.com/limoud/jour-172-he.html,he,limoud,jour-172,,,limoud/jour-172-he.html,יום 172 — סימן 348 · דעת יומי | Daat Torah,200 (fichier présent),oui,oui,
https://daattorah.com/limoud/jour-172.html,fr,limoud,jour-172,,,limoud/jour-172.html,Jour 172 — Siman 348 · Daat Yomi | Daat Torah,200 (fichier présent),oui,oui,
https://daattorah.com/limoud/jour-173-en.html,en,limoud,jour-173,,,limoud/jour-173-en.html,Day 173 — Siman 349 · Daat Yomi | Daat Torah,200 (fichier présent),oui,oui,
https://daattorah.com/limoud/jour-173-he.html,he,limoud,jour-173,,,limoud/jour-173-he.html,יום 173 — סימן 349 · דעת יומי | Daat Torah,200 (fichier présent),oui,oui,
https://daattorah.com/limoud/jour-173.html,fr,limoud,jour-173,,,limoud/jour-173.html,Jour 173 — Siman 349 · Daat Yomi | Daat Torah,200 (fichier présent),oui,oui,
https://daattorah.com/limoud/jour-174-en.html,en,limoud,jour-174,,,limoud/jour-174-en.html,Day 174 — Siman 350 · Daat Yomi | Daat Torah,200 (fichier présent),oui,oui,
https://daattorah.com/limoud/jour-174-he.html,he,limoud,jour-174,,,limoud/jour-174-he.html,יום 174 — סימן 350 · דעת יומי | Daat Torah,200 (fichier présent),oui,oui,
https://daattorah.com/limoud/jour-174.html,fr,limoud,jour-174,,,limoud/jour-174.html,Jour 174 — Siman 350 · Daat Yomi | Daat Torah,200 (fichier présent),oui,oui,
https://daattorah.com/limoud/jour-175-en.html,en,limoud,jour-175,,,limoud/jour-175-en.html,Day 175 — Siman 351 · Daat Yomi | Daat Torah,200 (fichier présent),oui,oui,
https://daattorah.com/limoud/jour-175-he.html,he,limoud,jour-175,,,limoud/jour-175-he.html,יום 175 — סימן 351 · דעת יומי | Daat Torah,200 (fichier présent),oui,oui,
https://daattorah.com/limoud/jour-175.html,fr,limoud,jour-175,,,limoud/jour-175.html,Jour 175 — Siman 351 · Daat Yomi | Daat Torah,200 (fichier présent),oui,oui,
https://daattorah.com/limoud/jour-176-en.html,en,limoud,jour-176,,,limoud/jour-176-en.html,Day 176 — Siman 352 · Daat Yomi | Daat Torah,200 (fichier présent),oui,oui,
https://daattorah.com/limoud/jour-176-he.html,he,limoud,jour-176,,,limoud/jour-176-he.html,יום 176 — סימן 352 · דעת יומי | Daat Torah,200 (fichier présent),oui,oui,
https://daattorah.com/limoud/jour-176.html,fr,limoud,jour-176,,,limoud/jour-176.html,Jour 176 — Siman 352 · Daat Yomi | Daat Torah,200 (fichier présent),oui,oui,
https://daattorah.com/limoud/jour-177-en.html,en,limoud,jour-177,,,limoud/jour-177-en.html,Day 177 — Siman 353 · Daat Yomi | Daat Torah,200 (fichier présent),oui,oui,
https://daattorah.com/limoud/jour-177-he.html,he,limoud,jour-177,,,limoud/jour-177-he.html,יום 177 — סימן 353 · דעת יומי | Daat Torah,200 (fichier présent),oui,oui,
https://daattorah.com/limoud/jour-177.html,fr,limoud,jour-177,,,limoud/jour-177.html,Jour 177 — Siman 353 · Daat Yomi | Daat Torah,200 (fichier présent),oui,oui,
https://daattorah.com/limoud/jour-178-en.html,en,limoud,jour-178,,,limoud/jour-178-en.html,Day 178 — Siman 354 · Daat Yomi | Daat Torah,200 (fichier présent),oui,oui,
https://daattorah.com/limoud/jour-178-he.html,he,limoud,jour-178,,,limoud/jour-178-he.html,יום 178 — סימן 354 · דעת יומי | Daat Torah,200 (fichier présent),oui,oui,
https://daattorah.com/limoud/jour-178.html,fr,limoud,jour-178,,,limoud/jour-178.html,Jour 178 — Siman 354 · Daat Yomi | Daat Torah,200 (fichier présent),oui,oui,
https://daattorah.com/limoud/jour-179-en.html,en,limoud,jour-179,,,limoud/jour-179-en.html,Day 179 — Siman 355 · Daat Yomi | Daat Torah,200 (fichier présent),oui,oui,
https://daattorah.com/limoud/jour-179-he.html,he,limoud,jour-179,,,limoud/jour-179-he.html,יום 179 — סימן 355 · דעת יומי | Daat Torah,200 (fichier présent),oui,oui,
https://daattorah.com/limoud/jour-179.html,fr,limoud,jour-179,,,limoud/jour-179.html,Jour 179 — Siman 355 · Daat Yomi | Daat Torah,200 (fichier présent),oui,oui,
https://daattorah.com/limoud/jour-180-en.html,en,limoud,jour-180,,,limoud/jour-180-en.html,Day 180 — Siman 356 · Daat Yomi | Daat Torah,200 (fichier présent),oui,oui,
https://daattorah.com/limoud/jour-180-he.html,he,limoud,jour-180,,,limoud/jour-180-he.html,יום 180 — סימן 356 · דעת יומי | Daat Torah,200 (fichier présent),oui,oui,
https://daattorah.com/limoud/jour-180.html,fr,limoud,jour-180,,,limoud/jour-180.html,Jour 180 — Siman 356 · Daat Yomi | Daat Torah,200 (fichier présent),oui,oui,
https://daattorah.com/limoud/jour-181-en.html,en,limoud,jour-181,,,limoud/jour-181-en.html,Day 181 — Siman 357 · Daat Yomi | Daat Torah,200 (fichier présent),oui,oui,
https://daattorah.com/limoud/jour-181-he.html,he,limoud,jour-181,,,limoud/jour-181-he.html,יום 181 — סימן 357 · דעת יומי | Daat Torah,200 (fichier présent),oui,oui,
https://daattorah.com/limoud/jour-181.html,fr,limoud,jour-181,,,limoud/jour-181.html,Jour 181 — Siman 357 · Daat Yomi | Daat Torah,200 (fichier présent),oui,oui,
https://daattorah.com/limoud/jour-182-en.html,en,limoud,jour-182,,,limoud/jour-182-en.html,Day 182 — Siman 358 (seif 1-5 / 10) (1/2) · Daat Yomi | Daat Torah,200 (fichier présent),oui,oui,
https://daattorah.com/limoud/jour-182-he.html,he,limoud,jour-182,,,limoud/jour-182-he.html,יום 182 — סימן 358 (סעיף 1-5 / 10) (1/2) · דעת יומי | Daat Torah,200 (fichier présent),oui,oui,
https://daattorah.com/limoud/jour-182.html,fr,limoud,jour-182,,,limoud/jour-182.html,Jour 182 — Siman 358 (séif 1-5 / 10) (1/2) · Daat Yomi | Daat Torah,200 (fichier présent),oui,oui,
https://daattorah.com/limoud/jour-183-en.html,en,limoud,jour-183,,,limoud/jour-183-en.html,Day 183 — Siman 358 (seif 6-10 / 10) (2/2) · Daat Yomi | Daat Torah,200 (fichier présent),oui,oui,
https://daattorah.com/limoud/jour-183-he.html,he,limoud,jour-183,,,limoud/jour-183-he.html,יום 183 — סימן 358 (סעיף 6-10 / 10) (2/2) · דעת יומי | Daat Torah,200 (fichier présent),oui,oui,
https://daattorah.com/limoud/jour-183.html,fr,limoud,jour-183,,,limoud/jour-183.html,Jour 183 — Siman 358 (séif 6-10 / 10) (2/2) · Daat Yomi | Daat Torah,200 (fichier présent),oui,oui,
https://daattorah.com/limoud/jour-184-en.html,en,limoud,jour-184,,,limoud/jour-184-en.html,Day 184 — Siman 359 · Daat Yomi | Daat Torah,200 (fichier présent),oui,oui,
https://daattorah.com/limoud/jour-184-he.html,he,limoud,jour-184,,,limoud/jour-184-he.html,יום 184 — סימן 359 · דעת יומי | Daat Torah,200 (fichier présent),oui,oui,
https://daattorah.com/limoud/jour-184.html,fr,limoud,jour-184,,,limoud/jour-184.html,Jour 184 — Siman 359 · Daat Yomi | Daat Torah,200 (fichier présent),oui,oui,
https://daattorah.com/limoud/jour-185-en.html,en,limoud,jour-185,,,limoud/jour-185-en.html,Day 185 — Siman 360 · Daat Yomi | Daat Torah,200 (fichier présent),oui,oui,
https://daattorah.com/limoud/jour-185-he.html,he,limoud,jour-185,,,limoud/jour-185-he.html,יום 185 — סימן 360 · דעת יומי | Daat Torah,200 (fichier présent),oui,oui,
https://daattorah.com/limoud/jour-185.html,fr,limoud,jour-185,,,limoud/jour-185.html,Jour 185 — Siman 360 · Daat Yomi | Daat Torah,200 (fichier présent),oui,oui,
https://daattorah.com/limoud/jour-186-en.html,en,limoud,jour-186,,,limoud/jour-186-en.html,Day 186 — Siman 361 · Daat Yomi | Daat Torah,200 (fichier présent),oui,oui,
https://daattorah.com/limoud/jour-186-he.html,he,limoud,jour-186,,,limoud/jour-186-he.html,יום 186 — סימן 361 · דעת יומי | Daat Torah,200 (fichier présent),oui,oui,
https://daattorah.com/limoud/jour-186.html,fr,limoud,jour-186,,,limoud/jour-186.html,Jour 186 — Siman 361 · Daat Yomi | Daat Torah,200 (fichier présent),oui,oui,
https://daattorah.com/limoud/jour-187-en.html,en,limoud,jour-187,,,limoud/jour-187-en.html,Day 187 — Siman 362 (seif 1-5 / 10) (1/2) · Daat Yomi | Daat Torah,200 (fichier présent),oui,oui,
https://daattorah.com/limoud/jour-187-he.html,he,limoud,jour-187,,,limoud/jour-187-he.html,יום 187 — סימן 362 (סעיף 1-5 / 10) (1/2) · דעת יומי | Daat Torah,200 (fichier présent),oui,oui,
https://daattorah.com/limoud/jour-187.html,fr,limoud,jour-187,,,limoud/jour-187.html,Jour 187 — Siman 362 (séif 1-5 / 10) (1/2) · Daat Yomi | Daat Torah,200 (fichier présent),oui,oui,
https://daattorah.com/limoud/jour-188-en.html,en,limoud,jour-188,,,limoud/jour-188-en.html,Day 188 — Siman 362 (seif 6-10 / 10) (2/2) · Daat Yomi | Daat Torah,200 (fichier présent),oui,oui,
https://daattorah.com/limoud/jour-188-he.html,he,limoud,jour-188,,,limoud/jour-188-he.html,יום 188 — סימן 362 (סעיף 6-10 / 10) (2/2) · דעת יומי | Daat Torah,200 (fichier présent),oui,oui,
https://daattorah.com/limoud/jour-188.html,fr,limoud,jour-188,,,limoud/jour-188.html,Jour 188 — Siman 362 (séif 6-10 / 10) (2/2) · Daat Yomi | Daat Torah,200 (fichier présent),oui,oui,
https://daattorah.com/limoud/jour-189-en.html,en,limoud,jour-189,,,limoud/jour-189-en.html,Day 189 — Siman 363 (seif 1-5 / 12) (1/3) · Daat Yomi | Daat Torah,200 (fichier présent),oui,oui,
https://daattorah.com/limoud/jour-189-he.html,he,limoud,jour-189,,,limoud/jour-189-he.html,יום 189 — סימן 363 (סעיף 1-5 / 12) (1/3) · דעת יומי | Daat Torah,200 (fichier présent),oui,oui,
https://daattorah.com/limoud/jour-189.html,fr,limoud,jour-189,,,limoud/jour-189.html,Jour 189 — Siman 363 (séif 1-5 / 12) (1/3) · Daat Yomi | Daat Torah,200 (fichier présent),oui,oui,
https://daattorah.com/limoud/jour-190-en.html,en,limoud,jour-190,,,limoud/jour-190-en.html,Day 190 — Siman 363 (seif 6-10 / 12) (2/3) · Daat Yomi | Daat Torah,200 (fichier présent),oui,oui,
https://daattorah.com/limoud/jour-190-he.html,he,limoud,jour-190,,,limoud/jour-190-he.html,יום 190 — סימן 363 (סעיף 6-10 / 12) (2/3) · דעת יומי | Daat Torah,200 (fichier présent),oui,oui,
https://daattorah.com/limoud/jour-190.html,fr,limoud,jour-190,,,limoud/jour-190.html,Jour 190 — Siman 363 (séif 6-10 / 12) (2/3) · Daat Yomi | Daat Torah,200 (fichier présent),oui,oui,
https://daattorah.com/limoud/jour-191-en.html,en,limoud,jour-191,,,limoud/jour-191-en.html,Day 191 — Siman 363 (seif 11-12 / 12) (3/3) · Daat Yomi | Daat Torah,200 (fichier présent),oui,oui,
https://daattorah.com/limoud/jour-191-he.html,he,limoud,jour-191,,,limoud/jour-191-he.html,יום 191 — סימן 363 (סעיף 11-12 / 12) (3/3) · דעת יומי | Daat Torah,200 (fichier présent),oui,oui,
https://daattorah.com/limoud/jour-191.html,fr,limoud,jour-191,,,limoud/jour-191.html,Jour 191 — Siman 363 (séif 11-12 / 12) (3/3) · Daat Yomi | Daat Torah,200 (fichier présent),oui,oui,
https://daattorah.com/limoud/jour-192-en.html,en,limoud,jour-192,,,limoud/jour-192-en.html,Day 192 — Siman 364 · Daat Yomi | Daat Torah,200 (fichier présent),oui,oui,
https://daattorah.com/limoud/jour-192-he.html,he,limoud,jour-192,,,limoud/jour-192-he.html,יום 192 — סימן 364 · דעת יומי | Daat Torah,200 (fichier présent),oui,oui,
https://daattorah.com/limoud/jour-192.html,fr,limoud,jour-192,,,limoud/jour-192.html,Jour 192 — Siman 364 · Daat Yomi | Daat Torah,200 (fichier présent),oui,oui,
https://daattorah.com/limoud/jour-193-en.html,en,limoud,jour-193,,,limoud/jour-193-en.html,Day 193 — Siman 365 (seif 1-5 / 8) (1/2) · Daat Yomi | Daat Torah,200 (fichier présent),oui,oui,
https://daattorah.com/limoud/jour-193-he.html,he,limoud,jour-193,,,limoud/jour-193-he.html,יום 193 — סימן 365 (סעיף 1-5 / 8) (1/2) · דעת יומי | Daat Torah,200 (fichier présent),oui,oui,
https://daattorah.com/limoud/jour-193.html,fr,limoud,jour-193,,,limoud/jour-193.html,Jour 193 — Siman 365 (séif 1-5 / 8) (1/2) · Daat Yomi | Daat Torah,200 (fichier présent),oui,oui,
https://daattorah.com/limoud/jour-194-en.html,en,limoud,jour-194,,,limoud/jour-194-en.html,Day 194 — Siman 365 (seif 6-8 / 8) (2/2) · Daat Yomi | Daat Torah,200 (fichier présent),oui,oui,
https://daattorah.com/limoud/jour-194-he.html,he,limoud,jour-194,,,limoud/jour-194-he.html,יום 194 — סימן 365 (סעיף 6-8 / 8) (2/2) · דעת יומי | Daat Torah,200 (fichier présent),oui,oui,
https://daattorah.com/limoud/jour-194.html,fr,limoud,jour-194,,,limoud/jour-194.html,Jour 194 — Siman 365 (séif 6-8 / 8) (2/2) · Daat Yomi | Daat Torah,200 (fichier présent),oui,oui,
https://daattorah.com/limoud/mon-plan.html,fr,limoud,,,,limoud/mon-plan.html,Mon plan — Daat Yomi | Daat Torah,200 (fichier présent),non (noindex),non,
https://daattorah.com/limoud/personnaliser.html,fr,limoud,,,,limoud/personnaliser.html,Mon plan d'étude personnel — Daat Yomi | Daat Torah,200 (fichier présent),non (noindex),non,
https://daattorah.com/mockup/polices-hebreu.html,fr,mockup,,,,mockup/polices-hebreu.html,Comparatif de polices hébraïques — DAAT,200 (fichier présent),non (noindex),non,
https://daattorah.com/mockup/soutenir-preview.html,fr,mockup,,,,mockup/soutenir-preview.html,Mockup — Soutenir DAAT (preview UX),200 (fichier présent),non (noindex),non,
https://daattorah.com/offline.html,fr,racine,,,,offline.html,Hors ligne — Daat Torah,200 (fichier présent),non (noindex),non,
https://daattorah.com/poc-corpus.html,fr,racine,,,,poc-corpus.html,POC v2 · DAAT corpus + Haiku 4.5 — réponse Shabbat à ~0.002 €,200 (fichier présent),non (noindex),non,
https://daattorah.com/nida/en,en,nida,,,Index,sources/nida/index-en.html,Hilkhot Nida — Family Purity · Choulhan Aroukh · Study in English | DAAT,200 (fichier présent),oui,oui,
https://daattorah.com/nida/he,he,nida,,,Index,sources/nida/index-he.html,הלכות נדה — טהרת המשפחה · שולחן ערוך · לימוד בעברית | DAAT,200 (fichier présent),oui,oui,
https://daattorah.com/nida/,fr,nida,,,Index,sources/nida/index.html,Hilkhot Nida — Taharat haMishpacha · Choulhan Aroukh · Étude en français | DAAT,200 (fichier présent),oui,oui,
https://daattorah.com/oh-quotidien/en,en,orah-haim,,,Index,sources/orah-haim/index-en.html,Orah Haim — Everyday Halacha · Choulhan Aroukh · Study in English | DAAT,200 (fichier présent),oui,oui,
https://daattorah.com/oh-quotidien/he,he,orah-haim,,,Index,sources/orah-haim/index-he.html,אורח חיים — הלכות יום-יומיות · שולחן ערוך · לימוד בעברית | DAAT,200 (fichier présent),oui,oui,
https://daattorah.com/oh-quotidien/,fr,orah-haim,,,Index,sources/orah-haim/index.html,Orah Haïm — Lois de tous les jours · Choulhan Aroukh · Étude en français | DAAT,200 (fichier présent),oui,oui,
https://daattorah.com/oh-quotidien/1/en,en,orah-haim,1,,Index,sources/orah-haim/siman-1/index-en.html,Siman 1 — Rising in the Morning (Hashkamat haBoker) | DAAT,200 (fichier présent),oui,oui,
https://daattorah.com/oh-quotidien/1/he,he,orah-haim,1,,Index,sources/orah-haim/siman-1/index-he.html,סימן א׳ — דין השכמת הבוקר | אורח חיים,200 (fichier présent),oui,oui,
https://daattorah.com/oh-quotidien/1/,fr,orah-haim,1,,Index,sources/orah-haim/siman-1/index.html,Siman 1 — La conduite au lever (השכמת הבוקר) | DAAT,200 (fichier présent),oui,oui,
https://daattorah.com/oh-quotidien/1/base/en,en,orah-haim,1,,1-Base,sources/orah-haim/siman-1/niveau-1-base-en.html,Siman א׳ · Level 1 — Conduct upon Rising | Orah Haïm — Daily,200 (fichier présent),oui,oui,
https://daattorah.com/oh-quotidien/1/base/he,he,orah-haim,1,,1-Base,sources/orah-haim/siman-1/niveau-1-base-he.html,סימן א׳ · רמה 1 בסיסית — דין השכמת הבוקר · התחלה לימודית | דעת,200 (fichier présent),oui,oui,
https://daattorah.com/oh-quotidien/1/base,fr,orah-haim,1,,1-Base,sources/orah-haim/siman-1/niveau-1-base.html,Siman א׳ · Niveau 1 — La conduite au lever | Orah Haïm — Quotidien,200 (fichier présent),oui,oui,
https://daattorah.com/oh-quotidien/1/lamdan/en,en,orah-haim,1,,2-Lamdan,sources/orah-haim/siman-1/niveau-2-lamdan-en.html,Siman א׳ · Level 2 (Lamdan) — Hashkamat haBoker | DAAT,200 (fichier présent),oui,oui,
https://daattorah.com/oh-quotidien/1/lamdan/he,he,orah-haim,1,,2-Lamdan,sources/orah-haim/siman-1/niveau-2-lamdan-he.html,סימן א׳ · רמה 2 (למדן) — השכמת הבוקר ושויתי ה׳ | דעת,200 (fichier présent),oui,oui,
https://daattorah.com/oh-quotidien/1/lamdan,fr,orah-haim,1,,2-Lamdan,sources/orah-haim/siman-1/niveau-2-lamdan.html,Siman א׳ · Niveau 2 (Lamdan) — שויתי ה׳ לנגדי | Orah Haïm,200 (fichier présent),oui,oui,
https://daattorah.com/oh-quotidien/1/synthese/en,en,orah-haim,1,,3-Synthese,sources/orah-haim/siman-1/niveau-3-synthese-en.html,Siman א׳ · Level 3 Master Synthesis — Summary & Mnemonics | DAAT,200 (fichier présent),oui,oui,
https://daattorah.com/oh-quotidien/1/synthese/he,he,orah-haim,1,,3-Synthese,sources/orah-haim/siman-1/niveau-3-synthese-he.html,סימן א׳ · רמה 3 סיכום מגיסטרלי — סיכום וסימני זיכרון | דעת,200 (fichier présent),oui,oui,
https://daattorah.com/oh-quotidien/1/synthese,fr,orah-haim,1,,3-Synthese,sources/orah-haim/siman-1/niveau-3-synthese.html,Siman א׳ · Niveau 3 — mnémoniques | Orah Haïm — Quotidien,200 (fichier présent),oui,oui,
https://daattorah.com/oh-quotidien/1/daat-harav/en,en,orah-haim,1,,4-DaatHaRav,sources/orah-haim/siman-1/niveau-4-daat-harav-en.html,Siman 1 · Level 4 — Shitah of the Alter Rebbe | Orach Chayim Daily,200 (fichier présent),oui,oui,
https://daattorah.com/oh-quotidien/1/daat-harav/he,he,orah-haim,1,,4-DaatHaRav,sources/orah-haim/siman-1/niveau-4-daat-harav-he.html,סימן א׳ · רמה 4 דעת הרב — שיטת אדמו״ר הזקן | אורח חיים יומי,200 (fichier présent),oui,oui,
https://daattorah.com/oh-quotidien/1/daat-harav,fr,orah-haim,1,,4-DaatHaRav,sources/orah-haim/siman-1/niveau-4-daat-harav.html,Siman 1 · Niveau 4 — Chitah de l'Admour HaZaken | Orah Haïm Quotidien,200 (fichier présent),oui,oui,
https://daattorah.com/oh-quotidien/10/en,en,orah-haim,10,,Index,sources/orah-haim/siman-10/index-en.html,Siman 10 — The Corners of the Tallit (כנפות הטלית) | DAAT,200 (fichier présent),oui,oui,
https://daattorah.com/oh-quotidien/10/he,he,orah-haim,10,,Index,sources/orah-haim/siman-10/index-he.html,סימן י׳ — דיני כנפות הטלית | אורח חיים,200 (fichier présent),oui,oui,
https://daattorah.com/oh-quotidien/10/,fr,orah-haim,10,,Index,sources/orah-haim/siman-10/index.html,Siman 10 — Les coins du talit (כנפות הטלית) | DAAT,200 (fichier présent),oui,oui,
https://daattorah.com/oh-quotidien/10/base/en,en,orah-haim,10,,1-Base,sources/orah-haim/siman-10/niveau-1-base-en.html,Siman י׳ · Level 1 — The corners of the talit (כנפות),200 (fichier présent),oui,oui,
https://daattorah.com/oh-quotidien/10/base/he,he,orah-haim,10,,1-Base,sources/orah-haim/siman-10/niveau-1-base-he.html,סימן י׳ · רמה 1 — דיני כנפות הטלית | דעת,200 (fichier présent),oui,oui,
https://daattorah.com/oh-quotidien/10/base,fr,orah-haim,10,,1-Base,sources/orah-haim/siman-10/niveau-1-base.html,Siman י׳ · Niveau 1 — Les coins du talit (כנפות),200 (fichier présent),oui,oui,
https://daattorah.com/oh-quotidien/10/lamdan/en,en,orah-haim,10,,2-Lamdan,sources/orah-haim/siman-10/niveau-2-lamdan-en.html,Siman י׳ · Level 2 (Lamdan) — דיני כנפות הטלית | DAAT,200 (fichier présent),oui,oui,
https://daattorah.com/oh-quotidien/10/lamdan/he,he,orah-haim,10,,2-Lamdan,sources/orah-haim/siman-10/niveau-2-lamdan-he.html,סימן י׳ · רמה 2 (למדן) — דיני כנפות הטלית | דעת,200 (fichier présent),oui,oui,
https://daattorah.com/oh-quotidien/10/lamdan,fr,orah-haim,10,,2-Lamdan,sources/orah-haim/siman-10/niveau-2-lamdan.html,Siman י׳ · Niveau 2 — דיני כנפות הטלית | Orah Haïm,200 (fichier présent),oui,oui,
https://daattorah.com/oh-quotidien/10/synthese/en,en,orah-haim,10,,3-Synthese,sources/orah-haim/siman-10/niveau-3-synthese-en.html,Siman י׳ · Level 3 Master Synthesis — Summary & Mnemonics | DAAT,200 (fichier présent),oui,oui,
https://daattorah.com/oh-quotidien/10/synthese/he,he,orah-haim,10,,3-Synthese,sources/orah-haim/siman-10/niveau-3-synthese-he.html,סימן י׳ · רמה 3 סיכום מגיסטרלי — סיכום וסימני זיכרון | דעת,200 (fichier présent),oui,oui,
https://daattorah.com/oh-quotidien/10/synthese,fr,orah-haim,10,,3-Synthese,sources/orah-haim/siman-10/niveau-3-synthese.html,Siman י׳ · Niveau 3 — Synthèse | Orah Haïm — Quotidien,200 (fichier présent),oui,oui,
https://daattorah.com/oh-quotidien/10/daat-harav/en,en,orah-haim,10,,4-DaatHaRav,sources/orah-haim/siman-10/niveau-4-daat-harav-en.html,Siman 10 · Level 4 — Shitah of the Alter Rebbe | Orah Haim,200 (fichier présent),oui,oui,
https://daattorah.com/oh-quotidien/10/daat-harav/he,he,orah-haim,10,,4-DaatHaRav,sources/orah-haim/siman-10/niveau-4-daat-harav-he.html,סימן י׳ · רמה ד — שיטת אדמו״ר הזקן | אורח חיים,200 (fichier présent),oui,oui,
https://daattorah.com/oh-quotidien/10/daat-harav,fr,orah-haim,10,,4-DaatHaRav,sources/orah-haim/siman-10/niveau-4-daat-harav.html,Siman 10 · Niveau 4 — Chitah de l'Admour HaZaken | Orah Haïm,200 (fichier présent),oui,oui,
https://daattorah.com/oh-quotidien/11/en,en,orah-haim,11,,Index,sources/orah-haim/siman-11/index-en.html,Siman 11 — The Tzitzit Strings (חוטי הציצית) | DAAT,200 (fichier présent),oui,oui,
https://daattorah.com/oh-quotidien/11/he,he,orah-haim,11,,Index,sources/orah-haim/siman-11/index-he.html,סימן י״א — דיני חוטי הציצית | אורח חיים,200 (fichier présent),oui,oui,
https://daattorah.com/oh-quotidien/11/,fr,orah-haim,11,,Index,sources/orah-haim/siman-11/index.html,Siman 11 — Les fils du tsitsit (חוטי הציצית) | DAAT,200 (fichier présent),oui,oui,
https://daattorah.com/oh-quotidien/11/base/en,en,orah-haim,11,,1-Base,sources/orah-haim/siman-11/niveau-1-base-en.html,Siman י״א · Level 1 — The strands of the tsitsit (חוטי הציצית),200 (fichier présent),oui,oui,
https://daattorah.com/oh-quotidien/11/base/he,he,orah-haim,11,,1-Base,sources/orah-haim/siman-11/niveau-1-base-he.html,סימן י״א · רמה 1 — דיני חוטי הציצית | דעת,200 (fichier présent),oui,oui,
https://daattorah.com/oh-quotidien/11/base,fr,orah-haim,11,,1-Base,sources/orah-haim/siman-11/niveau-1-base.html,Siman י״א · Niveau 1 — Les fils du tsitsit (חוטי הציצית),200 (fichier présent),oui,oui,
https://daattorah.com/oh-quotidien/11/lamdan/en,en,orah-haim,11,,2-Lamdan,sources/orah-haim/siman-11/niveau-2-lamdan-en.html,Siman י״א · Level 2 — דיני חוטי הציצית | Orah Haïm,200 (fichier présent),oui,oui,
https://daattorah.com/oh-quotidien/11/lamdan/he,he,orah-haim,11,,2-Lamdan,sources/orah-haim/siman-11/niveau-2-lamdan-he.html,סימן י״א · רמה 2 (למדן) — דיני חוטי הציצית | דעת,200 (fichier présent),oui,oui,
https://daattorah.com/oh-quotidien/11/lamdan,fr,orah-haim,11,,2-Lamdan,sources/orah-haim/siman-11/niveau-2-lamdan.html,Siman י״א · Niveau 2 — דיני חוטי הציצית | Orah Haïm,200 (fichier présent),oui,oui,
https://daattorah.com/oh-quotidien/11/synthese/en,en,orah-haim,11,,3-Synthese,sources/orah-haim/siman-11/niveau-3-synthese-en.html,Siman י״א · Level 3 Master Synthesis — Summary & Mnemonics | DAAT,200 (fichier présent),oui,oui,
https://daattorah.com/oh-quotidien/11/synthese/he,he,orah-haim,11,,3-Synthese,sources/orah-haim/siman-11/niveau-3-synthese-he.html,סימן י״א · רמה 3 סיכום מגיסטרלי — סיכום וסימני זיכרון | דעת,200 (fichier présent),oui,oui,
https://daattorah.com/oh-quotidien/11/synthese,fr,orah-haim,11,,3-Synthese,sources/orah-haim/siman-11/niveau-3-synthese.html,Siman י״א · Niveau 3 — Synthèse | Orah Haïm — Quotidien,200 (fichier présent),oui,oui,
https://daattorah.com/oh-quotidien/11/daat-harav/en,en,orah-haim,11,,4-DaatHaRav,sources/orah-haim/siman-11/niveau-4-daat-harav-en.html,Siman 11 · Level 4 — Shitah of the Alter Rebbe | Orah Haim,200 (fichier présent),oui,oui,
https://daattorah.com/oh-quotidien/11/daat-harav/he,he,orah-haim,11,,4-DaatHaRav,sources/orah-haim/siman-11/niveau-4-daat-harav-he.html,סימן י״א · רמה ד — שיטת אדמו״ר הזקן | אורח חיים,200 (fichier présent),oui,oui,
https://daattorah.com/oh-quotidien/11/daat-harav,fr,orah-haim,11,,4-DaatHaRav,sources/orah-haim/siman-11/niveau-4-daat-harav.html,Siman 11 · Niveau 4 — Chitah de l'Admour HaZaken | Orah Haïm,200 (fichier présent),oui,oui,
https://daattorah.com/oh-quotidien/12/en,en,orah-haim,12,,Index,sources/orah-haim/siman-12/index-en.html,Siman 12 — What Renders Tzitzit Pasoul (כדי עניבה) | DAAT,200 (fichier présent),oui,oui,
https://daattorah.com/oh-quotidien/12/he,he,orah-haim,12,,Index,sources/orah-haim/siman-12/index-he.html,סימן י״ב — דברים הפוסלים בציצית | אורח חיים,200 (fichier présent),oui,oui,
https://daattorah.com/oh-quotidien/12/,fr,orah-haim,12,,Index,sources/orah-haim/siman-12/index.html,Siman 12 — Ce qui rend le tsitsit pasoul (כדי עניבה) | DAAT,200 (fichier présent),oui,oui,
https://daattorah.com/oh-quotidien/12/base/en,en,orah-haim,12,,1-Base,sources/orah-haim/siman-12/niveau-1-base-en.html,Siman י״ב · Level 1 — What makes the tsitsit pasoul,200 (fichier présent),oui,oui,
https://daattorah.com/oh-quotidien/12/base/he,he,orah-haim,12,,1-Base,sources/orah-haim/siman-12/niveau-1-base-he.html,סימן י״ב · רמה 1 — דברים הפוסלים בציצית | דעת,200 (fichier présent),oui,oui,
https://daattorah.com/oh-quotidien/12/base,fr,orah-haim,12,,1-Base,sources/orah-haim/siman-12/niveau-1-base.html,Siman י״ב · Niveau 1 — Ce qui rend le tsitsit pasoul,200 (fichier présent),oui,oui,
https://daattorah.com/oh-quotidien/12/lamdan/en,en,orah-haim,12,,2-Lamdan,sources/orah-haim/siman-12/niveau-2-lamdan-en.html,Siman י״ב · Level 2 — דברים הפוסלים בציצית | Orah Haïm,200 (fichier présent),oui,oui,
https://daattorah.com/oh-quotidien/12/lamdan/he,he,orah-haim,12,,2-Lamdan,sources/orah-haim/siman-12/niveau-2-lamdan-he.html,סימן י״ב · רמה 2 (למדן) — דברים הפוסלים בציצית | דעת,200 (fichier présent),oui,oui,
https://daattorah.com/oh-quotidien/12/lamdan,fr,orah-haim,12,,2-Lamdan,sources/orah-haim/siman-12/niveau-2-lamdan.html,Siman י״ב · Niveau 2 — דברים הפוסלים בציצית | Orah Haïm,200 (fichier présent),oui,oui,
https://daattorah.com/oh-quotidien/12/synthese/en,en,orah-haim,12,,3-Synthese,sources/orah-haim/siman-12/niveau-3-synthese-en.html,Siman י״ב · Level 3 Master Synthesis — Summary & Mnemonics | DAAT,200 (fichier présent),oui,oui,
https://daattorah.com/oh-quotidien/12/synthese/he,he,orah-haim,12,,3-Synthese,sources/orah-haim/siman-12/niveau-3-synthese-he.html,סימן י״ב · רמה 3 סיכום מגיסטרלי — סיכום וסימני זיכרון | דעת,200 (fichier présent),oui,oui,
https://daattorah.com/oh-quotidien/12/synthese,fr,orah-haim,12,,3-Synthese,sources/orah-haim/siman-12/niveau-3-synthese.html,Siman י״ב · Niveau 3 — Synthèse | Orah Haïm — Quotidien,200 (fichier présent),oui,oui,
https://daattorah.com/oh-quotidien/12/daat-harav/en,en,orah-haim,12,,4-DaatHaRav,sources/orah-haim/siman-12/niveau-4-daat-harav-en.html,Siman 12 · Level 4 — Shitah of the Alter Rebbe | Orah Haim,200 (fichier présent),oui,oui,
https://daattorah.com/oh-quotidien/12/daat-harav/he,he,orah-haim,12,,4-DaatHaRav,sources/orah-haim/siman-12/niveau-4-daat-harav-he.html,סימן י״ב · רמה ד — שיטת אדמו״ר הזקן | אורח חיים,200 (fichier présent),oui,oui,
https://daattorah.com/oh-quotidien/12/daat-harav,fr,orah-haim,12,,4-DaatHaRav,sources/orah-haim/siman-12/niveau-4-daat-harav.html,Siman 12 · Niveau 4 — Chitah de l'Admour HaZaken | Orah Haïm,200 (fichier présent),oui,oui,
https://daattorah.com/oh-quotidien/13/en,en,orah-haim,13,,Index,sources/orah-haim/siman-13/index-en.html,Siman 13 — Tzitzit on Shabbat (דיני ציצית בשבת) | DAAT,200 (fichier présent),oui,oui,
https://daattorah.com/oh-quotidien/13/he,he,orah-haim,13,,Index,sources/orah-haim/siman-13/index-he.html,סימן י״ג — דיני ציצית בשבת | אורח חיים,200 (fichier présent),oui,oui,
https://daattorah.com/oh-quotidien/13/,fr,orah-haim,13,,Index,sources/orah-haim/siman-13/index.html,Siman 13 — Le tsitsit à Chabbat (דיני ציצית בשבת) | DAAT,200 (fichier présent),oui,oui,
https://daattorah.com/oh-quotidien/13/base/en,en,orah-haim,13,,1-Base,sources/orah-haim/siman-13/niveau-1-base-en.html,Siman י״ג · Level 1 — Tsitsit on Shabbat,200 (fichier présent),oui,oui,
https://daattorah.com/oh-quotidien/13/base/he,he,orah-haim,13,,1-Base,sources/orah-haim/siman-13/niveau-1-base-he.html,סימן י״ג · רמה 1 — דיני ציצית בשבת | דעת,200 (fichier présent),oui,oui,
https://daattorah.com/oh-quotidien/13/base,fr,orah-haim,13,,1-Base,sources/orah-haim/siman-13/niveau-1-base.html,Siman י״ג · Niveau 1 — Le tsitsit à Chabbat,200 (fichier présent),oui,oui,
https://daattorah.com/oh-quotidien/13/lamdan/en,en,orah-haim,13,,2-Lamdan,sources/orah-haim/siman-13/niveau-2-lamdan-en.html,Siman י״ג · Level 2 — דיני ציצית בשבת | Orah Haïm,200 (fichier présent),oui,oui,
https://daattorah.com/oh-quotidien/13/lamdan/he,he,orah-haim,13,,2-Lamdan,sources/orah-haim/siman-13/niveau-2-lamdan-he.html,סימן י״ג · רמה 2 (למדן) — דיני ציצית בשבת | דעת,200 (fichier présent),oui,oui,
https://daattorah.com/oh-quotidien/13/lamdan,fr,orah-haim,13,,2-Lamdan,sources/orah-haim/siman-13/niveau-2-lamdan.html,Siman י״ג · Niveau 2 — דיני ציצית בשבת | Orah Haïm,200 (fichier présent),oui,oui,
https://daattorah.com/oh-quotidien/13/synthese/en,en,orah-haim,13,,3-Synthese,sources/orah-haim/siman-13/niveau-3-synthese-en.html,Siman י״ג · Level 3 Master Synthesis — Tsitsit on Shabbat | DAAT,200 (fichier présent),oui,oui,
https://daattorah.com/oh-quotidien/13/synthese/he,he,orah-haim,13,,3-Synthese,sources/orah-haim/siman-13/niveau-3-synthese-he.html,סימן י״ג · רמה 3 סיכום מגיסטרלי — דיני ציצית בשבת | דעת,200 (fichier présent),oui,oui,
https://daattorah.com/oh-quotidien/13/synthese,fr,orah-haim,13,,3-Synthese,sources/orah-haim/siman-13/niveau-3-synthese.html,Siman י״ג · Niveau 3 — Synthèse | Orah Haïm — Quotidien,200 (fichier présent),oui,oui,
https://daattorah.com/oh-quotidien/13/daat-harav/en,en,orah-haim,13,,4-DaatHaRav,sources/orah-haim/siman-13/niveau-4-daat-harav-en.html,Siman 13 · Level 4 — Shitah of the Alter Rebbe | Orah Haim,200 (fichier présent),oui,oui,
https://daattorah.com/oh-quotidien/13/daat-harav/he,he,orah-haim,13,,4-DaatHaRav,sources/orah-haim/siman-13/niveau-4-daat-harav-he.html,סימן י״ג · רמה ד — שיטת אדמו״ר הזקן | אורח חיים,200 (fichier présent),oui,oui,
https://daattorah.com/oh-quotidien/13/daat-harav,fr,orah-haim,13,,4-DaatHaRav,sources/orah-haim/siman-13/niveau-4-daat-harav.html,Siman 13 · Niveau 4 — Chitah de l'Admour HaZaken | Orah Haïm,200 (fichier présent),oui,oui,
https://daattorah.com/oh-quotidien/14/en,en,orah-haim,14,,Index,sources/orah-haim/siman-14/index-en.html,Siman 14 — Who May Make Tzitzit? The Borrowed Talit | DAAT,200 (fichier présent),oui,oui,
https://daattorah.com/oh-quotidien/14/he,he,orah-haim,14,,Index,sources/orah-haim/siman-14/index-he.html,סימן י״ד — ציצית שעשאן עכו״ם ונשים וטלית שאולה | אורח חיים,200 (fichier présent),oui,oui,
https://daattorah.com/oh-quotidien/14/,fr,orah-haim,14,,Index,sources/orah-haim/siman-14/index.html,Siman 14 — Qui peut faire les tsitsit ? Talit emprunté | DAAT,200 (fichier présent),oui,oui,
https://daattorah.com/oh-quotidien/14/base/en,en,orah-haim,14,,1-Base,sources/orah-haim/siman-14/niveau-1-base-en.html,Siman י״ד · Level 1 — Who makes tsitsit; the borrowed talit,200 (fichier présent),oui,oui,
https://daattorah.com/oh-quotidien/14/base/he,he,orah-haim,14,,1-Base,sources/orah-haim/siman-14/niveau-1-base-he.html,סימן י״ד · רמה 1 — ציצית שעשאן עכו״ם ונשים וטלית שאולה | דעת,200 (fichier présent),oui,oui,
https://daattorah.com/oh-quotidien/14/base,fr,orah-haim,14,,1-Base,sources/orah-haim/siman-14/niveau-1-base.html,Siman י״ד · Niveau 1 — Qui fait le tsitsit ; le talit emprunté,200 (fichier présent),oui,oui,
https://daattorah.com/oh-quotidien/14/lamdan/en,en,orah-haim,14,,2-Lamdan,sources/orah-haim/siman-14/niveau-2-lamdan-en.html,Siman י״ד · Level 2 — ציצית שעשאן עכו״ם ונשים | Orah Haïm,200 (fichier présent),oui,oui,
https://daattorah.com/oh-quotidien/14/lamdan/he,he,orah-haim,14,,2-Lamdan,sources/orah-haim/siman-14/niveau-2-lamdan-he.html,סימן י״ד · רמה 2 (למדן) — ציצית שעשאן עכו״ם ונשים | דעת,200 (fichier présent),oui,oui,
https://daattorah.com/oh-quotidien/14/lamdan,fr,orah-haim,14,,2-Lamdan,sources/orah-haim/siman-14/niveau-2-lamdan.html,Siman י״ד · Niveau 2 — ציצית שעשאן עכו״ם ונשים | Orah Haïm,200 (fichier présent),oui,oui,
https://daattorah.com/oh-quotidien/14/synthese/en,en,orah-haim,14,,3-Synthese,sources/orah-haim/siman-14/niveau-3-synthese-en.html,Siman י״ד · Level 3 Synthesis — Who Makes the Tsitsit | DAAT,200 (fichier présent),oui,oui,
https://daattorah.com/oh-quotidien/14/synthese/he,he,orah-haim,14,,3-Synthese,sources/orah-haim/siman-14/niveau-3-synthese-he.html,סימן י״ד · רמה 3 סיכום — ציצית שעשאן עכו״ם ונשים | דעת,200 (fichier présent),oui,oui,
https://daattorah.com/oh-quotidien/14/synthese,fr,orah-haim,14,,3-Synthese,sources/orah-haim/siman-14/niveau-3-synthese.html,Siman י״ד · Niveau 3 — Synthèse | Orah Haïm — Quotidien,200 (fichier présent),oui,oui,
https://daattorah.com/oh-quotidien/14/daat-harav/en,en,orah-haim,14,,4-DaatHaRav,sources/orah-haim/siman-14/niveau-4-daat-harav-en.html,Siman 14 · Level 4 — Daat HaRav (the Alter Rebbe) | Orah Haim,200 (fichier présent),oui,oui,
https://daattorah.com/oh-quotidien/14/daat-harav/he,he,orah-haim,14,,4-DaatHaRav,sources/orah-haim/siman-14/niveau-4-daat-harav-he.html,סימן י״ד · רמה 4 — דעת הרב (אדמו״ר הזקן) | אורח חיים,200 (fichier présent),oui,oui,
https://daattorah.com/oh-quotidien/14/daat-harav,fr,orah-haim,14,,4-DaatHaRav,sources/orah-haim/siman-14/niveau-4-daat-harav.html,Siman 14 · Niveau 4 — Daat HaRav (Admour HaZaken) | Orah Haïm,200 (fichier présent),oui,oui,
https://daattorah.com/oh-quotidien/15/en,en,orah-haim,15,,Index,sources/orah-haim/siman-15/index-en.html,Siman 15 — Transferring Tzitzit; the Torn Talit | DAAT,200 (fichier présent),oui,oui,
https://daattorah.com/oh-quotidien/15/he,he,orah-haim,15,,Index,sources/orah-haim/siman-15/index-he.html,סימן ט״ו — התרת ציצית מבגד לבגד ונקרע הטלית | אורח חיים,200 (fichier présent),oui,oui,
https://daattorah.com/oh-quotidien/15/,fr,orah-haim,15,,Index,sources/orah-haim/siman-15/index.html,Siman 15 — Transférer les tsitsit ; le talit déchiré | DAAT,200 (fichier présent),oui,oui,
https://daattorah.com/oh-quotidien/15/base/en,en,orah-haim,15,,1-Base,sources/orah-haim/siman-15/niveau-1-base-en.html,"Siman ט״ו · Level 1 — Transferring tsitsit, torn talit",200 (fichier présent),oui,oui,
https://daattorah.com/oh-quotidien/15/base/he,he,orah-haim,15,,1-Base,sources/orah-haim/siman-15/niveau-1-base-he.html,סימן ט״ו · רמה 1 — התרת ציצית מבגד לבגד ונקרע הטלית | דעת,200 (fichier présent),oui,oui,
https://daattorah.com/oh-quotidien/15/base,fr,orah-haim,15,,1-Base,sources/orah-haim/siman-15/niveau-1-base.html,"Siman ט״ו · Niveau 1 — Transférer les tsitsit, talit déchiré",200 (fichier présent),oui,oui,
https://daattorah.com/oh-quotidien/15/lamdan/en,en,orah-haim,15,,2-Lamdan,sources/orah-haim/siman-15/niveau-2-lamdan-en.html,Siman ט״ו · Level 2 — התרת ציצית ונקרע הטלית | Orah Haïm,200 (fichier présent),oui,oui,
https://daattorah.com/oh-quotidien/15/lamdan/he,he,orah-haim,15,,2-Lamdan,sources/orah-haim/siman-15/niveau-2-lamdan-he.html,סימן ט״ו · רמה 2 (למדן) — התרת ציצית ונקרע הטלית | דעת,200 (fichier présent),oui,oui,
https://daattorah.com/oh-quotidien/15/lamdan,fr,orah-haim,15,,2-Lamdan,sources/orah-haim/siman-15/niveau-2-lamdan.html,Siman ט״ו · Niveau 2 — התרת ציצית ונקרע הטלית | Orah Haïm,200 (fichier présent),oui,oui,
https://daattorah.com/oh-quotidien/15/synthese/en,en,orah-haim,15,,3-Synthese,sources/orah-haim/siman-15/niveau-3-synthese-en.html,Siman ט״ו · Level 3 Master Synthesis — Tsitsit Transfer | DAAT,200 (fichier présent),oui,oui,
https://daattorah.com/oh-quotidien/15/synthese/he,he,orah-haim,15,,3-Synthese,sources/orah-haim/siman-15/niveau-3-synthese-he.html,סימן ט״ו · רמה 3 סיכום מגיסטרלי — התרת ציצית ונקרע הטלית | דעת,200 (fichier présent),oui,oui,
https://daattorah.com/oh-quotidien/15/synthese,fr,orah-haim,15,,3-Synthese,sources/orah-haim/siman-15/niveau-3-synthese.html,Siman ט״ו · Niveau 3 — Synthèse | Orah Haïm — Quotidien,200 (fichier présent),oui,oui,
https://daattorah.com/oh-quotidien/15/daat-harav/en,en,orah-haim,15,,4-DaatHaRav,sources/orah-haim/siman-15/niveau-4-daat-harav-en.html,Siman 15 · Level 4 — Daat HaRav (the Alter Rebbe) | Orah Haim,200 (fichier présent),oui,oui,
https://daattorah.com/oh-quotidien/15/daat-harav/he,he,orah-haim,15,,4-DaatHaRav,sources/orah-haim/siman-15/niveau-4-daat-harav-he.html,סימן ט״ו · רמה 4 — דעת הרב (אדמו״ר הזקן) | אורח חיים,200 (fichier présent),oui,oui,
https://daattorah.com/oh-quotidien/15/daat-harav,fr,orah-haim,15,,4-DaatHaRav,sources/orah-haim/siman-15/niveau-4-daat-harav.html,Siman 15 · Niveau 4 — Daat HaRav (Admour HaZaken) | Orah Haïm,200 (fichier présent),oui,oui,
https://daattorah.com/oh-quotidien/16/en,en,orah-haim,16,,Index,sources/orah-haim/siman-16/index-en.html,Siman 16 — The Minimum Size of a Talit (שיעור טלית) | DAAT,200 (fichier présent),oui,oui,
https://daattorah.com/oh-quotidien/16/he,he,orah-haim,16,,Index,sources/orah-haim/siman-16/index-he.html,סימן ט״ז — שיעור טלית | אורח חיים,200 (fichier présent),oui,oui,
https://daattorah.com/oh-quotidien/16/,fr,orah-haim,16,,Index,sources/orah-haim/siman-16/index.html,Siman 16 — La taille minimale du talit (שיעור טלית) | DAAT,200 (fichier présent),oui,oui,
https://daattorah.com/oh-quotidien/16/base/en,en,orah-haim,16,,1-Base,sources/orah-haim/siman-16/niveau-1-base-en.html,Siman ט״ז · Level 1 — The minimum size of the talit,200 (fichier présent),oui,oui,
https://daattorah.com/oh-quotidien/16/base/he,he,orah-haim,16,,1-Base,sources/orah-haim/siman-16/niveau-1-base-he.html,סימן ט״ז · רמה 1 — שיעור טלית | דעת,200 (fichier présent),oui,oui,
https://daattorah.com/oh-quotidien/16/base,fr,orah-haim,16,,1-Base,sources/orah-haim/siman-16/niveau-1-base.html,Siman ט״ז · Niveau 1 — La taille minimale du talit,200 (fichier présent),oui,oui,
https://daattorah.com/oh-quotidien/16/lamdan/en,en,orah-haim,16,,2-Lamdan,sources/orah-haim/siman-16/niveau-2-lamdan-en.html,Siman ט״ז · Level 2 — שיעור טלית | Orah Haïm,200 (fichier présent),oui,oui,
https://daattorah.com/oh-quotidien/16/lamdan/he,he,orah-haim,16,,2-Lamdan,sources/orah-haim/siman-16/niveau-2-lamdan-he.html,סימן ט״ז · רמה 2 (למדן) — שיעור טלית | דעת,200 (fichier présent),oui,oui,
https://daattorah.com/oh-quotidien/16/lamdan,fr,orah-haim,16,,2-Lamdan,sources/orah-haim/siman-16/niveau-2-lamdan.html,Siman ט״ז · Niveau 2 — שיעור טלית | Orah Haïm,200 (fichier présent),oui,oui,
https://daattorah.com/oh-quotidien/16/synthese/en,en,orah-haim,16,,3-Synthese,sources/orah-haim/siman-16/niveau-3-synthese-en.html,Siman ט״ז · Level 3 Master Synthesis — The Talit Measure | DAAT,200 (fichier présent),oui,oui,
https://daattorah.com/oh-quotidien/16/synthese/he,he,orah-haim,16,,3-Synthese,sources/orah-haim/siman-16/niveau-3-synthese-he.html,סימן ט״ז · רמה 3 סיכום מגיסטרלי — שיעור טלית | דעת,200 (fichier présent),oui,oui,
https://daattorah.com/oh-quotidien/16/synthese,fr,orah-haim,16,,3-Synthese,sources/orah-haim/siman-16/niveau-3-synthese.html,Siman ט״ז · Niveau 3 — Synthèse | Orah Haïm — Quotidien,200 (fichier présent),oui,oui,
https://daattorah.com/oh-quotidien/16/daat-harav/en,en,orah-haim,16,,4-DaatHaRav,sources/orah-haim/siman-16/niveau-4-daat-harav-en.html,Siman 16 · Level 4 — Daat HaRav (the Alter Rebbe) | Orah Haim,200 (fichier présent),oui,oui,
https://daattorah.com/oh-quotidien/16/daat-harav/he,he,orah-haim,16,,4-DaatHaRav,sources/orah-haim/siman-16/niveau-4-daat-harav-he.html,סימן ט״ז · רמה 4 — דעת הרב (אדמו״ר הזקן) | אורח חיים,200 (fichier présent),oui,oui,
https://daattorah.com/oh-quotidien/16/daat-harav,fr,orah-haim,16,,4-DaatHaRav,sources/orah-haim/siman-16/niveau-4-daat-harav.html,Siman 16 · Niveau 4 — Daat HaRav (Admour HaZaken) | Orah Haïm,200 (fichier présent),oui,oui,
https://daattorah.com/oh-quotidien/17/en,en,orah-haim,17,,Index,sources/orah-haim/siman-17/index-en.html,Siman 17 — Who Must Wear Tzitzit (מי הם חייבין בציצית) | DAAT,200 (fichier présent),oui,oui,
https://daattorah.com/oh-quotidien/17/he,he,orah-haim,17,,Index,sources/orah-haim/siman-17/index-he.html,סימן י״ז — מי הם חייבין בציצית | אורח חיים,200 (fichier présent),oui,oui,
https://daattorah.com/oh-quotidien/17/,fr,orah-haim,17,,Index,sources/orah-haim/siman-17/index.html,Siman 17 — Qui est soumis au tsitsit (מי הם חייבין בציצית) | DAAT,200 (fichier présent),oui,oui,
https://daattorah.com/oh-quotidien/17/base/en,en,orah-haim,17,,1-Base,sources/orah-haim/siman-17/niveau-1-base-en.html,Siman י״ז · Level 1 — Who is obligated in tsitsit,200 (fichier présent),oui,oui,
https://daattorah.com/oh-quotidien/17/base/he,he,orah-haim,17,,1-Base,sources/orah-haim/siman-17/niveau-1-base-he.html,סימן י״ז · רמה 1 — מי הם חייבין בציצית | דעת,200 (fichier présent),oui,oui,
https://daattorah.com/oh-quotidien/17/base,fr,orah-haim,17,,1-Base,sources/orah-haim/siman-17/niveau-1-base.html,Siman י״ז · Niveau 1 — Qui est soumis au tsitsit,200 (fichier présent),oui,oui,
https://daattorah.com/oh-quotidien/17/lamdan/en,en,orah-haim,17,,2-Lamdan,sources/orah-haim/siman-17/niveau-2-lamdan-en.html,Siman י״ז · Level 2 — מי הם חייבין בציצית | Orah Haïm,200 (fichier présent),oui,oui,
https://daattorah.com/oh-quotidien/17/lamdan/he,he,orah-haim,17,,2-Lamdan,sources/orah-haim/siman-17/niveau-2-lamdan-he.html,סימן י״ז · רמה 2 (למדן) — מי הם חייבין בציצית | דעת,200 (fichier présent),oui,oui,
https://daattorah.com/oh-quotidien/17/lamdan,fr,orah-haim,17,,2-Lamdan,sources/orah-haim/siman-17/niveau-2-lamdan.html,Siman י״ז · Niveau 2 — מי הם חייבין בציצית | Orah Haïm,200 (fichier présent),oui,oui,
https://daattorah.com/oh-quotidien/17/synthese/en,en,orah-haim,17,,3-Synthese,sources/orah-haim/siman-17/niveau-3-synthese-en.html,Siman י״ז · Level 3 Master Synthesis — Who Wears Tsitsit | DAAT,200 (fichier présent),oui,oui,
https://daattorah.com/oh-quotidien/17/synthese/he,he,orah-haim,17,,3-Synthese,sources/orah-haim/siman-17/niveau-3-synthese-he.html,סימן י״ז · רמה 3 סיכום מגיסטרלי — מי הם חייבין בציצית | דעת,200 (fichier présent),oui,oui,
https://daattorah.com/oh-quotidien/17/synthese,fr,orah-haim,17,,3-Synthese,sources/orah-haim/siman-17/niveau-3-synthese.html,Siman י״ז · Niveau 3 — Synthèse | Orah Haïm — Quotidien,200 (fichier présent),oui,oui,
https://daattorah.com/oh-quotidien/17/daat-harav/en,en,orah-haim,17,,4-DaatHaRav,sources/orah-haim/siman-17/niveau-4-daat-harav-en.html,Siman 17 · Level 4 — Daat HaRav (the Alter Rebbe) | Orah Haim,200 (fichier présent),oui,oui,
https://daattorah.com/oh-quotidien/17/daat-harav/he,he,orah-haim,17,,4-DaatHaRav,sources/orah-haim/siman-17/niveau-4-daat-harav-he.html,סימן י״ז · רמה 4 — דעת הרב (אדמו״ר הזקן) | אורח חיים,200 (fichier présent),oui,oui,
https://daattorah.com/oh-quotidien/17/daat-harav,fr,orah-haim,17,,4-DaatHaRav,sources/orah-haim/siman-17/niveau-4-daat-harav.html,Siman 17 · Niveau 4 — Daat HaRav (Admour HaZaken) | Orah Haïm,200 (fichier présent),oui,oui,
https://daattorah.com/oh-quotidien/18/en,en,orah-haim,18,,Index,sources/orah-haim/siman-18/index-en.html,Siman 18 — The Time of Tzitzit (זמן ציצית) | DAAT,200 (fichier présent),oui,oui,
https://daattorah.com/oh-quotidien/18/he,he,orah-haim,18,,Index,sources/orah-haim/siman-18/index-he.html,סימן י״ח — זמן ציצית | אורח חיים,200 (fichier présent),oui,oui,
https://daattorah.com/oh-quotidien/18/,fr,orah-haim,18,,Index,sources/orah-haim/siman-18/index.html,Siman 18 — Le temps du tsitsit (זמן ציצית) | DAAT,200 (fichier présent),oui,oui,
https://daattorah.com/oh-quotidien/18/base/en,en,orah-haim,18,,1-Base,sources/orah-haim/siman-18/niveau-1-base-en.html,Siman י״ח · Level 1 — The Time of Tsitsit,200 (fichier présent),oui,oui,
https://daattorah.com/oh-quotidien/18/base/he,he,orah-haim,18,,1-Base,sources/orah-haim/siman-18/niveau-1-base-he.html,סימן י״ח · רמה 1 — זמן ציצית | דעת,200 (fichier présent),oui,oui,
https://daattorah.com/oh-quotidien/18/base,fr,orah-haim,18,,1-Base,sources/orah-haim/siman-18/niveau-1-base.html,Siman י״ח · Niveau 1 — Le temps du tsitsit,200 (fichier présent),oui,oui,
https://daattorah.com/oh-quotidien/18/lamdan/en,en,orah-haim,18,,2-Lamdan,sources/orah-haim/siman-18/niveau-2-lamdan-en.html,Siman י״ח · Level 2 — זמן ציצית | Orah Haïm,200 (fichier présent),oui,oui,
https://daattorah.com/oh-quotidien/18/lamdan/he,he,orah-haim,18,,2-Lamdan,sources/orah-haim/siman-18/niveau-2-lamdan-he.html,סימן י״ח · רמה 2 (למדן) — זמן ציצית | דעת,200 (fichier présent),oui,oui,
https://daattorah.com/oh-quotidien/18/lamdan,fr,orah-haim,18,,2-Lamdan,sources/orah-haim/siman-18/niveau-2-lamdan.html,Siman י״ח · Niveau 2 — זמן ציצית | Orah Haïm,200 (fichier présent),oui,oui,
https://daattorah.com/oh-quotidien/18/synthese/en,en,orah-haim,18,,3-Synthese,sources/orah-haim/siman-18/niveau-3-synthese-en.html,Siman י״ח · Level 3 Master Synthesis — Zman Tsitsit | DAAT,200 (fichier présent),oui,oui,
https://daattorah.com/oh-quotidien/18/synthese/he,he,orah-haim,18,,3-Synthese,sources/orah-haim/siman-18/niveau-3-synthese-he.html,סימן י״ח · רמה 3 סיכום מגיסטרלי — זמן ציצית | דעת,200 (fichier présent),oui,oui,
https://daattorah.com/oh-quotidien/18/synthese,fr,orah-haim,18,,3-Synthese,sources/orah-haim/siman-18/niveau-3-synthese.html,Siman י״ח · Niveau 3 — Synthèse | Orah Haïm — Quotidien,200 (fichier présent),oui,oui,
https://daattorah.com/oh-quotidien/18/daat-harav/en,en,orah-haim,18,,4-DaatHaRav,sources/orah-haim/siman-18/niveau-4-daat-harav-en.html,Siman 18 · Level 4 — Daat HaRav (the Alter Rebbe) | Orah Haim,200 (fichier présent),oui,oui,
https://daattorah.com/oh-quotidien/18/daat-harav/he,he,orah-haim,18,,4-DaatHaRav,sources/orah-haim/siman-18/niveau-4-daat-harav-he.html,סימן י״ח · רמה 4 — דעת הרב (אדמו״ר הזקן) | אורח חיים,200 (fichier présent),oui,oui,
https://daattorah.com/oh-quotidien/18/daat-harav,fr,orah-haim,18,,4-DaatHaRav,sources/orah-haim/siman-18/niveau-4-daat-harav.html,Siman 18 · Niveau 4 — Daat HaRav (Admour HaZaken) | Orah Haïm,200 (fichier présent),oui,oui,
https://daattorah.com/oh-quotidien/19/en,en,orah-haim,19,,Index,sources/orah-haim/siman-19/index-en.html,Siman 19 — The Blessing on Tzitzit (זמן ברכת ציצית) | DAAT,200 (fichier présent),oui,oui,
https://daattorah.com/oh-quotidien/19/he,he,orah-haim,19,,Index,sources/orah-haim/siman-19/index-he.html,סימן י״ט — זמן ברכת ציצית | אורח חיים,200 (fichier présent),oui,oui,
https://daattorah.com/oh-quotidien/19/,fr,orah-haim,19,,Index,sources/orah-haim/siman-19/index.html,Siman 19 — La berakha du tsitsit (זמן ברכת ציצית) | DAAT,200 (fichier présent),oui,oui,
https://daattorah.com/oh-quotidien/19/base/en,en,orah-haim,19,,1-Base,sources/orah-haim/siman-19/niveau-1-base-en.html,Siman י״ט · Level 1 — The Tsitsit Blessing,200 (fichier présent),oui,oui,
https://daattorah.com/oh-quotidien/19/base/he,he,orah-haim,19,,1-Base,sources/orah-haim/siman-19/niveau-1-base-he.html,סימן י״ט · רמה 1 — זמן ברכת ציצית | דעת,200 (fichier présent),oui,oui,
https://daattorah.com/oh-quotidien/19/base,fr,orah-haim,19,,1-Base,sources/orah-haim/siman-19/niveau-1-base.html,Siman י״ט · Niveau 1 — La berakha du tsitsit,200 (fichier présent),oui,oui,
https://daattorah.com/oh-quotidien/19/lamdan/en,en,orah-haim,19,,2-Lamdan,sources/orah-haim/siman-19/niveau-2-lamdan-en.html,Siman י״ט · Level 2 — זמן ברכת ציצית | Orah Haïm,200 (fichier présent),oui,oui,
https://daattorah.com/oh-quotidien/19/lamdan/he,he,orah-haim,19,,2-Lamdan,sources/orah-haim/siman-19/niveau-2-lamdan-he.html,סימן י״ט · רמה 2 (למדן) — זמן ברכת ציצית | דעת,200 (fichier présent),oui,oui,
https://daattorah.com/oh-quotidien/19/lamdan,fr,orah-haim,19,,2-Lamdan,sources/orah-haim/siman-19/niveau-2-lamdan.html,Siman י״ט · Niveau 2 — זמן ברכת ציצית | Orah Haïm,200 (fichier présent),oui,oui,
https://daattorah.com/oh-quotidien/19/synthese/en,en,orah-haim,19,,3-Synthese,sources/orah-haim/siman-19/niveau-3-synthese-en.html,Siman י״ט · Level 3 Master Synthesis — The Tsitsit Berakha | DAAT,200 (fichier présent),oui,oui,
https://daattorah.com/oh-quotidien/19/synthese/he,he,orah-haim,19,,3-Synthese,sources/orah-haim/siman-19/niveau-3-synthese-he.html,סימן י״ט · רמה 3 סיכום מגיסטרלי — זמן ברכת ציצית | דעת,200 (fichier présent),oui,oui,
https://daattorah.com/oh-quotidien/19/synthese,fr,orah-haim,19,,3-Synthese,sources/orah-haim/siman-19/niveau-3-synthese.html,Siman י״ט · Niveau 3 — Synthèse | Orah Haïm — Quotidien,200 (fichier présent),oui,oui,
https://daattorah.com/oh-quotidien/19/daat-harav/en,en,orah-haim,19,,4-DaatHaRav,sources/orah-haim/siman-19/niveau-4-daat-harav-en.html,Siman 19 · Level 4 — Daat HaRav (the Alter Rebbe) | Orah Haim,200 (fichier présent),oui,oui,
https://daattorah.com/oh-quotidien/19/daat-harav/he,he,orah-haim,19,,4-DaatHaRav,sources/orah-haim/siman-19/niveau-4-daat-harav-he.html,סימן י״ט · רמה 4 — דעת הרב (אדמו״ר הזקן) | אורח חיים,200 (fichier présent),oui,oui,
https://daattorah.com/oh-quotidien/19/daat-harav,fr,orah-haim,19,,4-DaatHaRav,sources/orah-haim/siman-19/niveau-4-daat-harav.html,Siman 19 · Niveau 4 — Daat HaRav (Admour HaZaken) | Orah Haïm,200 (fichier présent),oui,oui,
https://daattorah.com/oh-quotidien/2/en,en,orah-haim,2,,Index,sources/orah-haim/siman-2/index-en.html,Siman 2 — The Laws of Getting Dressed (Levishat Begadim) | DAAT,200 (fichier présent),oui,oui,
https://daattorah.com/oh-quotidien/2/he,he,orah-haim,2,,Index,sources/orah-haim/siman-2/index-he.html,סימן ב׳ — דין לבישת בגדים | אורח חיים,200 (fichier présent),oui,oui,
https://daattorah.com/oh-quotidien/2/,fr,orah-haim,2,,Index,sources/orah-haim/siman-2/index.html,Siman 2 — Les lois de l'habillement (לבישת בגדים) | DAAT,200 (fichier présent),oui,oui,
https://daattorah.com/oh-quotidien/2/base/en,en,orah-haim,2,,1-Base,sources/orah-haim/siman-2/niveau-1-base-en.html,Siman ב׳ · Level 1 — Laws of Dressing | Orah Haïm,200 (fichier présent),oui,oui,
https://daattorah.com/oh-quotidien/2/base/he,he,orah-haim,2,,1-Base,sources/orah-haim/siman-2/niveau-1-base-he.html,סימן ב׳ · רמה 1 — דין לבישת בגדים | דעת,200 (fichier présent),oui,oui,
https://daattorah.com/oh-quotidien/2/base,fr,orah-haim,2,,1-Base,sources/orah-haim/siman-2/niveau-1-base.html,Siman ב׳ · Niveau 1 — Lois de l'habillement | Orah Haïm,200 (fichier présent),oui,oui,
https://daattorah.com/oh-quotidien/2/lamdan/en,en,orah-haim,2,,2-Lamdan,sources/orah-haim/siman-2/niveau-2-lamdan-en.html,Siman ב׳ · Level 2 (Lamdan) — Dressing Laws | DAAT,200 (fichier présent),oui,oui,
https://daattorah.com/oh-quotidien/2/lamdan/he,he,orah-haim,2,,2-Lamdan,sources/orah-haim/siman-2/niveau-2-lamdan-he.html,סימן ב׳ · רמה 2 (למדן) — דין לבישת בגדים | דעת,200 (fichier présent),oui,oui,
https://daattorah.com/oh-quotidien/2/lamdan,fr,orah-haim,2,,2-Lamdan,sources/orah-haim/siman-2/niveau-2-lamdan.html,Siman ב׳ · Niveau 2 (Lamdan) — דין לבישת בגדים | Orah Haïm,200 (fichier présent),oui,oui,
https://daattorah.com/oh-quotidien/2/synthese/en,en,orah-haim,2,,3-Synthese,sources/orah-haim/siman-2/niveau-3-synthese-en.html,Siman ב׳ · Level 3 Master Synthesis — Summary & Mnemonics | DAAT,200 (fichier présent),oui,oui,
https://daattorah.com/oh-quotidien/2/synthese/he,he,orah-haim,2,,3-Synthese,sources/orah-haim/siman-2/niveau-3-synthese-he.html,סימן ב׳ · רמה 3 סיכום מגיסטרלי — סיכום וסימני זיכרון | דעת,200 (fichier présent),oui,oui,
https://daattorah.com/oh-quotidien/2/synthese,fr,orah-haim,2,,3-Synthese,sources/orah-haim/siman-2/niveau-3-synthese.html,Siman ב׳ · Niveau 3 — mnémoniques | Orah Haïm — Quotidien,200 (fichier présent),oui,oui,
https://daattorah.com/oh-quotidien/2/daat-harav/en,en,orah-haim,2,,4-DaatHaRav,sources/orah-haim/siman-2/niveau-4-daat-harav-en.html,Siman 2 · Level 4 — The Alter Rebbe's Approach | Orach Chayim,200 (fichier présent),oui,oui,
https://daattorah.com/oh-quotidien/2/daat-harav/he,he,orah-haim,2,,4-DaatHaRav,sources/orah-haim/siman-2/niveau-4-daat-harav-he.html,סימן ב׳ · רמה 4 — שיטת אדמו״ר הזקן | אורח חיים,200 (fichier présent),oui,oui,
https://daattorah.com/oh-quotidien/2/daat-harav,fr,orah-haim,2,,4-DaatHaRav,sources/orah-haim/siman-2/niveau-4-daat-harav.html,Siman 2 · Niveau 4 — Chitah de l'Admour HaZaken | Orah Haïm,200 (fichier présent),oui,oui,
https://daattorah.com/oh-quotidien/20/en,en,orah-haim,20,,Index,sources/orah-haim/siman-20/index-en.html,Siman 20 — Buying and Selling a Talit (לקיחת ומכירת טלית) | DAAT,200 (fichier présent),oui,oui,
https://daattorah.com/oh-quotidien/20/he,he,orah-haim,20,,Index,sources/orah-haim/siman-20/index-he.html,סימן כ׳ — דיני לקיחת ומכירת טלית | אורח חיים,200 (fichier présent),oui,oui,
https://daattorah.com/oh-quotidien/20/,fr,orah-haim,20,,Index,sources/orah-haim/siman-20/index.html,Siman 20 — Acheter et vendre un talit (לקיחת ומכירת טלית) | DAAT,200 (fichier présent),oui,oui,
https://daattorah.com/oh-quotidien/20/base/en,en,orah-haim,20,,1-Base,sources/orah-haim/siman-20/niveau-1-base-en.html,Siman כ׳ · Level 1 — Buying and Selling a Talit,200 (fichier présent),oui,oui,
https://daattorah.com/oh-quotidien/20/base/he,he,orah-haim,20,,1-Base,sources/orah-haim/siman-20/niveau-1-base-he.html,סימן כ׳ · רמה 1 — דיני לקיחת ומכירת טלית | דעת,200 (fichier présent),oui,oui,
https://daattorah.com/oh-quotidien/20/base,fr,orah-haim,20,,1-Base,sources/orah-haim/siman-20/niveau-1-base.html,Siman כ׳ · Niveau 1 — Acheter et vendre un talit,200 (fichier présent),oui,oui,
https://daattorah.com/oh-quotidien/20/lamdan/en,en,orah-haim,20,,2-Lamdan,sources/orah-haim/siman-20/niveau-2-lamdan-en.html,Siman כ׳ · Level 2 — דיני לקיחת ומכירת טלית | Orah Haïm,200 (fichier présent),oui,oui,
https://daattorah.com/oh-quotidien/20/lamdan/he,he,orah-haim,20,,2-Lamdan,sources/orah-haim/siman-20/niveau-2-lamdan-he.html,סימן כ׳ · רמה 2 (למדן) — דיני לקיחת ומכירת טלית | דעת,200 (fichier présent),oui,oui,
https://daattorah.com/oh-quotidien/20/lamdan,fr,orah-haim,20,,2-Lamdan,sources/orah-haim/siman-20/niveau-2-lamdan.html,Siman כ׳ · Niveau 2 — דיני לקיחת ומכירת טלית | Orah Haïm,200 (fichier présent),oui,oui,
https://daattorah.com/oh-quotidien/20/synthese/en,en,orah-haim,20,,3-Synthese,sources/orah-haim/siman-20/niveau-3-synthese-en.html,Siman כ׳ · Level 3 Synthesis — Buying and Selling a Talit | DAAT,200 (fichier présent),oui,oui,
https://daattorah.com/oh-quotidien/20/synthese/he,he,orah-haim,20,,3-Synthese,sources/orah-haim/siman-20/niveau-3-synthese-he.html,סימן כ׳ · רמה 3 סיכום מגיסטרלי — דיני לקיחת ומכירת טלית | דעת,200 (fichier présent),oui,oui,
https://daattorah.com/oh-quotidien/20/synthese,fr,orah-haim,20,,3-Synthese,sources/orah-haim/siman-20/niveau-3-synthese.html,Siman כ׳ · Niveau 3 — Synthèse | Orah Haïm — Quotidien,200 (fichier présent),oui,oui,
https://daattorah.com/oh-quotidien/20/daat-harav/en,en,orah-haim,20,,4-DaatHaRav,sources/orah-haim/siman-20/niveau-4-daat-harav-en.html,Siman 20 · Level 4 — Daat HaRav (the Alter Rebbe) | Orah Haim,200 (fichier présent),oui,oui,
https://daattorah.com/oh-quotidien/20/daat-harav/he,he,orah-haim,20,,4-DaatHaRav,sources/orah-haim/siman-20/niveau-4-daat-harav-he.html,סימן כ׳ · רמה 4 — דעת הרב (אדמו״ר הזקן) | אורח חיים,200 (fichier présent),oui,oui,
https://daattorah.com/oh-quotidien/20/daat-harav,fr,orah-haim,20,,4-DaatHaRav,sources/orah-haim/siman-20/niveau-4-daat-harav.html,Siman 20 · Niveau 4 — Daat HaRav (Admour HaZaken) | Orah Haïm,200 (fichier présent),oui,oui,
https://daattorah.com/oh-quotidien/21/en,en,orah-haim,21,,Index,sources/orah-haim/siman-21/index-en.html,Siman 21 — Torn Tzitzit and Worn Talitot (ציציות שנפסקו) | DAAT,200 (fichier présent),oui,oui,
https://daattorah.com/oh-quotidien/21/he,he,orah-haim,21,,Index,sources/orah-haim/siman-21/index-he.html,סימן כ״א — ציציות שנפסקו וטליתות ישנים | אורח חיים,200 (fichier présent),oui,oui,
https://daattorah.com/oh-quotidien/21/,fr,orah-haim,21,,Index,sources/orah-haim/siman-21/index.html,Siman 21 — Tsitsit coupés et talits usés (ציציות שנפסקו) | DAAT,200 (fichier présent),oui,oui,
https://daattorah.com/oh-quotidien/21/base/en,en,orah-haim,21,,1-Base,sources/orah-haim/siman-21/niveau-1-base-en.html,Siman כ״א · Level 1 — Cut tsitsit and worn-out talits,200 (fichier présent),oui,oui,
https://daattorah.com/oh-quotidien/21/base/he,he,orah-haim,21,,1-Base,sources/orah-haim/siman-21/niveau-1-base-he.html,סימן כ״א · רמה 1 — ציציות שנפסקו וטליתות ישנים | דעת,200 (fichier présent),oui,oui,
https://daattorah.com/oh-quotidien/21/base,fr,orah-haim,21,,1-Base,sources/orah-haim/siman-21/niveau-1-base.html,Siman כ״א · Niveau 1 — Tsitsit coupés et talits usés,200 (fichier présent),oui,oui,
https://daattorah.com/oh-quotidien/21/lamdan/en,en,orah-haim,21,,2-Lamdan,sources/orah-haim/siman-21/niveau-2-lamdan-en.html,Siman כ״א · Level 2 — ציציות שנפסקו וטליתות ישנים | Orah Haïm,200 (fichier présent),oui,oui,
https://daattorah.com/oh-quotidien/21/lamdan/he,he,orah-haim,21,,2-Lamdan,sources/orah-haim/siman-21/niveau-2-lamdan-he.html,סימן כ״א · רמה 2 (למדן) — ציציות שנפסקו וטליתות ישנים | דעת,200 (fichier présent),oui,oui,
https://daattorah.com/oh-quotidien/21/lamdan,fr,orah-haim,21,,2-Lamdan,sources/orah-haim/siman-21/niveau-2-lamdan.html,Siman כ״א · Niveau 2 — ציציות שנפסקו וטליתות ישנים | Orah Haïm,200 (fichier présent),oui,oui,
https://daattorah.com/oh-quotidien/21/synthese/en,en,orah-haim,21,,3-Synthese,sources/orah-haim/siman-21/niveau-3-synthese-en.html,Siman כ״א · Level 3 Master Synthesis — Severed Tsitsit | DAAT,200 (fichier présent),oui,oui,
https://daattorah.com/oh-quotidien/21/synthese/he,he,orah-haim,21,,3-Synthese,sources/orah-haim/siman-21/niveau-3-synthese-he.html,סימן כ״א · רמה 3 סיכום מגיסטרלי — ציציות שנפסקו | דעת,200 (fichier présent),oui,oui,
https://daattorah.com/oh-quotidien/21/synthese,fr,orah-haim,21,,3-Synthese,sources/orah-haim/siman-21/niveau-3-synthese.html,Siman כ״א · Niveau 3 — Synthèse | Orah Haïm — Quotidien,200 (fichier présent),oui,oui,
https://daattorah.com/oh-quotidien/21/daat-harav/en,en,orah-haim,21,,4-DaatHaRav,sources/orah-haim/siman-21/niveau-4-daat-harav-en.html,Siman 21 · Level 4 — Daat HaRav (the Alter Rebbe) | Orah Haim,200 (fichier présent),oui,oui,
https://daattorah.com/oh-quotidien/21/daat-harav/he,he,orah-haim,21,,4-DaatHaRav,sources/orah-haim/siman-21/niveau-4-daat-harav-he.html,סימן כ״א · רמה 4 — דעת הרב (אדמו״ר הזקן) | אורח חיים,200 (fichier présent),oui,oui,
https://daattorah.com/oh-quotidien/21/daat-harav,fr,orah-haim,21,,4-DaatHaRav,sources/orah-haim/siman-21/niveau-4-daat-harav.html,Siman 21 · Niveau 4 — Daat HaRav (Admour HaZaken) | Orah Haïm,200 (fichier présent),oui,oui,
https://daattorah.com/oh-quotidien/22/en,en,orah-haim,22,,Index,sources/orah-haim/siman-22/index-en.html,Siman 22 — Shehecheyanu on a New Talit (שהחיינו) | DAAT,200 (fichier présent),oui,oui,
https://daattorah.com/oh-quotidien/22/he,he,orah-haim,22,,Index,sources/orah-haim/siman-22/index-he.html,סימן כ״ב — ברכת שהחיינו על טלית חדשה | אורח חיים,200 (fichier présent),oui,oui,
https://daattorah.com/oh-quotidien/22/,fr,orah-haim,22,,Index,sources/orah-haim/siman-22/index.html,Siman 22 — Shehecheyanou sur un talit neuf (שהחיינו) | DAAT,200 (fichier présent),oui,oui,
https://daattorah.com/oh-quotidien/22/base/en,en,orah-haim,22,,1-Base,sources/orah-haim/siman-22/niveau-1-base-en.html,Siman כ״ב · Level 1 — Shehecheyanu on a New Talit,200 (fichier présent),oui,oui,
https://daattorah.com/oh-quotidien/22/base/he,he,orah-haim,22,,1-Base,sources/orah-haim/siman-22/niveau-1-base-he.html,סימן כ״ב · רמה 1 — ברכת שהחיינו על טלית חדשה | דעת,200 (fichier présent),oui,oui,
https://daattorah.com/oh-quotidien/22/base,fr,orah-haim,22,,1-Base,sources/orah-haim/siman-22/niveau-1-base.html,Siman כ״ב · Niveau 1 — Chéhéhiyanou sur le talit neuf,200 (fichier présent),oui,oui,
https://daattorah.com/oh-quotidien/22/lamdan/en,en,orah-haim,22,,2-Lamdan,sources/orah-haim/siman-22/niveau-2-lamdan-en.html,Siman כ״ב · Level 2 — ברכת שהחיינו על טלית חדשה | Orah Haim,200 (fichier présent),oui,oui,
https://daattorah.com/oh-quotidien/22/lamdan/he,he,orah-haim,22,,2-Lamdan,sources/orah-haim/siman-22/niveau-2-lamdan-he.html,סימן כ״ב · רמה 2 (למדן) — ברכת שהחיינו על טלית חדשה | דעת,200 (fichier présent),oui,oui,
https://daattorah.com/oh-quotidien/22/lamdan,fr,orah-haim,22,,2-Lamdan,sources/orah-haim/siman-22/niveau-2-lamdan.html,Siman כ״ב · Niveau 2 — ברכת שהחיינו על טלית חדשה | Orah Haïm,200 (fichier présent),oui,oui,
https://daattorah.com/oh-quotidien/22/synthese/en,en,orah-haim,22,,3-Synthese,sources/orah-haim/siman-22/niveau-3-synthese-en.html,"Siman כ״ב · Level 3 Synthesis — Shehecheyanu, New Talit | DAAT",200 (fichier présent),oui,oui,
https://daattorah.com/oh-quotidien/22/synthese/he,he,orah-haim,22,,3-Synthese,sources/orah-haim/siman-22/niveau-3-synthese-he.html,סימן כ״ב · רמה 3 סיכום — שהחיינו על טלית חדשה | דעת,200 (fichier présent),oui,oui,
https://daattorah.com/oh-quotidien/22/synthese,fr,orah-haim,22,,3-Synthese,sources/orah-haim/siman-22/niveau-3-synthese.html,Siman כ״ב · Niveau 3 — Synthèse | Orah Haïm — Quotidien,200 (fichier présent),oui,oui,
https://daattorah.com/oh-quotidien/22/daat-harav/en,en,orah-haim,22,,4-DaatHaRav,sources/orah-haim/siman-22/niveau-4-daat-harav-en.html,Siman 22 · Level 4 — Daat HaRav (the Alter Rebbe) | Orah Haim,200 (fichier présent),oui,oui,
https://daattorah.com/oh-quotidien/22/daat-harav/he,he,orah-haim,22,,4-DaatHaRav,sources/orah-haim/siman-22/niveau-4-daat-harav-he.html,סימן כ״ב · רמה 4 — דעת הרב (אדמו״ר הזקן) | אורח חיים,200 (fichier présent),oui,oui,
https://daattorah.com/oh-quotidien/22/daat-harav,fr,orah-haim,22,,4-DaatHaRav,sources/orah-haim/siman-22/niveau-4-daat-harav.html,Siman 22 · Niveau 4 — Daat HaRav (Admour HaZaken) | Orah Haïm,200 (fichier présent),oui,oui,
https://daattorah.com/oh-quotidien/23/en,en,orah-haim,23,,Index,sources/orah-haim/siman-23/index-en.html,Siman 23 — Tzitzit in a Cemetery (ציצית בבית הקברות) | DAAT,200 (fichier présent),oui,oui,
https://daattorah.com/oh-quotidien/23/he,he,orah-haim,23,,Index,sources/orah-haim/siman-23/index-he.html,סימן כ״ג — דיני ציצית בבית הקברות | אורח חיים,200 (fichier présent),oui,oui,
https://daattorah.com/oh-quotidien/23/,fr,orah-haim,23,,Index,sources/orah-haim/siman-23/index.html,Siman 23 — Le tsitsit au cimetière (ציצית בבית הקברות) | DAAT,200 (fichier présent),oui,oui,
https://daattorah.com/oh-quotidien/23/base/en,en,orah-haim,23,,1-Base,sources/orah-haim/siman-23/niveau-1-base-en.html,Siman כ״ג · Level 1 — Tsitsit in the Cemetery,200 (fichier présent),oui,oui,
https://daattorah.com/oh-quotidien/23/base/he,he,orah-haim,23,,1-Base,sources/orah-haim/siman-23/niveau-1-base-he.html,סימן כ״ג · רמה 1 — ציצית בבית הקברות | דעת,200 (fichier présent),oui,oui,
https://daattorah.com/oh-quotidien/23/base,fr,orah-haim,23,,1-Base,sources/orah-haim/siman-23/niveau-1-base.html,Siman כ״ג · Niveau 1 — Le tsitsit au cimetière,200 (fichier présent),oui,oui,
https://daattorah.com/oh-quotidien/23/lamdan/en,en,orah-haim,23,,2-Lamdan,sources/orah-haim/siman-23/niveau-2-lamdan-en.html,Siman כ״ג · Level 2 — דיני ציצית בבית הקברות | Orah Haïm,200 (fichier présent),oui,oui,
https://daattorah.com/oh-quotidien/23/lamdan/he,he,orah-haim,23,,2-Lamdan,sources/orah-haim/siman-23/niveau-2-lamdan-he.html,סימן כ״ג · רמה 2 (למדן) — דיני ציצית בבית הקברות | דעת,200 (fichier présent),oui,oui,
https://daattorah.com/oh-quotidien/23/lamdan,fr,orah-haim,23,,2-Lamdan,sources/orah-haim/siman-23/niveau-2-lamdan.html,Siman כ״ג · Niveau 2 — דיני ציצית בבית הקברות | Orah Haïm,200 (fichier présent),oui,oui,
https://daattorah.com/oh-quotidien/23/synthese/en,en,orah-haim,23,,3-Synthese,sources/orah-haim/siman-23/niveau-3-synthese-en.html,Siman כ״ג · Level 3 Synthesis — Tsitsit in the Cemetery | DAAT,200 (fichier présent),oui,oui,
https://daattorah.com/oh-quotidien/23/synthese/he,he,orah-haim,23,,3-Synthese,sources/orah-haim/siman-23/niveau-3-synthese-he.html,סימן כ״ג · רמה 3 סיכום מגיסטרלי — דיני ציצית בבית הקברות | דעת,200 (fichier présent),oui,oui,
https://daattorah.com/oh-quotidien/23/synthese,fr,orah-haim,23,,3-Synthese,sources/orah-haim/siman-23/niveau-3-synthese.html,Siman כ״ג · Niveau 3 — Synthèse | Orah Haïm — Quotidien,200 (fichier présent),oui,oui,
https://daattorah.com/oh-quotidien/23/daat-harav/en,en,orah-haim,23,,4-DaatHaRav,sources/orah-haim/siman-23/niveau-4-daat-harav-en.html,Siman 23 · Level 4 — Daat HaRav (the Alter Rebbe) | Orah Haim,200 (fichier présent),oui,oui,
https://daattorah.com/oh-quotidien/23/daat-harav/he,he,orah-haim,23,,4-DaatHaRav,sources/orah-haim/siman-23/niveau-4-daat-harav-he.html,סימן כ״ג · רמה 4 — דעת הרב (אדמו״ר הזקן) | אורח חיים,200 (fichier présent),oui,oui,
https://daattorah.com/oh-quotidien/23/daat-harav,fr,orah-haim,23,,4-DaatHaRav,sources/orah-haim/siman-23/niveau-4-daat-harav.html,Siman 23 · Niveau 4 — Daat HaRav (Admour HaZaken) | Orah Haïm,200 (fichier présent),oui,oui,
https://daattorah.com/oh-quotidien/24/en,en,orah-haim,24,,Index,sources/orah-haim/siman-24/index-en.html,"Siman 24 — Wearing Tzitzit, Its Reward and Punishment | DAAT",200 (fichier présent),oui,oui,
https://daattorah.com/oh-quotidien/24/he,he,orah-haim,24,,Index,sources/orah-haim/siman-24/index-he.html,סימן כ״ד — הנהגת לבישת הציצית ושכרה | אורח חיים,200 (fichier présent),oui,oui,
https://daattorah.com/oh-quotidien/24/,fr,orah-haim,24,,Index,sources/orah-haim/siman-24/index.html,Siman 24 — Le port du tsitsit et sa récompense | DAAT,200 (fichier présent),oui,oui,
https://daattorah.com/oh-quotidien/24/base/en,en,orah-haim,24,,1-Base,sources/orah-haim/siman-24/niveau-1-base-en.html,Siman כ״ד · Level 1 — Wearing the tsitsit and its reward,200 (fichier présent),oui,oui,
https://daattorah.com/oh-quotidien/24/base/he,he,orah-haim,24,,1-Base,sources/orah-haim/siman-24/niveau-1-base-he.html,סימן כ״ד · רמה 1 — הנהגת לבישת הציצית ושכרה | דעת,200 (fichier présent),oui,oui,
https://daattorah.com/oh-quotidien/24/base,fr,orah-haim,24,,1-Base,sources/orah-haim/siman-24/niveau-1-base.html,Siman כ״ד · Niveau 1 — Porter le tsitsit et sa récompense,200 (fichier présent),oui,oui,
https://daattorah.com/oh-quotidien/24/lamdan/en,en,orah-haim,24,,2-Lamdan,sources/orah-haim/siman-24/niveau-2-lamdan-en.html,Siman כ״ד · Level 2 — הנהגת הציצית ושכרה | Orah Haïm,200 (fichier présent),oui,oui,
https://daattorah.com/oh-quotidien/24/lamdan/he,he,orah-haim,24,,2-Lamdan,sources/orah-haim/siman-24/niveau-2-lamdan-he.html,סימן כ״ד · רמה 2 (למדן) — הנהגת הציצית ושכרה | דעת,200 (fichier présent),oui,oui,
https://daattorah.com/oh-quotidien/24/lamdan,fr,orah-haim,24,,2-Lamdan,sources/orah-haim/siman-24/niveau-2-lamdan.html,Siman כ״ד · Niveau 2 — הנהגת הציצית ושכרה | Orah Haïm,200 (fichier présent),oui,oui,
https://daattorah.com/oh-quotidien/24/synthese/en,en,orah-haim,24,,3-Synthese,sources/orah-haim/siman-24/niveau-3-synthese-en.html,Siman כ״ד · Level 3 Synthesis — Wearing the Tsitsit | DAAT,200 (fichier présent),oui,oui,
https://daattorah.com/oh-quotidien/24/synthese/he,he,orah-haim,24,,3-Synthese,sources/orah-haim/siman-24/niveau-3-synthese-he.html,סימן כ״ד · רמה 3 סיכום — הנהגת לבישת הציצית | דעת,200 (fichier présent),oui,oui,
https://daattorah.com/oh-quotidien/24/synthese,fr,orah-haim,24,,3-Synthese,sources/orah-haim/siman-24/niveau-3-synthese.html,Siman כ״ד · Niveau 3 — Synthèse | Orah Haïm — Quotidien,200 (fichier présent),oui,oui,
https://daattorah.com/oh-quotidien/24/daat-harav/en,en,orah-haim,24,,4-DaatHaRav,sources/orah-haim/siman-24/niveau-4-daat-harav-en.html,Siman 24 · Level 4 — Daat HaRav (the Alter Rebbe) | Orah Haim,200 (fichier présent),oui,oui,
https://daattorah.com/oh-quotidien/24/daat-harav/he,he,orah-haim,24,,4-DaatHaRav,sources/orah-haim/siman-24/niveau-4-daat-harav-he.html,סימן כ״ד · רמה 4 — דעת הרב (אדמו״ר הזקן) | אורח חיים,200 (fichier présent),oui,oui,
https://daattorah.com/oh-quotidien/24/daat-harav,fr,orah-haim,24,,4-DaatHaRav,sources/orah-haim/siman-24/niveau-4-daat-harav.html,Siman 24 · Niveau 4 — Daat HaRav (Admour HaZaken) | Orah Haïm,200 (fichier présent),oui,oui,
https://daattorah.com/oh-quotidien/25/en,en,orah-haim,25,,Index,sources/orah-haim/siman-25/index-en.html,Siman 25 — Donning Tefillin: Order and Kavana | DAAT,200 (fichier présent),oui,oui,
https://daattorah.com/oh-quotidien/25/he,he,orah-haim,25,,Index,sources/orah-haim/siman-25/index-he.html,סימן כ״ה — דיני תפילין בפרטות | אורח חיים,200 (fichier présent),oui,oui,
https://daattorah.com/oh-quotidien/25/,fr,orah-haim,25,,Index,sources/orah-haim/siman-25/index.html,Siman 25 — L'ordre et la kavana des téfilines | DAAT,200 (fichier présent),oui,oui,
https://daattorah.com/oh-quotidien/25/base/en,en,orah-haim,25,,1-Base,sources/orah-haim/siman-25/niveau-1-base-en.html,Siman כ״ה · Level 1 — Putting on tefilin: order & kavana,200 (fichier présent),oui,oui,
https://daattorah.com/oh-quotidien/25/base/he,he,orah-haim,25,,1-Base,sources/orah-haim/siman-25/niveau-1-base-he.html,סימן כ״ה · רמה 1 — דיני תפילין בפרטות | דעת,200 (fichier présent),oui,oui,
https://daattorah.com/oh-quotidien/25/base,fr,orah-haim,25,,1-Base,sources/orah-haim/siman-25/niveau-1-base.html,Siman כ״ה · Niveau 1 — L'ordre et la kavana des tefilin,200 (fichier présent),oui,oui,
https://daattorah.com/oh-quotidien/25/lamdan/en,en,orah-haim,25,,2-Lamdan,sources/orah-haim/siman-25/niveau-2-lamdan-en.html,Siman כ״ה · Level 2 — דיני תפילין בפרטות | Orah Haïm,200 (fichier présent),oui,oui,
https://daattorah.com/oh-quotidien/25/lamdan/he,he,orah-haim,25,,2-Lamdan,sources/orah-haim/siman-25/niveau-2-lamdan-he.html,סימן כ״ה · רמה 2 (למדן) — דיני תפילין בפרטות | דעת,200 (fichier présent),oui,oui,
https://daattorah.com/oh-quotidien/25/lamdan,fr,orah-haim,25,,2-Lamdan,sources/orah-haim/siman-25/niveau-2-lamdan.html,Siman כ״ה · Niveau 2 — דיני תפילין בפרטות | Orah Haïm,200 (fichier présent),oui,oui,
https://daattorah.com/oh-quotidien/25/synthese/en,en,orah-haim,25,,3-Synthese,sources/orah-haim/siman-25/niveau-3-synthese-en.html,Siman כ״ה · Level 3 Synthesis — Laws of Tefilin | DAAT,200 (fichier présent),oui,oui,
https://daattorah.com/oh-quotidien/25/synthese/he,he,orah-haim,25,,3-Synthese,sources/orah-haim/siman-25/niveau-3-synthese-he.html,סימן כ״ה · רמה 3 סיכום — דיני תפילין בפרטות | דעת,200 (fichier présent),oui,oui,
https://daattorah.com/oh-quotidien/25/synthese,fr,orah-haim,25,,3-Synthese,sources/orah-haim/siman-25/niveau-3-synthese.html,Siman כ״ה · Niveau 3 — Synthèse | Orah Haïm — Quotidien,200 (fichier présent),oui,oui,
https://daattorah.com/oh-quotidien/25/daat-harav/en,en,orah-haim,25,,4-DaatHaRav,sources/orah-haim/siman-25/niveau-4-daat-harav-en.html,Siman 25 · Level 4 — Daat HaRav (the Alter Rebbe) | Orah Haim,200 (fichier présent),oui,oui,
https://daattorah.com/oh-quotidien/25/daat-harav/he,he,orah-haim,25,,4-DaatHaRav,sources/orah-haim/siman-25/niveau-4-daat-harav-he.html,סימן כ״ה · רמה 4 — דעת הרב (אדמו״ר הזקן) | אורח חיים,200 (fichier présent),oui,oui,
https://daattorah.com/oh-quotidien/25/daat-harav,fr,orah-haim,25,,4-DaatHaRav,sources/orah-haim/siman-25/niveau-4-daat-harav.html,Siman 25 · Niveau 4 — Daat HaRav (Admour HaZaken) | Orah Haïm,200 (fichier présent),oui,oui,
https://daattorah.com/oh-quotidien/26/en,en,orah-haim,26,,Index,sources/orah-haim/siman-26/index-en.html,Siman 26 — One Who Has Only One Tefillin | DAAT,200 (fichier présent),oui,oui,
https://daattorah.com/oh-quotidien/26/he,he,orah-haim,26,,Index,sources/orah-haim/siman-26/index-he.html,סימן כ״ו — מי שאין לו אלא תפלה אחת | אורח חיים,200 (fichier présent),oui,oui,
https://daattorah.com/oh-quotidien/26/,fr,orah-haim,26,,Index,sources/orah-haim/siman-26/index.html,Siman 26 — N'avoir qu'un seul des téfilines | DAAT,200 (fichier présent),oui,oui,
https://daattorah.com/oh-quotidien/26/base/en,en,orah-haim,26,,1-Base,sources/orah-haim/siman-26/niveau-1-base-en.html,Siman כ״ו · Level 1 — Having only one tefilin,200 (fichier présent),oui,oui,
https://daattorah.com/oh-quotidien/26/base/he,he,orah-haim,26,,1-Base,sources/orah-haim/siman-26/niveau-1-base-he.html,סימן כ״ו · רמה 1 — דין מי שאין לו אלא תפלה אחת | דעת,200 (fichier présent),oui,oui,
https://daattorah.com/oh-quotidien/26/base,fr,orah-haim,26,,1-Base,sources/orah-haim/siman-26/niveau-1-base.html,Siman כ״ו · Niveau 1 — N'avoir qu'un seul tefilin,200 (fichier présent),oui,oui,
https://daattorah.com/oh-quotidien/26/lamdan/en,en,orah-haim,26,,2-Lamdan,sources/orah-haim/siman-26/niveau-2-lamdan-en.html,Siman כ״ו · Level 2 — מי שאין לו אלא תפלה אחת | Orah Haïm,200 (fichier présent),oui,oui,
https://daattorah.com/oh-quotidien/26/lamdan/he,he,orah-haim,26,,2-Lamdan,sources/orah-haim/siman-26/niveau-2-lamdan-he.html,סימן כ״ו · רמה 2 (למדן) — מי שאין לו אלא תפלה אחת | דעת,200 (fichier présent),oui,oui,
https://daattorah.com/oh-quotidien/26/lamdan,fr,orah-haim,26,,2-Lamdan,sources/orah-haim/siman-26/niveau-2-lamdan.html,Siman כ״ו · Niveau 2 — מי שאין לו אלא תפלה אחת | Orah Haïm,200 (fichier présent),oui,oui,
https://daattorah.com/oh-quotidien/26/synthese/en,en,orah-haim,26,,3-Synthese,sources/orah-haim/siman-26/niveau-3-synthese-en.html,Siman כ״ו · Level 3 Synthesis — Only One Tefilin | DAAT,200 (fichier présent),oui,oui,
https://daattorah.com/oh-quotidien/26/synthese/he,he,orah-haim,26,,3-Synthese,sources/orah-haim/siman-26/niveau-3-synthese-he.html,סימן כ״ו · רמה 3 סיכום — דין מי שאין לו אלא תפלה אחת | דעת,200 (fichier présent),oui,oui,
https://daattorah.com/oh-quotidien/26/synthese,fr,orah-haim,26,,3-Synthese,sources/orah-haim/siman-26/niveau-3-synthese.html,Siman כ״ו · Niveau 3 — Synthèse | Orah Haïm — Quotidien,200 (fichier présent),oui,oui,
https://daattorah.com/oh-quotidien/26/daat-harav/en,en,orah-haim,26,,4-DaatHaRav,sources/orah-haim/siman-26/niveau-4-daat-harav-en.html,Siman 26 · Level 4 — Daat HaRav (the Alter Rebbe) | Orah Haim,200 (fichier présent),oui,oui,
https://daattorah.com/oh-quotidien/26/daat-harav/he,he,orah-haim,26,,4-DaatHaRav,sources/orah-haim/siman-26/niveau-4-daat-harav-he.html,סימן כ״ו · רמה 4 — דעת הרב (אדמו״ר הזקן) | אורח חיים,200 (fichier présent),oui,oui,
https://daattorah.com/oh-quotidien/26/daat-harav,fr,orah-haim,26,,4-DaatHaRav,sources/orah-haim/siman-26/niveau-4-daat-harav.html,Siman 26 · Niveau 4 — Daat HaRav (Admour HaZaken) | Orah Haïm,200 (fichier présent),oui,oui,
https://daattorah.com/oh-quotidien/27/en,en,orah-haim,27,,Index,sources/orah-haim/siman-27/index-en.html,Siman 27 — Where and How to Don the Tefillin | DAAT,200 (fichier présent),oui,oui,
https://daattorah.com/oh-quotidien/27/he,he,orah-haim,27,,Index,sources/orah-haim/siman-27/index-he.html,סימן כ״ז — מקום הנחתן ואופן הנחתן | אורח חיים,200 (fichier présent),oui,oui,
https://daattorah.com/oh-quotidien/27/,fr,orah-haim,27,,Index,sources/orah-haim/siman-27/index.html,Siman 27 — Où et comment poser les téfilines | DAAT,200 (fichier présent),oui,oui,
https://daattorah.com/oh-quotidien/27/base/en,en,orah-haim,27,,1-Base,sources/orah-haim/siman-27/niveau-1-base-en.html,Siman כ״ז · Level 1 — Where and how to place tefilin,200 (fichier présent),oui,oui,
https://daattorah.com/oh-quotidien/27/base/he,he,orah-haim,27,,1-Base,sources/orah-haim/siman-27/niveau-1-base-he.html,סימן כ״ז · רמה 1 — מקום הנחתן ואופן הנחתן | דעת,200 (fichier présent),oui,oui,
https://daattorah.com/oh-quotidien/27/base,fr,orah-haim,27,,1-Base,sources/orah-haim/siman-27/niveau-1-base.html,Siman כ״ז · Niveau 1 — Emplacement et pose des tefilin,200 (fichier présent),oui,oui,
https://daattorah.com/oh-quotidien/27/lamdan/en,en,orah-haim,27,,2-Lamdan,sources/orah-haim/siman-27/niveau-2-lamdan-en.html,Siman כ״ז · Level 2 — מקום הנחתן ואופן הנחתן | Orah Haïm,200 (fichier présent),oui,oui,
https://daattorah.com/oh-quotidien/27/lamdan/he,he,orah-haim,27,,2-Lamdan,sources/orah-haim/siman-27/niveau-2-lamdan-he.html,סימן כ״ז · רמה 2 (למדן) — מקום הנחתן ואופן הנחתן | דעת,200 (fichier présent),oui,oui,
https://daattorah.com/oh-quotidien/27/lamdan,fr,orah-haim,27,,2-Lamdan,sources/orah-haim/siman-27/niveau-2-lamdan.html,Siman כ״ז · Niveau 2 — מקום הנחתן ואופן הנחתן | Orah Haïm,200 (fichier présent),oui,oui,
https://daattorah.com/oh-quotidien/27/synthese/en,en,orah-haim,27,,3-Synthese,sources/orah-haim/siman-27/niveau-3-synthese-en.html,Siman כ״ז · Level 3 Synthesis — Placement of Tefilin | DAAT,200 (fichier présent),oui,oui,
https://daattorah.com/oh-quotidien/27/synthese/he,he,orah-haim,27,,3-Synthese,sources/orah-haim/siman-27/niveau-3-synthese-he.html,סימן כ״ז · רמה 3 סיכום — מקום הנחתן ואופן הנחתן | דעת,200 (fichier présent),oui,oui,
https://daattorah.com/oh-quotidien/27/synthese,fr,orah-haim,27,,3-Synthese,sources/orah-haim/siman-27/niveau-3-synthese.html,Siman כ״ז · Niveau 3 — Synthèse | Orah Haïm — Quotidien,200 (fichier présent),oui,oui,
https://daattorah.com/oh-quotidien/27/daat-harav/en,en,orah-haim,27,,4-DaatHaRav,sources/orah-haim/siman-27/niveau-4-daat-harav-en.html,Siman 27 · Level 4 — Daat HaRav (the Alter Rebbe) | Orah Haim,200 (fichier présent),oui,oui,
https://daattorah.com/oh-quotidien/27/daat-harav/he,he,orah-haim,27,,4-DaatHaRav,sources/orah-haim/siman-27/niveau-4-daat-harav-he.html,סימן כ״ז · רמה 4 — דעת הרב (אדמו״ר הזקן) | אורח חיים,200 (fichier présent),oui,oui,
https://daattorah.com/oh-quotidien/27/daat-harav,fr,orah-haim,27,,4-DaatHaRav,sources/orah-haim/siman-27/niveau-4-daat-harav.html,Siman 27 · Niveau 4 — Daat HaRav (Admour HaZaken) | Orah Haïm,200 (fichier présent),oui,oui,
https://daattorah.com/oh-quotidien/28/en,en,orah-haim,28,,Index,sources/orah-haim/siman-28/index-en.html,Siman 28 — Removing the Tefillin | DAAT,200 (fichier présent),oui,oui,
https://daattorah.com/oh-quotidien/28/he,he,orah-haim,28,,Index,sources/orah-haim/siman-28/index-he.html,סימן כ״ח — דיני חליצת התפילין | אורח חיים,200 (fichier présent),oui,oui,
https://daattorah.com/oh-quotidien/28/,fr,orah-haim,28,,Index,sources/orah-haim/siman-28/index.html,Siman 28 — Le retrait des téfilines | DAAT,200 (fichier présent),oui,oui,
https://daattorah.com/oh-quotidien/28/base/en,en,orah-haim,28,,1-Base,sources/orah-haim/siman-28/niveau-1-base-en.html,Siman כ״ח · Level 1 — Removing the tefilin,200 (fichier présent),oui,oui,
https://daattorah.com/oh-quotidien/28/base/he,he,orah-haim,28,,1-Base,sources/orah-haim/siman-28/niveau-1-base-he.html,סימן כ״ח · רמה 1 — דיני חליצת התפילין | דעת,200 (fichier présent),oui,oui,
https://daattorah.com/oh-quotidien/28/base,fr,orah-haim,28,,1-Base,sources/orah-haim/siman-28/niveau-1-base.html,Siman כ״ח · Niveau 1 — Le retrait des tefilin,200 (fichier présent),oui,oui,
https://daattorah.com/oh-quotidien/28/lamdan/en,en,orah-haim,28,,2-Lamdan,sources/orah-haim/siman-28/niveau-2-lamdan-en.html,Siman כ״ח · Level 2 — דיני חליצת התפילין | Orah Haïm,200 (fichier présent),oui,oui,
https://daattorah.com/oh-quotidien/28/lamdan/he,he,orah-haim,28,,2-Lamdan,sources/orah-haim/siman-28/niveau-2-lamdan-he.html,סימן כ״ח · רמה 2 (למדן) — דיני חליצת התפילין | דעת,200 (fichier présent),oui,oui,
https://daattorah.com/oh-quotidien/28/lamdan,fr,orah-haim,28,,2-Lamdan,sources/orah-haim/siman-28/niveau-2-lamdan.html,Siman כ״ח · Niveau 2 — דיני חליצת התפילין | Orah Haïm,200 (fichier présent),oui,oui,
https://daattorah.com/oh-quotidien/28/synthese/en,en,orah-haim,28,,3-Synthese,sources/orah-haim/siman-28/niveau-3-synthese-en.html,Siman כ״ח · Level 3 Synthesis — Removing Tefilin | DAAT,200 (fichier présent),oui,oui,
https://daattorah.com/oh-quotidien/28/synthese/he,he,orah-haim,28,,3-Synthese,sources/orah-haim/siman-28/niveau-3-synthese-he.html,סימן כ״ח · רמה 3 סיכום — דיני חליצת התפילין | דעת,200 (fichier présent),oui,oui,
https://daattorah.com/oh-quotidien/28/synthese,fr,orah-haim,28,,3-Synthese,sources/orah-haim/siman-28/niveau-3-synthese.html,Siman כ״ח · Niveau 3 — Synthèse | Orah Haïm — Quotidien,200 (fichier présent),oui,oui,
https://daattorah.com/oh-quotidien/28/daat-harav/en,en,orah-haim,28,,4-DaatHaRav,sources/orah-haim/siman-28/niveau-4-daat-harav-en.html,Siman 28 · Level 4 — Daat HaRav (the Alter Rebbe) | Orah Haim,200 (fichier présent),oui,oui,
https://daattorah.com/oh-quotidien/28/daat-harav/he,he,orah-haim,28,,4-DaatHaRav,sources/orah-haim/siman-28/niveau-4-daat-harav-he.html,סימן כ״ח · רמה 4 — דעת הרב (אדמו״ר הזקן) | אורח חיים,200 (fichier présent),oui,oui,
https://daattorah.com/oh-quotidien/28/daat-harav,fr,orah-haim,28,,4-DaatHaRav,sources/orah-haim/siman-28/niveau-4-daat-harav.html,Siman 28 · Niveau 4 — Daat HaRav (Admour HaZaken) | Orah Haïm,200 (fichier présent),oui,oui,
https://daattorah.com/oh-quotidien/29/en,en,orah-haim,29,,Index,sources/orah-haim/siman-29/index-en.html,Siman 29 — No Berakha upon Removing Tefillin | DAAT,200 (fichier présent),oui,oui,
https://daattorah.com/oh-quotidien/29/he,he,orah-haim,29,,Index,sources/orah-haim/siman-29/index-he.html,סימן כ״ט — אין מברכין בחליצת התפילין | אורח חיים,200 (fichier présent),oui,oui,
https://daattorah.com/oh-quotidien/29/,fr,orah-haim,29,,Index,sources/orah-haim/siman-29/index.html,Siman 29 — Pas de berakha au retrait des téfilines | DAAT,200 (fichier présent),oui,oui,
https://daattorah.com/oh-quotidien/29/base/en,en,orah-haim,29,,1-Base,sources/orah-haim/siman-29/niveau-1-base-en.html,Siman כ״ט · Level 1 — No berakha at removal,200 (fichier présent),oui,oui,
https://daattorah.com/oh-quotidien/29/base/he,he,orah-haim,29,,1-Base,sources/orah-haim/siman-29/niveau-1-base-he.html,סימן כ״ט · רמה 1 — אין מברכין בחליצת התפילין | דעת,200 (fichier présent),oui,oui,
https://daattorah.com/oh-quotidien/29/base,fr,orah-haim,29,,1-Base,sources/orah-haim/siman-29/niveau-1-base.html,Siman כ״ט · Niveau 1 — Pas de berakha au retrait,200 (fichier présent),oui,oui,
https://daattorah.com/oh-quotidien/29/lamdan/en,en,orah-haim,29,,2-Lamdan,sources/orah-haim/siman-29/niveau-2-lamdan-en.html,Siman כ״ט · Level 2 — אין מברכין בחליצת התפילין | Orah Haïm,200 (fichier présent),oui,oui,
https://daattorah.com/oh-quotidien/29/lamdan/he,he,orah-haim,29,,2-Lamdan,sources/orah-haim/siman-29/niveau-2-lamdan-he.html,סימן כ״ט · רמה 2 (למדן) — אין מברכין בחליצת התפילין | דעת,200 (fichier présent),oui,oui,
https://daattorah.com/oh-quotidien/29/lamdan,fr,orah-haim,29,,2-Lamdan,sources/orah-haim/siman-29/niveau-2-lamdan.html,Siman כ״ט · Niveau 2 — אין מברכין בחליצת התפילין | Orah Haïm,200 (fichier présent),oui,oui,
https://daattorah.com/oh-quotidien/29/synthese/en,en,orah-haim,29,,3-Synthese,sources/orah-haim/siman-29/niveau-3-synthese-en.html,Siman כ״ט · Level 3 Synthesis — No Berakha at Removal | DAAT,200 (fichier présent),oui,oui,
https://daattorah.com/oh-quotidien/29/synthese/he,he,orah-haim,29,,3-Synthese,sources/orah-haim/siman-29/niveau-3-synthese-he.html,סימן כ״ט · רמה 3 סיכום — שאין מברכין בחליצת התפילין | דעת,200 (fichier présent),oui,oui,
https://daattorah.com/oh-quotidien/29/synthese,fr,orah-haim,29,,3-Synthese,sources/orah-haim/siman-29/niveau-3-synthese.html,Siman כ״ט · Niveau 3 — Synthèse | Orah Haïm — Quotidien,200 (fichier présent),oui,oui,
https://daattorah.com/oh-quotidien/29/daat-harav/en,en,orah-haim,29,,4-DaatHaRav,sources/orah-haim/siman-29/niveau-4-daat-harav-en.html,Siman 29 · Level 4 — Daat HaRav (the Alter Rebbe) | Orah Haim,200 (fichier présent),oui,oui,
https://daattorah.com/oh-quotidien/29/daat-harav/he,he,orah-haim,29,,4-DaatHaRav,sources/orah-haim/siman-29/niveau-4-daat-harav-he.html,סימן כ״ט · רמה 4 — דעת הרב (אדמו״ר הזקן) | אורח חיים,200 (fichier présent),oui,oui,
https://daattorah.com/oh-quotidien/29/daat-harav,fr,orah-haim,29,,4-DaatHaRav,sources/orah-haim/siman-29/niveau-4-daat-harav.html,Siman 29 · Niveau 4 — Daat HaRav (Admour HaZaken) | Orah Haïm,200 (fichier présent),oui,oui,
https://daattorah.com/oh-quotidien/3/en,en,orah-haim,3,,Index,sources/orah-haim/siman-3/index-en.html,Siman 3 — Conduct in the Bathroom (Beit haKisse) | DAAT,200 (fichier présent),oui,oui,
https://daattorah.com/oh-quotidien/3/he,he,orah-haim,3,,Index,sources/orah-haim/siman-3/index-he.html,סימן ג׳ — הנהגת בית הכסא | אורח חיים,200 (fichier présent),oui,oui,
https://daattorah.com/oh-quotidien/3/,fr,orah-haim,3,,Index,sources/orah-haim/siman-3/index.html,Siman 3 — La conduite aux toilettes (בית הכסא) | DAAT,200 (fichier présent),oui,oui,
https://daattorah.com/oh-quotidien/3/base/en,en,orah-haim,3,,1-Base,sources/orah-haim/siman-3/niveau-1-base-en.html,Siman ג׳ · Level 1 — Conduct in the Restroom | Orah Haïm,200 (fichier présent),oui,oui,
https://daattorah.com/oh-quotidien/3/base/he,he,orah-haim,3,,1-Base,sources/orah-haim/siman-3/niveau-1-base-he.html,סימן ג׳ · רמה 1 — הנהגת בית הכסא | דעת,200 (fichier présent),oui,oui,
https://daattorah.com/oh-quotidien/3/base,fr,orah-haim,3,,1-Base,sources/orah-haim/siman-3/niveau-1-base.html,Siman ג׳ · Niveau 1 — La conduite aux toilettes | Orah Haïm,200 (fichier présent),oui,oui,
https://daattorah.com/oh-quotidien/3/lamdan/en,en,orah-haim,3,,2-Lamdan,sources/orah-haim/siman-3/niveau-2-lamdan-en.html,Siman ג׳ · Level 2 (Lamdan) — Toilet Conduct | DAAT,200 (fichier présent),oui,oui,
https://daattorah.com/oh-quotidien/3/lamdan/he,he,orah-haim,3,,2-Lamdan,sources/orah-haim/siman-3/niveau-2-lamdan-he.html,סימן ג׳ · רמה 2 (למדן) — הנהגת בית הכסא | דעת,200 (fichier présent),oui,oui,
https://daattorah.com/oh-quotidien/3/lamdan,fr,orah-haim,3,,2-Lamdan,sources/orah-haim/siman-3/niveau-2-lamdan.html,Siman ג׳ · Niveau 2 (Lamdan) — הנהגת בית הכסא | Orah Haïm,200 (fichier présent),oui,oui,
https://daattorah.com/oh-quotidien/3/synthese/en,en,orah-haim,3,,3-Synthese,sources/orah-haim/siman-3/niveau-3-synthese-en.html,Siman ג׳ · Level 3 Master Synthesis — Summary & Mnemonics | DAAT,200 (fichier présent),oui,oui,
https://daattorah.com/oh-quotidien/3/synthese/he,he,orah-haim,3,,3-Synthese,sources/orah-haim/siman-3/niveau-3-synthese-he.html,סימן ג׳ · רמה 3 סיכום מגיסטרלי — סיכום וסימני זיכרון | דעת,200 (fichier présent),oui,oui,
https://daattorah.com/oh-quotidien/3/synthese,fr,orah-haim,3,,3-Synthese,sources/orah-haim/siman-3/niveau-3-synthese.html,Siman ג׳ · Niveau 3 — Synthèse | Orah Haïm — Quotidien,200 (fichier présent),oui,oui,
https://daattorah.com/oh-quotidien/3/daat-harav/en,en,orah-haim,3,,4-DaatHaRav,sources/orah-haim/siman-3/niveau-4-daat-harav-en.html,Siman 3 · Level 4 — The Alter Rebbe's Approach | Orach Chayim,200 (fichier présent),oui,oui,
https://daattorah.com/oh-quotidien/3/daat-harav/he,he,orah-haim,3,,4-DaatHaRav,sources/orah-haim/siman-3/niveau-4-daat-harav-he.html,סימן ג׳ · רמה 4 — שיטת אדמו״ר הזקן | אורח חיים,200 (fichier présent),oui,oui,
https://daattorah.com/oh-quotidien/3/daat-harav,fr,orah-haim,3,,4-DaatHaRav,sources/orah-haim/siman-3/niveau-4-daat-harav.html,Siman 3 · Niveau 4 — Chitah de l'Admour HaZaken | Orah Haïm,200 (fichier présent),oui,oui,
https://daattorah.com/oh-quotidien/30/en,en,orah-haim,30,,Index,sources/orah-haim/siman-30/index-en.html,Siman 30 — The Time for Donning Tefillin | DAAT,200 (fichier présent),oui,oui,
https://daattorah.com/oh-quotidien/30/he,he,orah-haim,30,,Index,sources/orah-haim/siman-30/index-he.html,סימן ל׳ — זמן הנחת התפילין | אורח חיים,200 (fichier présent),oui,oui,
https://daattorah.com/oh-quotidien/30/,fr,orah-haim,30,,Index,sources/orah-haim/siman-30/index.html,Siman 30 — Le temps de la pose des téfilines | DAAT,200 (fichier présent),oui,oui,
https://daattorah.com/oh-quotidien/30/base/en,en,orah-haim,30,,1-Base,sources/orah-haim/siman-30/niveau-1-base-en.html,Siman ל׳ · Level 1 — The time to put on tefilin,200 (fichier présent),oui,oui,
https://daattorah.com/oh-quotidien/30/base/he,he,orah-haim,30,,1-Base,sources/orah-haim/siman-30/niveau-1-base-he.html,סימן ל׳ · רמה 1 — זמן הנחת התפילין | דעת,200 (fichier présent),oui,oui,
https://daattorah.com/oh-quotidien/30/base,fr,orah-haim,30,,1-Base,sources/orah-haim/siman-30/niveau-1-base.html,Siman ל׳ · Niveau 1 — Le temps de poser les tefilin,200 (fichier présent),oui,oui,
https://daattorah.com/oh-quotidien/30/lamdan/en,en,orah-haim,30,,2-Lamdan,sources/orah-haim/siman-30/niveau-2-lamdan-en.html,Siman ל׳ · Level 2 — זמן הנחת התפילין | Orah Haïm,200 (fichier présent),oui,oui,
https://daattorah.com/oh-quotidien/30/lamdan/he,he,orah-haim,30,,2-Lamdan,sources/orah-haim/siman-30/niveau-2-lamdan-he.html,סימן ל׳ · רמה 2 (למדן) — זמן הנחת התפילין | דעת,200 (fichier présent),oui,oui,
https://daattorah.com/oh-quotidien/30/lamdan,fr,orah-haim,30,,2-Lamdan,sources/orah-haim/siman-30/niveau-2-lamdan.html,Siman ל׳ · Niveau 2 — זמן הנחת התפילין | Orah Haïm,200 (fichier présent),oui,oui,
https://daattorah.com/oh-quotidien/30/synthese/en,en,orah-haim,30,,3-Synthese,sources/orah-haim/siman-30/niveau-3-synthese-en.html,Siman ל׳ · Level 3 Synthesis — Time of Donning | DAAT,200 (fichier présent),oui,oui,
https://daattorah.com/oh-quotidien/30/synthese/he,he,orah-haim,30,,3-Synthese,sources/orah-haim/siman-30/niveau-3-synthese-he.html,סימן ל׳ · רמה 3 סיכום — זמן הנחת התפילין | דעת,200 (fichier présent),oui,oui,
https://daattorah.com/oh-quotidien/30/synthese,fr,orah-haim,30,,3-Synthese,sources/orah-haim/siman-30/niveau-3-synthese.html,Siman ל׳ · Niveau 3 — Synthèse | Orah Haïm — Quotidien,200 (fichier présent),oui,oui,
https://daattorah.com/oh-quotidien/30/daat-harav/en,en,orah-haim,30,,4-DaatHaRav,sources/orah-haim/siman-30/niveau-4-daat-harav-en.html,Siman 30 · Level 4 — Daat HaRav (the Alter Rebbe) | Orah Haim,200 (fichier présent),oui,oui,
https://daattorah.com/oh-quotidien/30/daat-harav/he,he,orah-haim,30,,4-DaatHaRav,sources/orah-haim/siman-30/niveau-4-daat-harav-he.html,סימן ל׳ · רמה 4 — דעת הרב (אדמו״ר הזקן) | אורח חיים,200 (fichier présent),oui,oui,
https://daattorah.com/oh-quotidien/30/daat-harav,fr,orah-haim,30,,4-DaatHaRav,sources/orah-haim/siman-30/niveau-4-daat-harav.html,Siman 30 · Niveau 4 — Daat HaRav (Admour HaZaken) | Orah Haïm,200 (fichier présent),oui,oui,
https://daattorah.com/oh-quotidien/31/en,en,orah-haim,31,,Index,sources/orah-haim/siman-31/index-en.html,Siman 31 — Tefillin on Shabbat and Yom Tov | DAAT,200 (fichier présent),oui,oui,
https://daattorah.com/oh-quotidien/31/he,he,orah-haim,31,,Index,sources/orah-haim/siman-31/index-he.html,סימן ל״א — דין תפילין בשבת ויום טוב | אורח חיים,200 (fichier présent),oui,oui,
https://daattorah.com/oh-quotidien/31/,fr,orah-haim,31,,Index,sources/orah-haim/siman-31/index.html,Siman 31 — Les téfilines à Chabbat et Yom Tov | DAAT,200 (fichier présent),oui,oui,
https://daattorah.com/oh-quotidien/31/base/en,en,orah-haim,31,,1-Base,sources/orah-haim/siman-31/niveau-1-base-en.html,Siman ל״א · Level 1 — Tefilin on Shabbat and Yom Tov,200 (fichier présent),oui,oui,
https://daattorah.com/oh-quotidien/31/base/he,he,orah-haim,31,,1-Base,sources/orah-haim/siman-31/niveau-1-base-he.html,סימן ל״א · רמה 1 — תפילין בשבת ויום טוב | דעת,200 (fichier présent),oui,oui,
https://daattorah.com/oh-quotidien/31/base,fr,orah-haim,31,,1-Base,sources/orah-haim/siman-31/niveau-1-base.html,Siman ל״א · Niveau 1 — Les tefilin à Chabbat et Yom Tov,200 (fichier présent),oui,oui,
https://daattorah.com/oh-quotidien/31/lamdan/en,en,orah-haim,31,,2-Lamdan,sources/orah-haim/siman-31/niveau-2-lamdan-en.html,Siman ל״א · Level 2 — תפילין בשבת ויום טוב | Orah Haïm,200 (fichier présent),oui,oui,
https://daattorah.com/oh-quotidien/31/lamdan/he,he,orah-haim,31,,2-Lamdan,sources/orah-haim/siman-31/niveau-2-lamdan-he.html,סימן ל״א · רמה 2 (למדן) — תפילין בשבת ויום טוב | דעת,200 (fichier présent),oui,oui,
https://daattorah.com/oh-quotidien/31/lamdan,fr,orah-haim,31,,2-Lamdan,sources/orah-haim/siman-31/niveau-2-lamdan.html,Siman ל״א · Niveau 2 — תפילין בשבת ויום טוב | Orah Haïm,200 (fichier présent),oui,oui,
https://daattorah.com/oh-quotidien/31/synthese/en,en,orah-haim,31,,3-Synthese,sources/orah-haim/siman-31/niveau-3-synthese-en.html,Siman ל״א · Level 3 Synthesis — Tefilin on Shabbat | DAAT,200 (fichier présent),oui,oui,
https://daattorah.com/oh-quotidien/31/synthese/he,he,orah-haim,31,,3-Synthese,sources/orah-haim/siman-31/niveau-3-synthese-he.html,סימן ל״א · רמה 3 סיכום — תפילין בשבת ויום טוב | דעת,200 (fichier présent),oui,oui,
https://daattorah.com/oh-quotidien/31/synthese,fr,orah-haim,31,,3-Synthese,sources/orah-haim/siman-31/niveau-3-synthese.html,Siman ל״א · Niveau 3 — Synthèse | Orah Haïm — Quotidien,200 (fichier présent),oui,oui,
https://daattorah.com/oh-quotidien/31/daat-harav/en,en,orah-haim,31,,4-DaatHaRav,sources/orah-haim/siman-31/niveau-4-daat-harav-en.html,Siman 31 · Level 4 — Daat HaRav (the Alter Rebbe) | Orah Haim,200 (fichier présent),oui,oui,
https://daattorah.com/oh-quotidien/31/daat-harav/he,he,orah-haim,31,,4-DaatHaRav,sources/orah-haim/siman-31/niveau-4-daat-harav-he.html,סימן ל״א · רמה 4 — דעת הרב (אדמו״ר הזקן) | אורח חיים,200 (fichier présent),oui,oui,
https://daattorah.com/oh-quotidien/31/daat-harav,fr,orah-haim,31,,4-DaatHaRav,sources/orah-haim/siman-31/niveau-4-daat-harav.html,Siman 31 · Niveau 4 — Daat HaRav (Admour HaZaken) | Orah Haïm,200 (fichier présent),oui,oui,
https://daattorah.com/oh-quotidien/32/en,en,orah-haim,32,,Index,sources/orah-haim/siman-32/index-en.html,Siman 32 — Writing the Tefillin (Sofrut) | DAAT,200 (fichier présent),oui,oui,
https://daattorah.com/oh-quotidien/32/he,he,orah-haim,32,,Index,sources/orah-haim/siman-32/index-he.html,סימן ל״ב — סדר כתיבת התפילין | אורח חיים,200 (fichier présent),oui,oui,
https://daattorah.com/oh-quotidien/32/,fr,orah-haim,32,,Index,sources/orah-haim/siman-32/index.html,Siman 32 — L'écriture des téfilines (sofrout) | DAAT,200 (fichier présent),oui,oui,
https://daattorah.com/oh-quotidien/32/base/en,en,orah-haim,32,,1-Base,sources/orah-haim/siman-32/niveau-1-base-en.html,Siman ל״ב · Level 1 — Writing the tefilin,200 (fichier présent),oui,oui,
https://daattorah.com/oh-quotidien/32/base/he,he,orah-haim,32,,1-Base,sources/orah-haim/siman-32/niveau-1-base-he.html,סימן ל״ב · רמה 1 — סדר כתיבת התפילין | דעת,200 (fichier présent),oui,oui,
https://daattorah.com/oh-quotidien/32/base,fr,orah-haim,32,,1-Base,sources/orah-haim/siman-32/niveau-1-base.html,Siman ל״ב · Niveau 1 — L'écriture des tefilin,200 (fichier présent),oui,oui,
https://daattorah.com/oh-quotidien/32/lamdan/en,en,orah-haim,32,,2-Lamdan,sources/orah-haim/siman-32/niveau-2-lamdan-en.html,Siman ל״ב · Level 2 — סדר כתיבת התפילין | Orah Haïm,200 (fichier présent),oui,oui,
https://daattorah.com/oh-quotidien/32/lamdan/he,he,orah-haim,32,,2-Lamdan,sources/orah-haim/siman-32/niveau-2-lamdan-he.html,סימן ל״ב · רמה 2 (למדן) — סדר כתיבת התפילין | דעת,200 (fichier présent),oui,oui,
https://daattorah.com/oh-quotidien/32/lamdan,fr,orah-haim,32,,2-Lamdan,sources/orah-haim/siman-32/niveau-2-lamdan.html,Siman ל״ב · Niveau 2 — סדר כתיבת התפילין | Orah Haïm,200 (fichier présent),oui,oui,
https://daattorah.com/oh-quotidien/32/synthese/en,en,orah-haim,32,,3-Synthese,sources/orah-haim/siman-32/niveau-3-synthese-en.html,Siman ל״ב · Level 3 — Synthesis | Orah Haïm — Daily,200 (fichier présent),oui,oui,
https://daattorah.com/oh-quotidien/32/synthese/he,he,orah-haim,32,,3-Synthese,sources/orah-haim/siman-32/niveau-3-synthese-he.html,סימן ל״ב · רמה 3 סיכום — סדר כתיבת התפילין | דעת,200 (fichier présent),oui,oui,
https://daattorah.com/oh-quotidien/32/synthese,fr,orah-haim,32,,3-Synthese,sources/orah-haim/siman-32/niveau-3-synthese.html,Siman ל״ב · Niveau 3 — Synthèse | Orah Haïm — Quotidien,200 (fichier présent),oui,oui,
https://daattorah.com/oh-quotidien/32/daat-harav/en,en,orah-haim,32,,4-DaatHaRav,sources/orah-haim/siman-32/niveau-4-daat-harav-en.html,Siman 32 · Level 4 — Daat HaRav (the Alter Rebbe) | Orah Haim,200 (fichier présent),oui,oui,
https://daattorah.com/oh-quotidien/32/daat-harav/he,he,orah-haim,32,,4-DaatHaRav,sources/orah-haim/siman-32/niveau-4-daat-harav-he.html,סימן ל״ב · רמה 4 — דעת הרב (אדמו״ר הזקן) | אורח חיים,200 (fichier présent),oui,oui,
https://daattorah.com/oh-quotidien/32/daat-harav,fr,orah-haim,32,,4-DaatHaRav,sources/orah-haim/siman-32/niveau-4-daat-harav.html,Siman 32 · Niveau 4 — Daat HaRav (Admour HaZaken) | Orah Haïm,200 (fichier présent),oui,oui,
https://daattorah.com/oh-quotidien/33/en,en,orah-haim,33,,Index,sources/orah-haim/siman-33/index-en.html,Siman 33 — Repairing Tefillin and the Straps | DAAT,200 (fichier présent),oui,oui,
https://daattorah.com/oh-quotidien/33/he,he,orah-haim,33,,Index,sources/orah-haim/siman-33/index-he.html,סימן ל״ג — תיקוני התפילין והרצועות | אורח חיים,200 (fichier présent),oui,oui,
https://daattorah.com/oh-quotidien/33/,fr,orah-haim,33,,Index,sources/orah-haim/siman-33/index.html,Siman 33 — L'entretien des téfilines et les courroies | DAAT,200 (fichier présent),oui,oui,
https://daattorah.com/oh-quotidien/33/base/en,en,orah-haim,33,,1-Base,sources/orah-haim/siman-33/niveau-1-base-en.html,Siman ל״ג · Level 1 — The upkeep of the tefilin and the straps,200 (fichier présent),oui,oui,
https://daattorah.com/oh-quotidien/33/base/he,he,orah-haim,33,,1-Base,sources/orah-haim/siman-33/niveau-1-base-he.html,סימן ל״ג · רמה 1 — תיקוני התפילין והרצועות | דעת,200 (fichier présent),oui,oui,
https://daattorah.com/oh-quotidien/33/base,fr,orah-haim,33,,1-Base,sources/orah-haim/siman-33/niveau-1-base.html,Siman ל״ג · Niveau 1 — L'entretien des tefilin et les courroies,200 (fichier présent),oui,oui,
https://daattorah.com/oh-quotidien/33/lamdan/en,en,orah-haim,33,,2-Lamdan,sources/orah-haim/siman-33/niveau-2-lamdan-en.html,Siman ל״ג · Level 2 — תיקוני התפילין והרצועות | Orah Haïm,200 (fichier présent),oui,oui,
https://daattorah.com/oh-quotidien/33/lamdan/he,he,orah-haim,33,,2-Lamdan,sources/orah-haim/siman-33/niveau-2-lamdan-he.html,סימן ל״ג · רמה 2 (למדן) — תיקוני התפילין והרצועות | דעת,200 (fichier présent),oui,oui,
https://daattorah.com/oh-quotidien/33/lamdan,fr,orah-haim,33,,2-Lamdan,sources/orah-haim/siman-33/niveau-2-lamdan.html,Siman ל״ג · Niveau 2 — תיקוני התפילין והרצועות | Orah Haïm,200 (fichier présent),oui,oui,
https://daattorah.com/oh-quotidien/33/synthese/en,en,orah-haim,33,,3-Synthese,sources/orah-haim/siman-33/niveau-3-synthese-en.html,Siman ל״ג · Level 3 — Synthesis | Orah Haïm — Quotidien,200 (fichier présent),oui,oui,
https://daattorah.com/oh-quotidien/33/synthese/he,he,orah-haim,33,,3-Synthese,sources/orah-haim/siman-33/niveau-3-synthese-he.html,סימן ל״ג · רמה 3 סיכום — תיקוני התפילין והרצועות | דעת,200 (fichier présent),oui,oui,
https://daattorah.com/oh-quotidien/33/synthese,fr,orah-haim,33,,3-Synthese,sources/orah-haim/siman-33/niveau-3-synthese.html,Siman ל״ג · Niveau 3 — Synthèse | Orah Haïm — Quotidien,200 (fichier présent),oui,oui,
https://daattorah.com/oh-quotidien/33/daat-harav/en,en,orah-haim,33,,4-DaatHaRav,sources/orah-haim/siman-33/niveau-4-daat-harav-en.html,Siman 33 · Level 4 — Daat HaRav (the Alter Rebbe) | Orah Haim,200 (fichier présent),oui,oui,
https://daattorah.com/oh-quotidien/33/daat-harav/he,he,orah-haim,33,,4-DaatHaRav,sources/orah-haim/siman-33/niveau-4-daat-harav-he.html,סימן ל״ג · רמה 4 — דעת הרב (אדמו״ר הזקן) | אורח חיים,200 (fichier présent),oui,oui,
https://daattorah.com/oh-quotidien/33/daat-harav,fr,orah-haim,33,,4-DaatHaRav,sources/orah-haim/siman-33/niveau-4-daat-harav.html,Siman 33 · Niveau 4 — Daat HaRav (Admour HaZaken) | Orah Haïm,200 (fichier présent),oui,oui,
https://daattorah.com/oh-quotidien/34/en,en,orah-haim,34,,Index,sources/orah-haim/siman-34/index-en.html,Siman 34 — The Order of the Parshiyot and Rabbeinu Tam Tefillin | DAAT,200 (fichier présent),oui,oui,
https://daattorah.com/oh-quotidien/34/he,he,orah-haim,34,,Index,sources/orah-haim/siman-34/index-he.html,סימן ל״ד — סדר הנחת הפרשיות ותפילין דרבינו תם | אורח חיים,200 (fichier présent),oui,oui,
https://daattorah.com/oh-quotidien/34/,fr,orah-haim,34,,Index,sources/orah-haim/siman-34/index.html,Siman 34 — L'ordre des parachiot et les tefilin de Rabbénou Tam | DAAT,200 (fichier présent),oui,oui,
https://daattorah.com/oh-quotidien/34/base/en,en,orah-haim,34,,1-Base,sources/orah-haim/siman-34/niveau-1-base-en.html,Siman ל״ד · Level 1 — Order of parashiot and Rabbeinou Tam,200 (fichier présent),oui,oui,
https://daattorah.com/oh-quotidien/34/base/he,he,orah-haim,34,,1-Base,sources/orah-haim/siman-34/niveau-1-base-he.html,סימן ל״ד · רמה 1 — סדר הנחת הפרשיות ותפילין דרבינו תם | דעת,200 (fichier présent),oui,oui,
https://daattorah.com/oh-quotidien/34/base,fr,orah-haim,34,,1-Base,sources/orah-haim/siman-34/niveau-1-base.html,Siman ל״ד · Niveau 1 — Ordre des parachiot et Rabbeinou Tam,200 (fichier présent),oui,oui,
https://daattorah.com/oh-quotidien/34/lamdan/en,en,orah-haim,34,,2-Lamdan,sources/orah-haim/siman-34/niveau-2-lamdan-en.html,Siman ל״ד · Level 2 — הנחת הפרשיות ותפילין ר״ת | Orah Haïm,200 (fichier présent),oui,oui,
https://daattorah.com/oh-quotidien/34/lamdan/he,he,orah-haim,34,,2-Lamdan,sources/orah-haim/siman-34/niveau-2-lamdan-he.html,סימן ל״ד · רמה 2 (למדן) — הנחת הפרשיות ותפילין ר״ת | דעת,200 (fichier présent),oui,oui,
https://daattorah.com/oh-quotidien/34/lamdan,fr,orah-haim,34,,2-Lamdan,sources/orah-haim/siman-34/niveau-2-lamdan.html,Siman ל״ד · Niveau 2 — הנחת הפרשיות ותפילין ר״ת | Orah Haïm,200 (fichier présent),oui,oui,
https://daattorah.com/oh-quotidien/34/synthese/en,en,orah-haim,34,,3-Synthese,sources/orah-haim/siman-34/niveau-3-synthese-en.html,Siman ל״ד · Level 3 — Synthesis | Orah Haïm — Quotidien,200 (fichier présent),oui,oui,
https://daattorah.com/oh-quotidien/34/synthese/he,he,orah-haim,34,,3-Synthese,sources/orah-haim/siman-34/niveau-3-synthese-he.html,סימן ל״ד · רמה 3 סיכום — סדר הפרשיות ותפילין דר״ת | דעת,200 (fichier présent),oui,oui,
https://daattorah.com/oh-quotidien/34/synthese,fr,orah-haim,34,,3-Synthese,sources/orah-haim/siman-34/niveau-3-synthese.html,Siman ל״ד · Niveau 3 — Synthèse | Orah Haïm — Quotidien,200 (fichier présent),oui,oui,
https://daattorah.com/oh-quotidien/34/daat-harav/en,en,orah-haim,34,,4-DaatHaRav,sources/orah-haim/siman-34/niveau-4-daat-harav-en.html,Siman 34 · Level 4 — Daat HaRav (the Alter Rebbe) | Orah Haim,200 (fichier présent),oui,oui,
https://daattorah.com/oh-quotidien/34/daat-harav/he,he,orah-haim,34,,4-DaatHaRav,sources/orah-haim/siman-34/niveau-4-daat-harav-he.html,סימן ל״ד · רמה 4 — דעת הרב (אדמו״ר הזקן) | אורח חיים,200 (fichier présent),oui,oui,
https://daattorah.com/oh-quotidien/34/daat-harav,fr,orah-haim,34,,4-DaatHaRav,sources/orah-haim/siman-34/niveau-4-daat-harav.html,Siman 34 · Niveau 4 — Daat HaRav (Admour HaZaken) | Orah Haïm,200 (fichier présent),oui,oui,
https://daattorah.com/oh-quotidien/35/en,en,orah-haim,35,,Index,sources/orah-haim/siman-35/index-en.html,Siman 35 — The Number of Lines in the Tefillin | DAAT,200 (fichier présent),oui,oui,
https://daattorah.com/oh-quotidien/35/he,he,orah-haim,35,,Index,sources/orah-haim/siman-35/index-he.html,סימן ל״ה — מנין השיטין בפרשיות התפילין | אורח חיים,200 (fichier présent),oui,oui,
https://daattorah.com/oh-quotidien/35/,fr,orah-haim,35,,Index,sources/orah-haim/siman-35/index.html,Siman 35 — Le nombre de lignes des parachiot (מנין השיטין) | DAAT,200 (fichier présent),oui,oui,
https://daattorah.com/oh-quotidien/35/base/en,en,orah-haim,35,,1-Base,sources/orah-haim/siman-35/niveau-1-base-en.html,Siman ל״ה · Level 1 — The number of lines (מנין השיטין),200 (fichier présent),oui,oui,
https://daattorah.com/oh-quotidien/35/base/he,he,orah-haim,35,,1-Base,sources/orah-haim/siman-35/niveau-1-base-he.html,סימן ל״ה · רמה 1 — מנין השיטין בפרשיות התפילין | דעת,200 (fichier présent),oui,oui,
https://daattorah.com/oh-quotidien/35/base,fr,orah-haim,35,,1-Base,sources/orah-haim/siman-35/niveau-1-base.html,Siman ל״ה · Niveau 1 — Le nombre de lignes (מנין השיטין),200 (fichier présent),oui,oui,
https://daattorah.com/oh-quotidien/35/lamdan/en,en,orah-haim,35,,2-Lamdan,sources/orah-haim/siman-35/niveau-2-lamdan-en.html,Siman ל״ה · Level 2 — מנין השיטין בפרשיות התפילין | Orah Haïm,200 (fichier présent),oui,oui,
https://daattorah.com/oh-quotidien/35/lamdan/he,he,orah-haim,35,,2-Lamdan,sources/orah-haim/siman-35/niveau-2-lamdan-he.html,סימן ל״ה · רמה 2 (למדן) — מנין השיטין בפרשיות התפילין | דעת,200 (fichier présent),oui,oui,
https://daattorah.com/oh-quotidien/35/lamdan,fr,orah-haim,35,,2-Lamdan,sources/orah-haim/siman-35/niveau-2-lamdan.html,Siman ל״ה · Niveau 2 — מנין השיטין בפרשיות התפילין | Orah Haïm,200 (fichier présent),oui,oui,
https://daattorah.com/oh-quotidien/35/synthese/en,en,orah-haim,35,,3-Synthese,sources/orah-haim/siman-35/niveau-3-synthese-en.html,Siman ל״ה · Level 3 — Synthesis | Orah Haïm — Quotidien,200 (fichier présent),oui,oui,
https://daattorah.com/oh-quotidien/35/synthese/he,he,orah-haim,35,,3-Synthese,sources/orah-haim/siman-35/niveau-3-synthese-he.html,סימן ל״ה · רמה 3 סיכום — מנין השיטין בתפילין | דעת,200 (fichier présent),oui,oui,
https://daattorah.com/oh-quotidien/35/synthese,fr,orah-haim,35,,3-Synthese,sources/orah-haim/siman-35/niveau-3-synthese.html,Siman ל״ה · Niveau 3 — Synthèse | Orah Haïm — Quotidien,200 (fichier présent),oui,oui,
https://daattorah.com/oh-quotidien/35/daat-harav/en,en,orah-haim,35,,4-DaatHaRav,sources/orah-haim/siman-35/niveau-4-daat-harav-en.html,Siman 35 · Level 4 — Daat HaRav (the Alter Rebbe) | Orah Haim,200 (fichier présent),oui,oui,
https://daattorah.com/oh-quotidien/35/daat-harav/he,he,orah-haim,35,,4-DaatHaRav,sources/orah-haim/siman-35/niveau-4-daat-harav-he.html,סימן ל״ה · רמה 4 — דעת הרב (אדמו״ר הזקן) | אורח חיים,200 (fichier présent),oui,oui,
https://daattorah.com/oh-quotidien/35/daat-harav,fr,orah-haim,35,,4-DaatHaRav,sources/orah-haim/siman-35/niveau-4-daat-harav.html,Siman 35 · Niveau 4 — Daat HaRav (Admour HaZaken) | Orah Haïm,200 (fichier présent),oui,oui,
https://daattorah.com/oh-quotidien/36/en,en,orah-haim,36,,Index,sources/orah-haim/siman-36/index-en.html,Siman 36 — The Precise Form of the Letters (דקדוק צורת האותיות) | DAAT,200 (fichier présent),oui,oui,
https://daattorah.com/oh-quotidien/36/he,he,orah-haim,36,,Index,sources/orah-haim/siman-36/index-he.html,סימן ל״ו — דקדוק כתיבת האותיות ותמונתן | אורח חיים,200 (fichier présent),oui,oui,
https://daattorah.com/oh-quotidien/36/,fr,orah-haim,36,,Index,sources/orah-haim/siman-36/index.html,Siman 36 — La précision de la forme des lettres (דקדוק צורת האותיות) | DAAT,200 (fichier présent),oui,oui,
https://daattorah.com/oh-quotidien/36/base/en,en,orah-haim,36,,1-Base,sources/orah-haim/siman-36/niveau-1-base-en.html,Siman ל״ו · Level 1 — Dikdouk and the form of the letters,200 (fichier présent),oui,oui,
https://daattorah.com/oh-quotidien/36/base/he,he,orah-haim,36,,1-Base,sources/orah-haim/siman-36/niveau-1-base-he.html,סימן ל״ו · רמה 1 — דקדוק כתיבת האותיות ותמונתן | דעת,200 (fichier présent),oui,oui,
https://daattorah.com/oh-quotidien/36/base,fr,orah-haim,36,,1-Base,sources/orah-haim/siman-36/niveau-1-base.html,Siman ל״ו · Niveau 1 — Le dikdouk et la forme des lettres,200 (fichier présent),oui,oui,
https://daattorah.com/oh-quotidien/36/lamdan/en,en,orah-haim,36,,2-Lamdan,sources/orah-haim/siman-36/niveau-2-lamdan-en.html,Siman ל״ו · Level 2 — דקדוק תמונת האותיות | Orah Haïm,200 (fichier présent),oui,oui,
https://daattorah.com/oh-quotidien/36/lamdan/he,he,orah-haim,36,,2-Lamdan,sources/orah-haim/siman-36/niveau-2-lamdan-he.html,סימן ל״ו · רמה 2 — דקדוק כתיבת האותיות ותמונתן | דעת,200 (fichier présent),oui,oui,
https://daattorah.com/oh-quotidien/36/lamdan,fr,orah-haim,36,,2-Lamdan,sources/orah-haim/siman-36/niveau-2-lamdan.html,Siman ל״ו · Niveau 2 — דקדוק תמונת האותיות | Orah Haïm,200 (fichier présent),oui,oui,
https://daattorah.com/oh-quotidien/36/synthese/en,en,orah-haim,36,,3-Synthese,sources/orah-haim/siman-36/niveau-3-synthese-en.html,Siman ל״ו · Level 3 — Synthesis | Orah Haïm — Quotidien,200 (fichier présent),oui,oui,
https://daattorah.com/oh-quotidien/36/synthese/he,he,orah-haim,36,,3-Synthese,sources/orah-haim/siman-36/niveau-3-synthese-he.html,סימן ל״ו · רמה 3 סיכום — דקדוק צורת האותיות | דעת,200 (fichier présent),oui,oui,
https://daattorah.com/oh-quotidien/36/synthese,fr,orah-haim,36,,3-Synthese,sources/orah-haim/siman-36/niveau-3-synthese.html,Siman ל״ו · Niveau 3 — Synthèse | Orah Haïm — Quotidien,200 (fichier présent),oui,oui,
https://daattorah.com/oh-quotidien/36/daat-harav/en,en,orah-haim,36,,4-DaatHaRav,sources/orah-haim/siman-36/niveau-4-daat-harav-en.html,Siman 36 · Level 4 — Daat HaRav (the Alter Rebbe) | Orah Haim,200 (fichier présent),oui,oui,
https://daattorah.com/oh-quotidien/36/daat-harav/he,he,orah-haim,36,,4-DaatHaRav,sources/orah-haim/siman-36/niveau-4-daat-harav-he.html,סימן ל״ו · רמה 4 — דעת הרב (אדמו״ר הזקן) | אורח חיים,200 (fichier présent),oui,oui,
https://daattorah.com/oh-quotidien/36/daat-harav,fr,orah-haim,36,,4-DaatHaRav,sources/orah-haim/siman-36/niveau-4-daat-harav.html,Siman 36 · Niveau 4 — Daat HaRav (Admour HaZaken) | Orah Haïm,200 (fichier présent),oui,oui,
https://daattorah.com/oh-quotidien/37/en,en,orah-haim,37,,Index,sources/orah-haim/siman-37/index-en.html,Siman 37 — The Time for Tefillin and Who Is Obligated | DAAT,200 (fichier présent),oui,oui,
https://daattorah.com/oh-quotidien/37/he,he,orah-haim,37,,Index,sources/orah-haim/siman-37/index-he.html,סימן ל״ז — זמן הנחת התפילין ומי הם החייבים | אורח חיים,200 (fichier présent),oui,oui,
https://daattorah.com/oh-quotidien/37/,fr,orah-haim,37,,Index,sources/orah-haim/siman-37/index.html,Siman 37 — Le temps des tefilin et qui y est tenu | DAAT,200 (fichier présent),oui,oui,
https://daattorah.com/oh-quotidien/37/base/en,en,orah-haim,37,,1-Base,sources/orah-haim/siman-37/niveau-1-base-en.html,Siman ל״ז · Level 1 — The time of the tefilin and who is obligated,200 (fichier présent),oui,oui,
https://daattorah.com/oh-quotidien/37/base/he,he,orah-haim,37,,1-Base,sources/orah-haim/siman-37/niveau-1-base-he.html,סימן ל״ז · רמה 1 — זמן הנחת התפילין ומי הם החייבים | דעת,200 (fichier présent),oui,oui,
https://daattorah.com/oh-quotidien/37/base,fr,orah-haim,37,,1-Base,sources/orah-haim/siman-37/niveau-1-base.html,Siman ל״ז · Niveau 1 — Le temps des tefilin et qui y est tenu,200 (fichier présent),oui,oui,
https://daattorah.com/oh-quotidien/37/lamdan/en,en,orah-haim,37,,2-Lamdan,sources/orah-haim/siman-37/niveau-2-lamdan-en.html,Siman ל״ז · Level 2 — זמן הנחת התפילין וגוף נקי | Orah Haïm,200 (fichier présent),oui,oui,
https://daattorah.com/oh-quotidien/37/lamdan/he,he,orah-haim,37,,2-Lamdan,sources/orah-haim/siman-37/niveau-2-lamdan-he.html,סימן ל״ז · רמה 2 (למדן) — זמן הנחת התפילין וגוף נקי | דעת,200 (fichier présent),oui,oui,
https://daattorah.com/oh-quotidien/37/lamdan,fr,orah-haim,37,,2-Lamdan,sources/orah-haim/siman-37/niveau-2-lamdan.html,Siman ל״ז · Niveau 2 — זמן הנחת התפילין וגוף נקי | Orah Haïm,200 (fichier présent),oui,oui,
https://daattorah.com/oh-quotidien/37/synthese/en,en,orah-haim,37,,3-Synthese,sources/orah-haim/siman-37/niveau-3-synthese-en.html,Siman ל״ז · Level 3 — Synthesis | Orah Haïm — Quotidien,200 (fichier présent),oui,oui,
https://daattorah.com/oh-quotidien/37/synthese/he,he,orah-haim,37,,3-Synthese,sources/orah-haim/siman-37/niveau-3-synthese-he.html,סימן ל״ז · רמה 3 סיכום — זמן הנחת התפילין ומי החייבים | דעת,200 (fichier présent),oui,oui,
https://daattorah.com/oh-quotidien/37/synthese,fr,orah-haim,37,,3-Synthese,sources/orah-haim/siman-37/niveau-3-synthese.html,Siman ל״ז · Niveau 3 — Synthèse | Orah Haïm — Quotidien,200 (fichier présent),oui,oui,
https://daattorah.com/oh-quotidien/37/daat-harav/en,en,orah-haim,37,,4-DaatHaRav,sources/orah-haim/siman-37/niveau-4-daat-harav-en.html,Siman 37 · Level 4 — Daat HaRav (the Alter Rebbe) | Orah Haim,200 (fichier présent),oui,oui,
https://daattorah.com/oh-quotidien/37/daat-harav/he,he,orah-haim,37,,4-DaatHaRav,sources/orah-haim/siman-37/niveau-4-daat-harav-he.html,סימן ל״ז · רמה 4 — דעת הרב (אדמו״ר הזקן) | אורח חיים,200 (fichier présent),oui,oui,
https://daattorah.com/oh-quotidien/37/daat-harav,fr,orah-haim,37,,4-DaatHaRav,sources/orah-haim/siman-37/niveau-4-daat-harav.html,Siman 37 · Niveau 4 — Daat HaRav (Admour HaZaken) | Orah Haïm,200 (fichier présent),oui,oui,
https://daattorah.com/oh-quotidien/38/en,en,orah-haim,38,,Index,sources/orah-haim/siman-38/index-en.html,Siman 38 — Who Is Obligated in Tefillin and Who Is Exempt | DAAT,200 (fichier présent),oui,oui,
https://daattorah.com/oh-quotidien/38/he,he,orah-haim,38,,Index,sources/orah-haim/siman-38/index-he.html,סימן ל״ח — מי הם החייבין בתפילין והפטורים | אורח חיים,200 (fichier présent),oui,oui,
https://daattorah.com/oh-quotidien/38/,fr,orah-haim,38,,Index,sources/orah-haim/siman-38/index.html,Siman 38 — Qui est tenu aux tefilin et qui en est exempté | DAAT,200 (fichier présent),oui,oui,
https://daattorah.com/oh-quotidien/38/base/en,en,orah-haim,38,,1-Base,sources/orah-haim/siman-38/niveau-1-base-en.html,Siman ל״ח · Level 1 — The obligated and the exempt in tefilin,200 (fichier présent),oui,oui,
https://daattorah.com/oh-quotidien/38/base/he,he,orah-haim,38,,1-Base,sources/orah-haim/siman-38/niveau-1-base-he.html,סימן ל״ח · רמה 1 — מי הם החייבין בתפילין והפטורין | דעת,200 (fichier présent),oui,oui,
https://daattorah.com/oh-quotidien/38/base,fr,orah-haim,38,,1-Base,sources/orah-haim/siman-38/niveau-1-base.html,Siman ל״ח · Niveau 1 — Les tenus et les exemptés de tefilin,200 (fichier présent),oui,oui,
https://daattorah.com/oh-quotidien/38/lamdan/en,en,orah-haim,38,,2-Lamdan,sources/orah-haim/siman-38/niveau-2-lamdan-en.html,Siman ל״ח · Level 2 — מי הם החייבין בתפילין והפטורים | Orah Haïm,200 (fichier présent),oui,oui,
https://daattorah.com/oh-quotidien/38/lamdan/he,he,orah-haim,38,,2-Lamdan,sources/orah-haim/siman-38/niveau-2-lamdan-he.html,סימן ל״ח · רמה 2 (למדן) — החייבין בתפילין והעוסק במצווה | דעת,200 (fichier présent),oui,oui,
https://daattorah.com/oh-quotidien/38/lamdan,fr,orah-haim,38,,2-Lamdan,sources/orah-haim/siman-38/niveau-2-lamdan.html,Siman ל״ח · Niveau 2 — החייבין בתפילין והעוסק במצווה | Orah Haïm,200 (fichier présent),oui,oui,
https://daattorah.com/oh-quotidien/38/synthese/en,en,orah-haim,38,,3-Synthese,sources/orah-haim/siman-38/niveau-3-synthese-en.html,Siman ל״ח · Level 3 — Synthesis | Orah Haïm — Quotidien,200 (fichier présent),oui,oui,
https://daattorah.com/oh-quotidien/38/synthese/he,he,orah-haim,38,,3-Synthese,sources/orah-haim/siman-38/niveau-3-synthese-he.html,סימן ל״ח · רמה 3 סיכום — מי החייבין בתפילין והפטורים | דעת,200 (fichier présent),oui,oui,
https://daattorah.com/oh-quotidien/38/synthese,fr,orah-haim,38,,3-Synthese,sources/orah-haim/siman-38/niveau-3-synthese.html,Siman ל״ח · Niveau 3 — Synthèse | Orah Haïm — Quotidien,200 (fichier présent),oui,oui,
https://daattorah.com/oh-quotidien/38/daat-harav/en,en,orah-haim,38,,4-DaatHaRav,sources/orah-haim/siman-38/niveau-4-daat-harav-en.html,Siman 38 · Level 4 — Daat HaRav (the Alter Rebbe) | Orah Haim,200 (fichier présent),oui,oui,
https://daattorah.com/oh-quotidien/38/daat-harav/he,he,orah-haim,38,,4-DaatHaRav,sources/orah-haim/siman-38/niveau-4-daat-harav-he.html,סימן ל״ח · רמה 4 — דעת הרב (אדמו״ר הזקן) | אורח חיים,200 (fichier présent),oui,oui,
https://daattorah.com/oh-quotidien/38/daat-harav,fr,orah-haim,38,,4-DaatHaRav,sources/orah-haim/siman-38/niveau-4-daat-harav.html,Siman 38 · Niveau 4 — Daat HaRav (Admour HaZaken) | Orah Haïm,200 (fichier présent),oui,oui,
https://daattorah.com/oh-quotidien/39/en,en,orah-haim,39,,Index,sources/orah-haim/siman-39/index-en.html,Siman 39 — Who Is Fit to Write Tefillin | DAAT,200 (fichier présent),oui,oui,
https://daattorah.com/oh-quotidien/39/he,he,orah-haim,39,,Index,sources/orah-haim/siman-39/index-he.html,סימן ל״ט — מי הם הכשרים לכתוב תפילין ולקנות מהם | אורח חיים,200 (fichier présent),oui,oui,
https://daattorah.com/oh-quotidien/39/,fr,orah-haim,39,,Index,sources/orah-haim/siman-39/index.html,Siman 39 — Qui est apte à écrire les tefilin | DAAT,200 (fichier présent),oui,oui,
https://daattorah.com/oh-quotidien/39/base/en,en,orah-haim,39,,1-Base,sources/orah-haim/siman-39/niveau-1-base-en.html,Siman ל״ט · Level 1 — Who is fit to write tefilin and from whom to buy,200 (fichier présent),oui,oui,
https://daattorah.com/oh-quotidien/39/base/he,he,orah-haim,39,,1-Base,sources/orah-haim/siman-39/niveau-1-base-he.html,סימן ל״ט · רמה 1 — מי הם הכשרים לכתוב תפילין ולקנות מהם | דעת,200 (fichier présent),oui,oui,
https://daattorah.com/oh-quotidien/39/base,fr,orah-haim,39,,1-Base,sources/orah-haim/siman-39/niveau-1-base.html,Siman ל״ט · Niveau 1 — Qui est apte à écrire les tefilin,200 (fichier présent),oui,oui,
https://daattorah.com/oh-quotidien/39/lamdan/en,en,orah-haim,39,,2-Lamdan,sources/orah-haim/siman-39/niveau-2-lamdan-en.html,Siman ל״ט · Level 2 — פסולי הכתיבה ובדיקת התפילין | Orah Haïm,200 (fichier présent),oui,oui,
https://daattorah.com/oh-quotidien/39/lamdan/he,he,orah-haim,39,,2-Lamdan,sources/orah-haim/siman-39/niveau-2-lamdan-he.html,סימן ל״ט · רמה 2 (למדן) — פסולי הכתיבה ובדיקת התפילין | דעת,200 (fichier présent),oui,oui,
https://daattorah.com/oh-quotidien/39/lamdan,fr,orah-haim,39,,2-Lamdan,sources/orah-haim/siman-39/niveau-2-lamdan.html,Siman ל״ט · Niveau 2 — פסולי הכתיבה ובדיקת התפילין | Orah Haïm,200 (fichier présent),oui,oui,
https://daattorah.com/oh-quotidien/39/synthese/en,en,orah-haim,39,,3-Synthese,sources/orah-haim/siman-39/niveau-3-synthese-en.html,Siman ל״ט · Level 3 — Synthesis | Orah Haïm — Quotidien,200 (fichier présent),oui,oui,
https://daattorah.com/oh-quotidien/39/synthese/he,he,orah-haim,39,,3-Synthese,sources/orah-haim/siman-39/niveau-3-synthese-he.html,סימן ל״ט · רמה 3 סיכום — מי הכשרים לכתוב תפילין | דעת,200 (fichier présent),oui,oui,
https://daattorah.com/oh-quotidien/39/synthese,fr,orah-haim,39,,3-Synthese,sources/orah-haim/siman-39/niveau-3-synthese.html,Siman ל״ט · Niveau 3 — Synthèse | Orah Haïm — Quotidien,200 (fichier présent),oui,oui,
https://daattorah.com/oh-quotidien/39/daat-harav/en,en,orah-haim,39,,4-DaatHaRav,sources/orah-haim/siman-39/niveau-4-daat-harav-en.html,Siman 39 · Level 4 — Daat HaRav (the Alter Rebbe) | Orah Haim,200 (fichier présent),oui,oui,
https://daattorah.com/oh-quotidien/39/daat-harav/he,he,orah-haim,39,,4-DaatHaRav,sources/orah-haim/siman-39/niveau-4-daat-harav-he.html,סימן ל״ט · רמה 4 — דעת הרב (אדמו״ר הזקן) | אורח חיים,200 (fichier présent),oui,oui,
https://daattorah.com/oh-quotidien/39/daat-harav,fr,orah-haim,39,,4-DaatHaRav,sources/orah-haim/siman-39/niveau-4-daat-harav.html,Siman 39 · Niveau 4 — Daat HaRav (Admour HaZaken) | Orah Haïm,200 (fichier présent),oui,oui,
https://daattorah.com/oh-quotidien/4/en,en,orah-haim,4,,Index,sources/orah-haim/siman-4/index-en.html,Siman 4 — Morning Netilat Yadayim (Shacharit) | DAAT,200 (fichier présent),oui,oui,
https://daattorah.com/oh-quotidien/4/he,he,orah-haim,4,,Index,sources/orah-haim/siman-4/index-he.html,סימן ד׳ — דיני נטילת ידים שחרית | אורח חיים,200 (fichier présent),oui,oui,
https://daattorah.com/oh-quotidien/4/,fr,orah-haim,4,,Index,sources/orah-haim/siman-4/index.html,Siman 4 — La netilat yadayim du matin (נט״י שחרית) | DAAT,200 (fichier présent),oui,oui,
https://daattorah.com/oh-quotidien/4/base/en,en,orah-haim,4,,1-Base,sources/orah-haim/siman-4/niveau-1-base-en.html,Siman ד׳ · Level 1 — Morning Washing of the Hands | Orah Haïm,200 (fichier présent),oui,oui,
https://daattorah.com/oh-quotidien/4/base/he,he,orah-haim,4,,1-Base,sources/orah-haim/siman-4/niveau-1-base-he.html,סימן ד׳ · רמה 1 — נטילת ידים שחרית | דעת,200 (fichier présent),oui,oui,
https://daattorah.com/oh-quotidien/4/base,fr,orah-haim,4,,1-Base,sources/orah-haim/siman-4/niveau-1-base.html,Siman ד׳ · Niveau 1 — La netilat yadayim du matin | Orah Haïm,200 (fichier présent),oui,oui,
https://daattorah.com/oh-quotidien/4/lamdan/en,en,orah-haim,4,,2-Lamdan,sources/orah-haim/siman-4/niveau-2-lamdan-en.html,Siman ד׳ · Level 2 (Lamdan) — Morning Netilat Yadayim | DAAT,200 (fichier présent),oui,oui,
https://daattorah.com/oh-quotidien/4/lamdan/he,he,orah-haim,4,,2-Lamdan,sources/orah-haim/siman-4/niveau-2-lamdan-he.html,סימן ד׳ · רמה 2 (למדן) — נטילת ידים שחרית | דעת,200 (fichier présent),oui,oui,
https://daattorah.com/oh-quotidien/4/lamdan,fr,orah-haim,4,,2-Lamdan,sources/orah-haim/siman-4/niveau-2-lamdan.html,Siman ד׳ · Niveau 2 (Lamdan) — נטילת ידים שחרית | Orah Haïm,200 (fichier présent),oui,oui,
https://daattorah.com/oh-quotidien/4/synthese/en,en,orah-haim,4,,3-Synthese,sources/orah-haim/siman-4/niveau-3-synthese-en.html,Siman ד׳ · Level 3 Master Synthesis — Summary & Mnemonics | DAAT,200 (fichier présent),oui,oui,
https://daattorah.com/oh-quotidien/4/synthese/he,he,orah-haim,4,,3-Synthese,sources/orah-haim/siman-4/niveau-3-synthese-he.html,סימן ד׳ · רמה 3 סיכום מגיסטרלי — סיכום וסימני זיכרון | דעת,200 (fichier présent),oui,oui,
https://daattorah.com/oh-quotidien/4/synthese,fr,orah-haim,4,,3-Synthese,sources/orah-haim/siman-4/niveau-3-synthese.html,Siman ד׳ · Niveau 3 — Synthèse | Orah Haïm — Quotidien,200 (fichier présent),oui,oui,
https://daattorah.com/oh-quotidien/4/daat-harav/en,en,orah-haim,4,,4-DaatHaRav,sources/orah-haim/siman-4/niveau-4-daat-harav-en.html,Siman 4 · Level 4 — Way of the Alter Rebbe | Orach Chayim,200 (fichier présent),oui,oui,
https://daattorah.com/oh-quotidien/4/daat-harav/he,he,orah-haim,4,,4-DaatHaRav,sources/orah-haim/siman-4/niveau-4-daat-harav-he.html,סימן ד׳ · רמה 4 — שיטת אדמו״ר הזקן | אורח חיים,200 (fichier présent),oui,oui,
https://daattorah.com/oh-quotidien/4/daat-harav,fr,orah-haim,4,,4-DaatHaRav,sources/orah-haim/siman-4/niveau-4-daat-harav.html,Siman 4 · Niveau 4 — Chitah de l'Admour HaZaken | Orah Haïm,200 (fichier présent),oui,oui,
https://daattorah.com/oh-quotidien/40/en,en,orah-haim,40,,Index,sources/orah-haim/siman-40/index-en.html,Siman 40 — The Sanctity of the Tefillin | DAAT,200 (fichier présent),oui,oui,
https://daattorah.com/oh-quotidien/40/he,he,orah-haim,40,,Index,sources/orah-haim/siman-40/index-he.html,סימן מ׳ — דין קדושת התפילין | אורח חיים,200 (fichier présent),oui,oui,
https://daattorah.com/oh-quotidien/40/,fr,orah-haim,40,,Index,sources/orah-haim/siman-40/index.html,Siman 40 — La sainteté des tefilin | DAAT,200 (fichier présent),oui,oui,
https://daattorah.com/oh-quotidien/40/base/en,en,orah-haim,40,,1-Base,sources/orah-haim/siman-40/niveau-1-base-en.html,Siman מ׳ · Level 1 — The sanctity of the tefilin and its respect,200 (fichier présent),oui,oui,
https://daattorah.com/oh-quotidien/40/base/he,he,orah-haim,40,,1-Base,sources/orah-haim/siman-40/niveau-1-base-he.html,סימן מ׳ · רמה 1 — דין קדושת התפילין ואיך לנהוג בה | דעת,200 (fichier présent),oui,oui,
https://daattorah.com/oh-quotidien/40/base,fr,orah-haim,40,,1-Base,sources/orah-haim/siman-40/niveau-1-base.html,Siman מ׳ · Niveau 1 — La sainteté des tefilin et son respect,200 (fichier présent),oui,oui,
https://daattorah.com/oh-quotidien/40/lamdan/en,en,orah-haim,40,,2-Lamdan,sources/orah-haim/siman-40/niveau-2-lamdan-en.html,Siman מ׳ · Level 2 — קדושת התפילין וכבודן | Orah Haïm,200 (fichier présent),oui,oui,
https://daattorah.com/oh-quotidien/40/lamdan/he,he,orah-haim,40,,2-Lamdan,sources/orah-haim/siman-40/niveau-2-lamdan-he.html,סימן מ׳ · רמה 2 (למדן) — קדושת התפילין וכבודן | דעת,200 (fichier présent),oui,oui,
https://daattorah.com/oh-quotidien/40/lamdan,fr,orah-haim,40,,2-Lamdan,sources/orah-haim/siman-40/niveau-2-lamdan.html,Siman מ׳ · Niveau 2 — קדושת התפילין וכבודן | Orah Haïm,200 (fichier présent),oui,oui,
https://daattorah.com/oh-quotidien/40/synthese/en,en,orah-haim,40,,3-Synthese,sources/orah-haim/siman-40/niveau-3-synthese-en.html,Siman מ׳ · Level 3 — Synthesis | Orah Haïm — Quotidien,200 (fichier présent),oui,oui,
https://daattorah.com/oh-quotidien/40/synthese/he,he,orah-haim,40,,3-Synthese,sources/orah-haim/siman-40/niveau-3-synthese-he.html,סימן מ׳ · רמה 3 סיכום — דין קדושת התפילין | דעת,200 (fichier présent),oui,oui,
https://daattorah.com/oh-quotidien/40/synthese,fr,orah-haim,40,,3-Synthese,sources/orah-haim/siman-40/niveau-3-synthese.html,Siman מ׳ · Niveau 3 — Synthèse | Orah Haïm — Quotidien,200 (fichier présent),oui,oui,
https://daattorah.com/oh-quotidien/40/daat-harav/en,en,orah-haim,40,,4-DaatHaRav,sources/orah-haim/siman-40/niveau-4-daat-harav-en.html,Siman 40 · Level 4 — Daat HaRav (the Alter Rebbe) | Orah Haim,200 (fichier présent),oui,oui,
https://daattorah.com/oh-quotidien/40/daat-harav/he,he,orah-haim,40,,4-DaatHaRav,sources/orah-haim/siman-40/niveau-4-daat-harav-he.html,סימן מ׳ · רמה 4 — דעת הרב (אדמו״ר הזקן) | אורח חיים,200 (fichier présent),oui,oui,
https://daattorah.com/oh-quotidien/40/daat-harav,fr,orah-haim,40,,4-DaatHaRav,sources/orah-haim/siman-40/niveau-4-daat-harav.html,Siman 40 · Niveau 4 — Daat HaRav (Admour HaZaken) | Orah Haïm,200 (fichier présent),oui,oui,
https://daattorah.com/oh-quotidien/41/en,en,orah-haim,41,,Index,sources/orah-haim/siman-41/index-en.html,Siman 41 — Carrying a Load While Wearing Tefillin | DAAT,200 (fichier présent),oui,oui,
https://daattorah.com/oh-quotidien/41/he,he,orah-haim,41,,Index,sources/orah-haim/siman-41/index-he.html,סימן מ״א — הנושא משאוי איך ינהוג בתפילין | אורח חיים,200 (fichier présent),oui,oui,
https://daattorah.com/oh-quotidien/41/,fr,orah-haim,41,,Index,sources/orah-haim/siman-41/index.html,Siman 41 — Porter une charge avec les tefilin | DAAT,200 (fichier présent),oui,oui,
https://daattorah.com/oh-quotidien/41/base/en,en,orah-haim,41,,1-Base,sources/orah-haim/siman-41/niveau-1-base-en.html,Siman מ״א · Level 1 — Carrying a load with the tefilin,200 (fichier présent),oui,oui,
https://daattorah.com/oh-quotidien/41/base/he,he,orah-haim,41,,1-Base,sources/orah-haim/siman-41/niveau-1-base-he.html,סימן מ״א · רמה 1 — הנושא משאוי איך ינהוג בתפילין | דעת,200 (fichier présent),oui,oui,
https://daattorah.com/oh-quotidien/41/base,fr,orah-haim,41,,1-Base,sources/orah-haim/siman-41/niveau-1-base.html,Siman מ״א · Niveau 1 — Porter une charge avec les tefilin,200 (fichier présent),oui,oui,
https://daattorah.com/oh-quotidien/41/lamdan/en,en,orah-haim,41,,2-Lamdan,sources/orah-haim/siman-41/niveau-2-lamdan-en.html,Siman מ״א · Level 2 — הנושא משאוי בתפילין | Orah Haïm,200 (fichier présent),oui,oui,
https://daattorah.com/oh-quotidien/41/lamdan/he,he,orah-haim,41,,2-Lamdan,sources/orah-haim/siman-41/niveau-2-lamdan-he.html,סימן מ״א · רמה 2 (למדן) — הנושא משאוי בתפילין | דעת,200 (fichier présent),oui,oui,
https://daattorah.com/oh-quotidien/41/lamdan,fr,orah-haim,41,,2-Lamdan,sources/orah-haim/siman-41/niveau-2-lamdan.html,Siman מ״א · Niveau 2 — הנושא משאוי בתפילין | Orah Haïm,200 (fichier présent),oui,oui,
https://daattorah.com/oh-quotidien/41/synthese/en,en,orah-haim,41,,3-Synthese,sources/orah-haim/siman-41/niveau-3-synthese-en.html,Siman מ״א · Level 3 — Synthesis | Orah Haïm — Quotidien,200 (fichier présent),oui,oui,
https://daattorah.com/oh-quotidien/41/synthese/he,he,orah-haim,41,,3-Synthese,sources/orah-haim/siman-41/niveau-3-synthese-he.html,סימן מ״א · רמה 3 סיכום — הנושא משאוי בתפילין | דעת,200 (fichier présent),oui,oui,
https://daattorah.com/oh-quotidien/41/synthese,fr,orah-haim,41,,3-Synthese,sources/orah-haim/siman-41/niveau-3-synthese.html,Siman מ״א · Niveau 3 — Synthèse | Orah Haïm — Quotidien,200 (fichier présent),oui,oui,
https://daattorah.com/oh-quotidien/41/daat-harav/en,en,orah-haim,41,,4-DaatHaRav,sources/orah-haim/siman-41/niveau-4-daat-harav-en.html,Siman 41 · Level 4 — Daat HaRav (the Alter Rebbe) | Orah Haim,200 (fichier présent),oui,oui,
https://daattorah.com/oh-quotidien/41/daat-harav/he,he,orah-haim,41,,4-DaatHaRav,sources/orah-haim/siman-41/niveau-4-daat-harav-he.html,סימן מ״א · רמה 4 — דעת הרב (אדמו״ר הזקן) | אורח חיים,200 (fichier présent),oui,oui,
https://daattorah.com/oh-quotidien/41/daat-harav,fr,orah-haim,41,,4-DaatHaRav,sources/orah-haim/siman-41/niveau-4-daat-harav.html,Siman 41 · Niveau 4 — Daat HaRav (Admour HaZaken) | Orah Haïm,200 (fichier présent),oui,oui,
https://daattorah.com/oh-quotidien/42/en,en,orah-haim,42,,Index,sources/orah-haim/siman-42/index-en.html,Siman 42 — Transforming a Tefilin (של יד / של ראש) | DAAT,200 (fichier présent),oui,oui,
https://daattorah.com/oh-quotidien/42/he,he,orah-haim,42,,Index,sources/orah-haim/siman-42/index-he.html,סימן מ״ב — אם מותר לשנות תפילין של יד לשל ראש | אורח חיים,200 (fichier présent),oui,oui,
https://daattorah.com/oh-quotidien/42/,fr,orah-haim,42,,Index,sources/orah-haim/siman-42/index.html,Siman 42 — Transformer un tefilin (של יד / של ראש) | DAAT,200 (fichier présent),oui,oui,
https://daattorah.com/oh-quotidien/42/base/en,en,orah-haim,42,,1-Base,sources/orah-haim/siman-42/niveau-1-base-en.html,Siman מ״ב · Level 1 — May one transform the tefilin (של ראש / של יד),200 (fichier présent),oui,oui,
https://daattorah.com/oh-quotidien/42/base/he,he,orah-haim,42,,1-Base,sources/orah-haim/siman-42/niveau-1-base-he.html,סימן מ״ב · רמה 1 — אם מותר לשנות תפילין של יד לשל ראש | דעת,200 (fichier présent),oui,oui,
https://daattorah.com/oh-quotidien/42/base,fr,orah-haim,42,,1-Base,sources/orah-haim/siman-42/niveau-1-base.html,Siman מ״ב · Niveau 1 — Transformer les tefilin (של ראש / של יד),200 (fichier présent),oui,oui,
https://daattorah.com/oh-quotidien/42/lamdan/en,en,orah-haim,42,,2-Lamdan,sources/orah-haim/siman-42/niveau-2-lamdan-en.html,Siman מ״ב · Level 2 (Lamdan) — Transforming the tefilin | Orah Haïm,200 (fichier présent),oui,oui,
https://daattorah.com/oh-quotidien/42/lamdan/he,he,orah-haim,42,,2-Lamdan,sources/orah-haim/siman-42/niveau-2-lamdan-he.html,סימן מ״ב · רמה 2 (למדן) — שינוי התפילין וההזמנה | דעת,200 (fichier présent),oui,oui,
https://daattorah.com/oh-quotidien/42/lamdan,fr,orah-haim,42,,2-Lamdan,sources/orah-haim/siman-42/niveau-2-lamdan.html,Siman מ״ב · Niveau 2 — שינוי התפילין וההזמנה | Orah Haïm,200 (fichier présent),oui,oui,
https://daattorah.com/oh-quotidien/42/synthese/en,en,orah-haim,42,,3-Synthese,sources/orah-haim/siman-42/niveau-3-synthese-en.html,Siman מ״ב · Level 3 — Synthesis | Orah Haïm — Quotidien,200 (fichier présent),oui,oui,
https://daattorah.com/oh-quotidien/42/synthese/he,he,orah-haim,42,,3-Synthese,sources/orah-haim/siman-42/niveau-3-synthese-he.html,סימן מ״ב · רמה 3 סיכום — אם מותר לשנות תפילין של יד לשל ראש | דעת,200 (fichier présent),oui,oui,
https://daattorah.com/oh-quotidien/42/synthese,fr,orah-haim,42,,3-Synthese,sources/orah-haim/siman-42/niveau-3-synthese.html,Siman מ״ב · Niveau 3 — Synthèse | Orah Haïm — Quotidien,200 (fichier présent),oui,oui,
https://daattorah.com/oh-quotidien/42/daat-harav/en,en,orah-haim,42,,4-DaatHaRav,sources/orah-haim/siman-42/niveau-4-daat-harav-en.html,Siman 42 · Level 4 — Daat HaRav (the Alter Rebbe) | Orah Haim,200 (fichier présent),oui,oui,
https://daattorah.com/oh-quotidien/42/daat-harav/he,he,orah-haim,42,,4-DaatHaRav,sources/orah-haim/siman-42/niveau-4-daat-harav-he.html,סימן מ״ב · רמה 4 — דעת הרב (אדמו״ר הזקן) | אורח חיים,200 (fichier présent),oui,oui,
https://daattorah.com/oh-quotidien/42/daat-harav,fr,orah-haim,42,,4-DaatHaRav,sources/orah-haim/siman-42/niveau-4-daat-harav.html,Siman 42 · Niveau 4 — Daat HaRav (Admour HaZaken) | Orah Haïm,200 (fichier présent),oui,oui,
https://daattorah.com/oh-quotidien/43/en,en,orah-haim,43,,Index,sources/orah-haim/siman-43/index-en.html,Siman 43 — Tefillin and the Bathroom | DAAT,200 (fichier présent),oui,oui,
https://daattorah.com/oh-quotidien/43/he,he,orah-haim,43,,Index,sources/orah-haim/siman-43/index-he.html,סימן מ״ג — דין תפילין בבית הכסא | אורח חיים,200 (fichier présent),oui,oui,
https://daattorah.com/oh-quotidien/43/,fr,orah-haim,43,,Index,sources/orah-haim/siman-43/index.html,Siman 43 — Les tefilin aux toilettes | DAAT,200 (fichier présent),oui,oui,
https://daattorah.com/oh-quotidien/43/base/en,en,orah-haim,43,,1-Base,sources/orah-haim/siman-43/niveau-1-base-en.html,Siman מ״ג · Level 1 — The tefilin on entering the lavatory,200 (fichier présent),oui,oui,
https://daattorah.com/oh-quotidien/43/base/he,he,orah-haim,43,,1-Base,sources/orah-haim/siman-43/niveau-1-base-he.html,סימן מ״ג · רמה 1 — דין תפילין בהיכנסו לבית הכסא | דעת,200 (fichier présent),oui,oui,
https://daattorah.com/oh-quotidien/43/base,fr,orah-haim,43,,1-Base,sources/orah-haim/siman-43/niveau-1-base.html,Siman מ״ג · Niveau 1 — Les tefilin en entrant au בית הכסא,200 (fichier présent),oui,oui,
https://daattorah.com/oh-quotidien/43/lamdan/en,en,orah-haim,43,,2-Lamdan,sources/orah-haim/siman-43/niveau-2-lamdan-en.html,Siman מ״ג · Level 2 — תפילין בבית הכסא | Orah Haïm,200 (fichier présent),oui,oui,
https://daattorah.com/oh-quotidien/43/lamdan/he,he,orah-haim,43,,2-Lamdan,sources/orah-haim/siman-43/niveau-2-lamdan-he.html,סימן מ״ג · רמה 2 (למדן) — תפילין בבית הכסא | דעת,200 (fichier présent),oui,oui,
https://daattorah.com/oh-quotidien/43/lamdan,fr,orah-haim,43,,2-Lamdan,sources/orah-haim/siman-43/niveau-2-lamdan.html,Siman מ״ג · Niveau 2 — תפילין בבית הכסא | Orah Haïm,200 (fichier présent),oui,oui,
https://daattorah.com/oh-quotidien/43/synthese/en,en,orah-haim,43,,3-Synthese,sources/orah-haim/siman-43/niveau-3-synthese-en.html,Siman מ״ג · Level 3 — Synthesis | Orah Haïm — Quotidien,200 (fichier présent),oui,oui,
https://daattorah.com/oh-quotidien/43/synthese/he,he,orah-haim,43,,3-Synthese,sources/orah-haim/siman-43/niveau-3-synthese-he.html,סימן מ״ג · רמה 3 סיכום — דין תפילין בבית הכסא | דעת,200 (fichier présent),oui,oui,
https://daattorah.com/oh-quotidien/43/synthese,fr,orah-haim,43,,3-Synthese,sources/orah-haim/siman-43/niveau-3-synthese.html,Siman מ״ג · Niveau 3 — Synthèse | Orah Haïm — Quotidien,200 (fichier présent),oui,oui,
https://daattorah.com/oh-quotidien/43/daat-harav/en,en,orah-haim,43,,4-DaatHaRav,sources/orah-haim/siman-43/niveau-4-daat-harav-en.html,Siman 43 · Level 4 — Daat HaRav (the Alter Rebbe) | Orah Haim,200 (fichier présent),oui,oui,
https://daattorah.com/oh-quotidien/43/daat-harav/he,he,orah-haim,43,,4-DaatHaRav,sources/orah-haim/siman-43/niveau-4-daat-harav-he.html,סימן מ״ג · רמה 4 — דעת הרב (אדמו״ר הזקן) | אורח חיים,200 (fichier présent),oui,oui,
https://daattorah.com/oh-quotidien/43/daat-harav,fr,orah-haim,43,,4-DaatHaRav,sources/orah-haim/siman-43/niveau-4-daat-harav.html,Siman 43 · Niveau 4 — Daat HaRav (Admour HaZaken) | Orah Haïm,200 (fichier présent),oui,oui,
https://daattorah.com/oh-quotidien/44/en,en,orah-haim,44,,Index,sources/orah-haim/siman-44/index-en.html,Siman 44 — Sleeping While Wearing Tefillin | DAAT,200 (fichier présent),oui,oui,
https://daattorah.com/oh-quotidien/44/he,he,orah-haim,44,,Index,sources/orah-haim/siman-44/index-he.html,סימן מ״ד — איסור שינה בתפילין | אורח חיים,200 (fichier présent),oui,oui,
https://daattorah.com/oh-quotidien/44/,fr,orah-haim,44,,Index,sources/orah-haim/siman-44/index.html,Siman 44 — Dormir avec les tefilin | DAAT,200 (fichier présent),oui,oui,
https://daattorah.com/oh-quotidien/44/base/en,en,orah-haim,44,,1-Base,sources/orah-haim/siman-44/niveau-1-base-en.html,Siman מ״ד · Level 1 — Sleeping while wearing the tefilin,200 (fichier présent),oui,oui,
https://daattorah.com/oh-quotidien/44/base/he,he,orah-haim,44,,1-Base,sources/orah-haim/siman-44/niveau-1-base-he.html,סימן מ״ד · רמה 1 — איסור שינה בתפילין | דעת,200 (fichier présent),oui,oui,
https://daattorah.com/oh-quotidien/44/base,fr,orah-haim,44,,1-Base,sources/orah-haim/siman-44/niveau-1-base.html,Siman מ״ד · Niveau 1 — Dormir avec les tefilin,200 (fichier présent),oui,oui,
https://daattorah.com/oh-quotidien/44/lamdan/en,en,orah-haim,44,,2-Lamdan,sources/orah-haim/siman-44/niveau-2-lamdan-en.html,Siman מ״ד · Level 2 — איסור שינה בתפילין | Orah Haïm,200 (fichier présent),oui,oui,
https://daattorah.com/oh-quotidien/44/lamdan/he,he,orah-haim,44,,2-Lamdan,sources/orah-haim/siman-44/niveau-2-lamdan-he.html,סימן מ״ד · רמה 2 (למדן) — איסור שינה בתפילין | דעת,200 (fichier présent),oui,oui,
https://daattorah.com/oh-quotidien/44/lamdan,fr,orah-haim,44,,2-Lamdan,sources/orah-haim/siman-44/niveau-2-lamdan.html,Siman מ״ד · Niveau 2 — איסור שינה בתפילין | Orah Haïm,200 (fichier présent),oui,oui,
https://daattorah.com/oh-quotidien/44/synthese/en,en,orah-haim,44,,3-Synthese,sources/orah-haim/siman-44/niveau-3-synthese-en.html,Siman מ״ד · Level 3 — Synthesis | Orah Haïm — Quotidien,200 (fichier présent),oui,oui,
https://daattorah.com/oh-quotidien/44/synthese/he,he,orah-haim,44,,3-Synthese,sources/orah-haim/siman-44/niveau-3-synthese-he.html,סימן מ״ד · רמה 3 סיכום — איסור שינה בתפילין | דעת,200 (fichier présent),oui,oui,
https://daattorah.com/oh-quotidien/44/synthese,fr,orah-haim,44,,3-Synthese,sources/orah-haim/siman-44/niveau-3-synthese.html,Siman מ״ד · Niveau 3 — Synthèse | Orah Haïm — Quotidien,200 (fichier présent),oui,oui,
https://daattorah.com/oh-quotidien/44/daat-harav/en,en,orah-haim,44,,4-DaatHaRav,sources/orah-haim/siman-44/niveau-4-daat-harav-en.html,Siman 44 · Level 4 — Daat HaRav (the Alter Rebbe) | Orah Haim,200 (fichier présent),oui,oui,
https://daattorah.com/oh-quotidien/44/daat-harav/he,he,orah-haim,44,,4-DaatHaRav,sources/orah-haim/siman-44/niveau-4-daat-harav-he.html,סימן מ״ד · רמה 4 — דעת הרב (אדמו״ר הזקן) | אורח חיים,200 (fichier présent),oui,oui,
https://daattorah.com/oh-quotidien/44/daat-harav,fr,orah-haim,44,,4-DaatHaRav,sources/orah-haim/siman-44/niveau-4-daat-harav.html,Siman 44 · Niveau 4 — Daat HaRav (Admour HaZaken) | Orah Haïm,200 (fichier présent),oui,oui,
https://daattorah.com/oh-quotidien/45/en,en,orah-haim,45,,Index,sources/orah-haim/siman-45/index-en.html,Siman 45 — Tefillin at the Cemetery and the Bathhouse | DAAT,200 (fichier présent),oui,oui,
https://daattorah.com/oh-quotidien/45/he,he,orah-haim,45,,Index,sources/orah-haim/siman-45/index-he.html,סימן מ״ה — דין תפילין בבית הקברות ובית המרחץ | אורח חיים,200 (fichier présent),oui,oui,
https://daattorah.com/oh-quotidien/45/,fr,orah-haim,45,,Index,sources/orah-haim/siman-45/index.html,Siman 45 — Les tefilin au cimetière et aux bains | DAAT,200 (fichier présent),oui,oui,
https://daattorah.com/oh-quotidien/45/base/en,en,orah-haim,45,,1-Base,sources/orah-haim/siman-45/niveau-1-base-en.html,Siman מ״ה · Level 1 — Tefilin in a cemetery and the bathhouse,200 (fichier présent),oui,oui,
https://daattorah.com/oh-quotidien/45/base/he,he,orah-haim,45,,1-Base,sources/orah-haim/siman-45/niveau-1-base-he.html,סימן מ״ה · רמה 1 — דין תפילין בבית הקברות ובבית המרחץ | דעת,200 (fichier présent),oui,oui,
https://daattorah.com/oh-quotidien/45/base,fr,orah-haim,45,,1-Base,sources/orah-haim/siman-45/niveau-1-base.html,Siman מ״ה · Niveau 1 — Tefilin au cimetière et aux bains,200 (fichier présent),oui,oui,
https://daattorah.com/oh-quotidien/45/lamdan/en,en,orah-haim,45,,2-Lamdan,sources/orah-haim/siman-45/niveau-2-lamdan-en.html,Siman מ״ה · Level 2 — תפילין בבית הקברות ובמרחץ | Orah Haïm,200 (fichier présent),oui,oui,
https://daattorah.com/oh-quotidien/45/lamdan/he,he,orah-haim,45,,2-Lamdan,sources/orah-haim/siman-45/niveau-2-lamdan-he.html,סימן מ״ה · רמה 2 (למדן) — תפילין בבית הקברות ובמרחץ | דעת,200 (fichier présent),oui,oui,
https://daattorah.com/oh-quotidien/45/lamdan,fr,orah-haim,45,,2-Lamdan,sources/orah-haim/siman-45/niveau-2-lamdan.html,Siman מ״ה · Niveau 2 — תפילין בבית הקברות ובמרחץ | Orah Haïm,200 (fichier présent),oui,oui,
https://daattorah.com/oh-quotidien/45/synthese/en,en,orah-haim,45,,3-Synthese,sources/orah-haim/siman-45/niveau-3-synthese-en.html,Siman מ״ה · Level 3 — Synthesis | Orah Haïm — Quotidien,200 (fichier présent),oui,oui,
https://daattorah.com/oh-quotidien/45/synthese/he,he,orah-haim,45,,3-Synthese,sources/orah-haim/siman-45/niveau-3-synthese-he.html,סימן מ״ה · רמה 3 סיכום — תפילין בבית הקברות ובמרחץ | דעת,200 (fichier présent),oui,oui,
https://daattorah.com/oh-quotidien/45/synthese,fr,orah-haim,45,,3-Synthese,sources/orah-haim/siman-45/niveau-3-synthese.html,Siman מ״ה · Niveau 3 — Synthèse | Orah Haïm — Quotidien,200 (fichier présent),oui,oui,
https://daattorah.com/oh-quotidien/45/daat-harav/en,en,orah-haim,45,,4-DaatHaRav,sources/orah-haim/siman-45/niveau-4-daat-harav-en.html,Siman 45 · Level 4 — Daat HaRav (the Alter Rebbe) | Orah Haim,200 (fichier présent),oui,oui,
https://daattorah.com/oh-quotidien/45/daat-harav/he,he,orah-haim,45,,4-DaatHaRav,sources/orah-haim/siman-45/niveau-4-daat-harav-he.html,סימן מ״ה · רמה 4 — דעת הרב (אדמו״ר הזקן) | אורח חיים,200 (fichier présent),oui,oui,
https://daattorah.com/oh-quotidien/45/daat-harav,fr,orah-haim,45,,4-DaatHaRav,sources/orah-haim/siman-45/niveau-4-daat-harav.html,Siman 45 · Niveau 4 — Daat HaRav (Admour HaZaken) | Orah Haïm,200 (fichier présent),oui,oui,
https://daattorah.com/oh-quotidien/46/en,en,orah-haim,46,,Index,sources/orah-haim/siman-46/index-en.html,Siman 46 — The Morning Blessings (ברכות השחר) | DAAT,200 (fichier présent),oui,oui,
https://daattorah.com/oh-quotidien/46/he,he,orah-haim,46,,Index,sources/orah-haim/siman-46/index-he.html,סימן מ״ו — הלכות ברכות השחר ושאר ברכות | אורח חיים,200 (fichier présent),oui,oui,
https://daattorah.com/oh-quotidien/46/,fr,orah-haim,46,,Index,sources/orah-haim/siman-46/index.html,Siman 46 — Les bénédictions du matin (ברכות השחר) | DAAT,200 (fichier présent),oui,oui,
https://daattorah.com/oh-quotidien/46/base/en,en,orah-haim,46,,1-Base,sources/orah-haim/siman-46/niveau-1-base-en.html,Siman מ״ו · Level 1 — The morning blessings,200 (fichier présent),oui,oui,
https://daattorah.com/oh-quotidien/46/base/he,he,orah-haim,46,,1-Base,sources/orah-haim/siman-46/niveau-1-base-he.html,סימן מ״ו · רמה 1 — ברכות השחר ושאר ברכות | דעת,200 (fichier présent),oui,oui,
https://daattorah.com/oh-quotidien/46/base,fr,orah-haim,46,,1-Base,sources/orah-haim/siman-46/niveau-1-base.html,Siman מ״ו · Niveau 1 — Les bénédictions du matin,200 (fichier présent),oui,oui,
https://daattorah.com/oh-quotidien/46/lamdan/en,en,orah-haim,46,,2-Lamdan,sources/orah-haim/siman-46/niveau-2-lamdan-en.html,Siman מ״ו · Level 2 — ברכות השחר ומאה ברכות | Orah Haïm,200 (fichier présent),oui,oui,
https://daattorah.com/oh-quotidien/46/lamdan/he,he,orah-haim,46,,2-Lamdan,sources/orah-haim/siman-46/niveau-2-lamdan-he.html,סימן מ״ו · רמה 2 (למדן) — ברכות השחר ומאה ברכות | דעת,200 (fichier présent),oui,oui,
https://daattorah.com/oh-quotidien/46/lamdan,fr,orah-haim,46,,2-Lamdan,sources/orah-haim/siman-46/niveau-2-lamdan.html,Siman מ״ו · Niveau 2 — ברכות השחר ומאה ברכות | Orah Haïm,200 (fichier présent),oui,oui,
https://daattorah.com/oh-quotidien/46/synthese/en,en,orah-haim,46,,3-Synthese,sources/orah-haim/siman-46/niveau-3-synthese-en.html,Siman מ״ו · Level 3 — Synthesis | Orah Haïm — Quotidien,200 (fichier présent),oui,oui,
https://daattorah.com/oh-quotidien/46/synthese/he,he,orah-haim,46,,3-Synthese,sources/orah-haim/siman-46/niveau-3-synthese-he.html,סימן מ״ו · רמה 3 סיכום — ברכות השחר | דעת,200 (fichier présent),oui,oui,
https://daattorah.com/oh-quotidien/46/synthese,fr,orah-haim,46,,3-Synthese,sources/orah-haim/siman-46/niveau-3-synthese.html,Siman מ״ו · Niveau 3 — Synthèse | Orah Haïm — Quotidien,200 (fichier présent),oui,oui,
https://daattorah.com/oh-quotidien/46/daat-harav/en,en,orah-haim,46,,4-DaatHaRav,sources/orah-haim/siman-46/niveau-4-daat-harav-en.html,Siman 46 · Level 4 — Daat HaRav (the Alter Rebbe) | Orah Haim,200 (fichier présent),oui,oui,
https://daattorah.com/oh-quotidien/46/daat-harav/he,he,orah-haim,46,,4-DaatHaRav,sources/orah-haim/siman-46/niveau-4-daat-harav-he.html,סימן מ״ו · רמה 4 — דעת הרב (אדמו״ר הזקן) | אורח חיים,200 (fichier présent),oui,oui,
https://daattorah.com/oh-quotidien/46/daat-harav,fr,orah-haim,46,,4-DaatHaRav,sources/orah-haim/siman-46/niveau-4-daat-harav.html,Siman 46 · Niveau 4 — Daat HaRav (Admour HaZaken) | Orah Haïm,200 (fichier présent),oui,oui,
https://daattorah.com/oh-quotidien/47/en,en,orah-haim,47,,Index,sources/orah-haim/siman-47/index-en.html,Siman 47 — The Blessings on the Torah (ברכת התורה) | DAAT,200 (fichier présent),oui,oui,
https://daattorah.com/oh-quotidien/47/he,he,orah-haim,47,,Index,sources/orah-haim/siman-47/index-he.html,סימן מ״ז — דיני ברכת התורה | אורח חיים,200 (fichier présent),oui,oui,
https://daattorah.com/oh-quotidien/47/,fr,orah-haim,47,,Index,sources/orah-haim/siman-47/index.html,Siman 47 — Les bénédictions sur la Torah (ברכת התורה) | DAAT,200 (fichier présent),oui,oui,
https://daattorah.com/oh-quotidien/47/base/en,en,orah-haim,47,,1-Base,sources/orah-haim/siman-47/niveau-1-base-en.html,Siman מ״ז · Level 1 — The blessings over the Torah,200 (fichier présent),oui,oui,
https://daattorah.com/oh-quotidien/47/base/he,he,orah-haim,47,,1-Base,sources/orah-haim/siman-47/niveau-1-base-he.html,סימן מ״ז · רמה 1 — ברכת התורה | דעת,200 (fichier présent),oui,oui,
https://daattorah.com/oh-quotidien/47/base,fr,orah-haim,47,,1-Base,sources/orah-haim/siman-47/niveau-1-base.html,Siman מ״ז · Niveau 1 — Les bénédictions sur la Torah,200 (fichier présent),oui,oui,
https://daattorah.com/oh-quotidien/47/lamdan/en,en,orah-haim,47,,2-Lamdan,sources/orah-haim/siman-47/niveau-2-lamdan-en.html,Siman מ״ז · Level 2 — ברכת התורה ונוסחה | Orah Haïm,200 (fichier présent),oui,oui,
https://daattorah.com/oh-quotidien/47/lamdan/he,he,orah-haim,47,,2-Lamdan,sources/orah-haim/siman-47/niveau-2-lamdan-he.html,סימן מ״ז · רמה 2 (למדן) — ברכת התורה ונוסחה | דעת,200 (fichier présent),oui,oui,
https://daattorah.com/oh-quotidien/47/lamdan,fr,orah-haim,47,,2-Lamdan,sources/orah-haim/siman-47/niveau-2-lamdan.html,Siman מ״ז · Niveau 2 — ברכת התורה דאורייתא ונוסחה | Orah Haïm,200 (fichier présent),oui,oui,
https://daattorah.com/oh-quotidien/47/synthese/en,en,orah-haim,47,,3-Synthese,sources/orah-haim/siman-47/niveau-3-synthese-en.html,Siman מ״ז · Level 3 — Synthesis | Orah Haïm — Quotidien,200 (fichier présent),oui,oui,
https://daattorah.com/oh-quotidien/47/synthese/he,he,orah-haim,47,,3-Synthese,sources/orah-haim/siman-47/niveau-3-synthese-he.html,סימן מ״ז · רמה 3 סיכום — ברכת התורה | דעת,200 (fichier présent),oui,oui,
https://daattorah.com/oh-quotidien/47/synthese,fr,orah-haim,47,,3-Synthese,sources/orah-haim/siman-47/niveau-3-synthese.html,Siman מ״ז · Niveau 3 — Synthèse | Orah Haïm — Quotidien,200 (fichier présent),oui,oui,
https://daattorah.com/oh-quotidien/47/daat-harav/en,en,orah-haim,47,,4-DaatHaRav,sources/orah-haim/siman-47/niveau-4-daat-harav-en.html,Siman 47 · Level 4 — Daat HaRav (the Alter Rebbe) | Orah Haim,200 (fichier présent),oui,oui,
https://daattorah.com/oh-quotidien/47/daat-harav/he,he,orah-haim,47,,4-DaatHaRav,sources/orah-haim/siman-47/niveau-4-daat-harav-he.html,סימן מ״ז · רמה 4 — דעת הרב (אדמו״ר הזקן) | אורח חיים,200 (fichier présent),oui,oui,
https://daattorah.com/oh-quotidien/47/daat-harav,fr,orah-haim,47,,4-DaatHaRav,sources/orah-haim/siman-47/niveau-4-daat-harav.html,Siman 47 · Niveau 4 — Daat HaRav (Admour HaZaken) | Orah Haïm,200 (fichier présent),oui,oui,
https://daattorah.com/oh-quotidien/48/en,en,orah-haim,48,,Index,sources/orah-haim/siman-48/index-en.html,Siman 48 — The Tamid Passage and Sacrifice Verses (פרשת התמיד) | DAAT,200 (fichier présent),oui,oui,
https://daattorah.com/oh-quotidien/48/he,he,orah-haim,48,,Index,sources/orah-haim/siman-48/index-he.html,סימן מ״ח — אמירת פרשת התמיד ופסוקי הקרבנות | אורח חיים,200 (fichier présent),oui,oui,
https://daattorah.com/oh-quotidien/48/,fr,orah-haim,48,,Index,sources/orah-haim/siman-48/index.html,Siman 48 — La parachat haTamid et les sacrifices (אמירת פרשת התמיד) | DAAT,200 (fichier présent),oui,oui,
https://daattorah.com/oh-quotidien/48/base/en,en,orah-haim,48,,1-Base,sources/orah-haim/siman-48/niveau-1-base-en.html,Siman מ״ח · Level 1 — The parasha of the Tamid,200 (fichier présent),oui,oui,
https://daattorah.com/oh-quotidien/48/base/he,he,orah-haim,48,,1-Base,sources/orah-haim/siman-48/niveau-1-base-he.html,סימן מ״ח · רמה 1 — אמירת פרשת התמיד ופסוקי הקרבנות | דעת,200 (fichier présent),oui,oui,
https://daattorah.com/oh-quotidien/48/base,fr,orah-haim,48,,1-Base,sources/orah-haim/siman-48/niveau-1-base.html,Siman מ״ח · Niveau 1 — La parasha du Tamid,200 (fichier présent),oui,oui,
https://daattorah.com/oh-quotidien/48/lamdan/en,en,orah-haim,48,,2-Lamdan,sources/orah-haim/siman-48/niveau-2-lamdan-en.html,Siman מ״ח · Level 2 — קריאת הקרבנות ופרשת התמיד | Orah Haïm,200 (fichier présent),oui,oui,
https://daattorah.com/oh-quotidien/48/lamdan/he,he,orah-haim,48,,2-Lamdan,sources/orah-haim/siman-48/niveau-2-lamdan-he.html,סימן מ״ח · רמה 2 (למדן) — קריאת הקרבנות ופרשת התמיד | דעת,200 (fichier présent),oui,oui,
https://daattorah.com/oh-quotidien/48/lamdan,fr,orah-haim,48,,2-Lamdan,sources/orah-haim/siman-48/niveau-2-lamdan.html,Siman מ״ח · Niveau 2 — קריאת הקרבנות ופרשת התמיד | Orah Haïm,200 (fichier présent),oui,oui,
https://daattorah.com/oh-quotidien/48/synthese/en,en,orah-haim,48,,3-Synthese,sources/orah-haim/siman-48/niveau-3-synthese-en.html,Siman מ״ח · Level 3 — Synthesis | Orah Haïm — Quotidien,200 (fichier présent),oui,oui,
https://daattorah.com/oh-quotidien/48/synthese/he,he,orah-haim,48,,3-Synthese,sources/orah-haim/siman-48/niveau-3-synthese-he.html,סימן מ״ח · רמה 3 סיכום — פרשת התמיד | דעת,200 (fichier présent),oui,oui,
https://daattorah.com/oh-quotidien/48/synthese,fr,orah-haim,48,,3-Synthese,sources/orah-haim/siman-48/niveau-3-synthese.html,Siman מ״ח · Niveau 3 — Synthèse | Orah Haïm — Quotidien,200 (fichier présent),oui,oui,
https://daattorah.com/oh-quotidien/48/daat-harav/en,en,orah-haim,48,,4-DaatHaRav,sources/orah-haim/siman-48/niveau-4-daat-harav-en.html,Siman 48 · Level 4 — Daat HaRav (the Alter Rebbe) | Orah Haim,200 (fichier présent),oui,oui,
https://daattorah.com/oh-quotidien/48/daat-harav/he,he,orah-haim,48,,4-DaatHaRav,sources/orah-haim/siman-48/niveau-4-daat-harav-he.html,סימן מ״ח · רמה 4 — דעת הרב (אדמו״ר הזקן) | אורח חיים,200 (fichier présent),oui,oui,
https://daattorah.com/oh-quotidien/48/daat-harav,fr,orah-haim,48,,4-DaatHaRav,sources/orah-haim/siman-48/niveau-4-daat-harav.html,Siman 48 · Niveau 4 — Daat HaRav (Admour HaZaken) | Orah Haïm,200 (fichier présent),oui,oui,
https://daattorah.com/oh-quotidien/49/en,en,orah-haim,49,,Index,sources/orah-haim/siman-49/index-en.html,Siman 49 — Reciting the Familiar by Heart (ק״ש) | DAAT,200 (fichier présent),oui,oui,
https://daattorah.com/oh-quotidien/49/he,he,orah-haim,49,,Index,sources/orah-haim/siman-49/index-he.html,סימן מ״ט — דין אמירת דברים שבכתב בעל פה | אורח חיים,200 (fichier présent),oui,oui,
https://daattorah.com/oh-quotidien/49/,fr,orah-haim,49,,Index,sources/orah-haim/siman-49/index.html,Siman 49 — Réciter de mémoire ce qui est courant (ק״ש) | DAAT,200 (fichier présent),oui,oui,
https://daattorah.com/oh-quotidien/49/base/en,en,orah-haim,49,,1-Base,sources/orah-haim/siman-49/niveau-1-base-en.html,Siman מ״ט · Level 1 — Saying the ק״ש by heart,200 (fichier présent),oui,oui,
https://daattorah.com/oh-quotidien/49/base/he,he,orah-haim,49,,1-Base,sources/orah-haim/siman-49/niveau-1-base-he.html,סימן מ״ט · רמה 1 — אמירת דברים שבכתב בעל פה | דעת,200 (fichier présent),oui,oui,
https://daattorah.com/oh-quotidien/49/base,fr,orah-haim,49,,1-Base,sources/orah-haim/siman-49/niveau-1-base.html,Siman מ״ט · Niveau 1 — Dire le ק״ש de mémoire,200 (fichier présent),oui,oui,
https://daattorah.com/oh-quotidien/49/lamdan/en,en,orah-haim,49,,2-Lamdan,sources/orah-haim/siman-49/niveau-2-lamdan-en.html,Siman מ״ט · Level 2 — דברים שבכתב בעל פה | Orah Haïm,200 (fichier présent),oui,oui,
https://daattorah.com/oh-quotidien/49/lamdan/he,he,orah-haim,49,,2-Lamdan,sources/orah-haim/siman-49/niveau-2-lamdan-he.html,סימן מ״ט · רמה 2 (למדן) — דברים שבכתב בעל פה | דעת,200 (fichier présent),oui,oui,
https://daattorah.com/oh-quotidien/49/lamdan,fr,orah-haim,49,,2-Lamdan,sources/orah-haim/siman-49/niveau-2-lamdan.html,Siman מ״ט · Niveau 2 — דברים שבכתב בעל פה | Orah Haïm,200 (fichier présent),oui,oui,
https://daattorah.com/oh-quotidien/49/synthese/en,en,orah-haim,49,,3-Synthese,sources/orah-haim/siman-49/niveau-3-synthese-en.html,Siman מ״ט · Level 3 — Synthesis | Orah Haïm — Quotidien,200 (fichier présent),oui,oui,
https://daattorah.com/oh-quotidien/49/synthese/he,he,orah-haim,49,,3-Synthese,sources/orah-haim/siman-49/niveau-3-synthese-he.html,סימן מ״ט · רמה 3 סיכום — דברים שבכתב בעל פה | דעת,200 (fichier présent),oui,oui,
https://daattorah.com/oh-quotidien/49/synthese,fr,orah-haim,49,,3-Synthese,sources/orah-haim/siman-49/niveau-3-synthese.html,Siman מ״ט · Niveau 3 — Synthèse | Orah Haïm — Quotidien,200 (fichier présent),oui,oui,
https://daattorah.com/oh-quotidien/49/daat-harav/en,en,orah-haim,49,,4-DaatHaRav,sources/orah-haim/siman-49/niveau-4-daat-harav-en.html,Siman 49 · Level 4 — Daat HaRav (the Alter Rebbe) | Orah Haim,200 (fichier présent),oui,oui,
https://daattorah.com/oh-quotidien/49/daat-harav/he,he,orah-haim,49,,4-DaatHaRav,sources/orah-haim/siman-49/niveau-4-daat-harav-he.html,סימן מ״ט · רמה 4 — דעת הרב (אדמו״ר הזקן) | אורח חיים,200 (fichier présent),oui,oui,
https://daattorah.com/oh-quotidien/49/daat-harav,fr,orah-haim,49,,4-DaatHaRav,sources/orah-haim/siman-49/niveau-4-daat-harav.html,Siman 49 · Niveau 4 — Daat HaRav (Admour HaZaken) | Orah Haïm,200 (fichier présent),oui,oui,
https://daattorah.com/oh-quotidien/5/en,en,orah-haim,5,,Index,sources/orah-haim/siman-5/index-en.html,Siman 5 — Intention in the Blessings (Kavanat haBerakhot) | DAAT,200 (fichier présent),oui,oui,
https://daattorah.com/oh-quotidien/5/he,he,orah-haim,5,,Index,sources/orah-haim/siman-5/index-he.html,סימן ה׳ — דין כוונת הברכות | אורח חיים,200 (fichier présent),oui,oui,
https://daattorah.com/oh-quotidien/5/,fr,orah-haim,5,,Index,sources/orah-haim/siman-5/index.html,Siman 5 — L'intention dans les bénédictions (כוונת הברכות) | DAAT,200 (fichier présent),oui,oui,
https://daattorah.com/oh-quotidien/5/base/en,en,orah-haim,5,,1-Base,sources/orah-haim/siman-5/niveau-1-base-en.html,Siman ה׳ · Level 1 — The kavana of the berakhot | Orah Haïm,200 (fichier présent),oui,oui,
https://daattorah.com/oh-quotidien/5/base/he,he,orah-haim,5,,1-Base,sources/orah-haim/siman-5/niveau-1-base-he.html,סימן ה׳ · רמה 1 — כוונת הברכות | דעת,200 (fichier présent),oui,oui,
https://daattorah.com/oh-quotidien/5/base,fr,orah-haim,5,,1-Base,sources/orah-haim/siman-5/niveau-1-base.html,Siman ה׳ · Niveau 1 — La kavana des berakhot | Orah Haïm,200 (fichier présent),oui,oui,
https://daattorah.com/oh-quotidien/5/lamdan/en,en,orah-haim,5,,2-Lamdan,sources/orah-haim/siman-5/niveau-2-lamdan-en.html,Siman ה׳ · Level 2 (Lamdan) — כוונת הברכות | DAAT,200 (fichier présent),oui,oui,
https://daattorah.com/oh-quotidien/5/lamdan/he,he,orah-haim,5,,2-Lamdan,sources/orah-haim/siman-5/niveau-2-lamdan-he.html,סימן ה׳ · רמה 2 (למדן) — כוונת הברכות | דעת,200 (fichier présent),oui,oui,
https://daattorah.com/oh-quotidien/5/lamdan,fr,orah-haim,5,,2-Lamdan,sources/orah-haim/siman-5/niveau-2-lamdan.html,Siman ה׳ · Niveau 2 (Lamdan) — כוונת הברכות | Orah Haïm,200 (fichier présent),oui,oui,
https://daattorah.com/oh-quotidien/5/synthese/en,en,orah-haim,5,,3-Synthese,sources/orah-haim/siman-5/niveau-3-synthese-en.html,Siman ה׳ · Level 3 Master Synthesis — Summary & Mnemonics | DAAT,200 (fichier présent),oui,oui,
https://daattorah.com/oh-quotidien/5/synthese/he,he,orah-haim,5,,3-Synthese,sources/orah-haim/siman-5/niveau-3-synthese-he.html,סימן ה׳ · רמה 3 סיכום מגיסטרלי — סיכום וסימני זיכרון | דעת,200 (fichier présent),oui,oui,
https://daattorah.com/oh-quotidien/5/synthese,fr,orah-haim,5,,3-Synthese,sources/orah-haim/siman-5/niveau-3-synthese.html,Siman ה׳ · Niveau 3 — Synthèse | Orah Haïm — Quotidien,200 (fichier présent),oui,oui,
https://daattorah.com/oh-quotidien/5/daat-harav/en,en,orah-haim,5,,4-DaatHaRav,sources/orah-haim/siman-5/niveau-4-daat-harav-en.html,Siman 5 · Level 4 — The Alter Rebbe's Shitah | Orah Haim,200 (fichier présent),oui,oui,
https://daattorah.com/oh-quotidien/5/daat-harav/he,he,orah-haim,5,,4-DaatHaRav,sources/orah-haim/siman-5/niveau-4-daat-harav-he.html,סימן ה׳ · רמה 4 — שיטת אדמו״ר הזקן | אורח חיים,200 (fichier présent),oui,oui,
https://daattorah.com/oh-quotidien/5/daat-harav,fr,orah-haim,5,,4-DaatHaRav,sources/orah-haim/siman-5/niveau-4-daat-harav.html,Siman 5 · Niveau 4 — Chitah de l'Admour HaZaken | Orah Haïm,200 (fichier présent),oui,oui,
https://daattorah.com/oh-quotidien/50/en,en,orah-haim,50,,Index,sources/orah-haim/siman-50/index-en.html,Siman 50 — Saying איזהו מקומן and the ברייתא דרבי ישמעאל | DAAT,200 (fichier présent),oui,oui,
https://daattorah.com/oh-quotidien/50/he,he,orah-haim,50,,Index,sources/orah-haim/siman-50/index-he.html,סימן נ׳ — טעם אמירת משנת איזהו מקומן וברייתא דרבי ישמעאל | אורח חיים,200 (fichier présent),oui,oui,
https://daattorah.com/oh-quotidien/50/,fr,orah-haim,50,,Index,sources/orah-haim/siman-50/index.html,Siman 50 — Dire איזהו מקומן et la ברייתא דרבי ישמעאל | DAAT,200 (fichier présent),oui,oui,
https://daattorah.com/oh-quotidien/50/base/en,en,orah-haim,50,,1-Base,sources/orah-haim/siman-50/niveau-1-base-en.html,Siman נ׳ · Level 1 — Saying איזהו מקומן each morning,200 (fichier présent),oui,oui,
https://daattorah.com/oh-quotidien/50/base/he,he,orah-haim,50,,1-Base,sources/orah-haim/siman-50/niveau-1-base-he.html,סימן נ׳ · רמה 1 — אמירת משנת איזהו מקומן | דעת,200 (fichier présent),oui,oui,
https://daattorah.com/oh-quotidien/50/base,fr,orah-haim,50,,1-Base,sources/orah-haim/siman-50/niveau-1-base.html,Siman נ׳ · Niveau 1 — Dire איזהו מקומן chaque matin,200 (fichier présent),oui,oui,
https://daattorah.com/oh-quotidien/50/lamdan/en,en,orah-haim,50,,2-Lamdan,sources/orah-haim/siman-50/niveau-2-lamdan-en.html,Siman נ׳ · Level 2 — איזהו מקומן וברייתא דר״י | Orah Haïm,200 (fichier présent),oui,oui,
https://daattorah.com/oh-quotidien/50/lamdan/he,he,orah-haim,50,,2-Lamdan,sources/orah-haim/siman-50/niveau-2-lamdan-he.html,סימן נ׳ · רמה 2 (למדן) — איזהו מקומן וברייתא דר״י | דעת,200 (fichier présent),oui,oui,
https://daattorah.com/oh-quotidien/50/lamdan,fr,orah-haim,50,,2-Lamdan,sources/orah-haim/siman-50/niveau-2-lamdan.html,Siman נ׳ · Niveau 2 — איזהו מקומן וברייתא דר״י | Orah Haïm,200 (fichier présent),oui,oui,
https://daattorah.com/oh-quotidien/50/synthese/en,en,orah-haim,50,,3-Synthese,sources/orah-haim/siman-50/niveau-3-synthese-en.html,Siman נ׳ · Level 3 — Synthesis | Orah Haïm — Quotidien,200 (fichier présent),oui,oui,
https://daattorah.com/oh-quotidien/50/synthese/he,he,orah-haim,50,,3-Synthese,sources/orah-haim/siman-50/niveau-3-synthese-he.html,סימן נ׳ · רמה 3 סיכום — איזהו מקומן וברייתא דרבי ישמעאל | דעת,200 (fichier présent),oui,oui,
https://daattorah.com/oh-quotidien/50/synthese,fr,orah-haim,50,,3-Synthese,sources/orah-haim/siman-50/niveau-3-synthese.html,Siman נ׳ · Niveau 3 — Synthèse | Orah Haïm — Quotidien,200 (fichier présent),oui,oui,
https://daattorah.com/oh-quotidien/50/daat-harav/en,en,orah-haim,50,,4-DaatHaRav,sources/orah-haim/siman-50/niveau-4-daat-harav-en.html,Siman 50 · Level 4 — Daat HaRav (the Alter Rebbe) | Orah Haim,200 (fichier présent),oui,oui,
https://daattorah.com/oh-quotidien/50/daat-harav/he,he,orah-haim,50,,4-DaatHaRav,sources/orah-haim/siman-50/niveau-4-daat-harav-he.html,סימן נ׳ · רמה 4 — דעת הרב (אדמו״ר הזקן) | אורח חיים,200 (fichier présent),oui,oui,
https://daattorah.com/oh-quotidien/50/daat-harav,fr,orah-haim,50,,4-DaatHaRav,sources/orah-haim/siman-50/niveau-4-daat-harav.html,Siman 50 · Niveau 4 — Daat HaRav (Admour HaZaken) | Orah Haïm,200 (fichier présent),oui,oui,
https://daattorah.com/oh-quotidien/51/en,en,orah-haim,51,,Index,sources/orah-haim/siman-51/index-en.html,Siman 51 — The Pesukei deZimra (ברוך שאמר · ישתבח) | DAAT,200 (fichier présent),oui,oui,
https://daattorah.com/oh-quotidien/51/he,he,orah-haim,51,,Index,sources/orah-haim/siman-51/index-he.html,סימן נ״א — דיני תפילה מברוך שאמר עד ישתבח | אורח חיים,200 (fichier présent),oui,oui,
https://daattorah.com/oh-quotidien/51/,fr,orah-haim,51,,Index,sources/orah-haim/siman-51/index.html,Siman 51 — Les Pesouké deZimra (ברוך שאמר · ישתבח) | DAAT,200 (fichier présent),oui,oui,
https://daattorah.com/oh-quotidien/51/base/en,en,orah-haim,51,,1-Base,sources/orah-haim/siman-51/niveau-1-base-en.html,Siman נ״א · Level 1 — The פסוקי דזמרה,200 (fichier présent),oui,oui,
https://daattorah.com/oh-quotidien/51/base/he,he,orah-haim,51,,1-Base,sources/orah-haim/siman-51/niveau-1-base-he.html,סימן נ״א · רמה 1 — דיני תפלה מברוך שאמר עד ישתבח | דעת,200 (fichier présent),oui,oui,
https://daattorah.com/oh-quotidien/51/base,fr,orah-haim,51,,1-Base,sources/orah-haim/siman-51/niveau-1-base.html,Siman נ״א · Niveau 1 — Les פסוקי דזמרה,200 (fichier présent),oui,oui,
https://daattorah.com/oh-quotidien/51/lamdan/en,en,orah-haim,51,,2-Lamdan,sources/orah-haim/siman-51/niveau-2-lamdan-en.html,Siman נ״א · Level 2 (Lamdan) — פסוקי דזמרה | Orah Haïm,200 (fichier présent),oui,oui,
https://daattorah.com/oh-quotidien/51/lamdan/he,he,orah-haim,51,,2-Lamdan,sources/orah-haim/siman-51/niveau-2-lamdan-he.html,סימן נ״א · רמה 2 (למדן) — פסוקי דזמרה: ברכה והפסק | דעת,200 (fichier présent),oui,oui,
https://daattorah.com/oh-quotidien/51/lamdan,fr,orah-haim,51,,2-Lamdan,sources/orah-haim/siman-51/niveau-2-lamdan.html,Siman נ״א · Niveau 2 — פסוקי דזמרה : ברכה ולהפסק | Orah Haïm,200 (fichier présent),oui,oui,
https://daattorah.com/oh-quotidien/51/synthese/en,en,orah-haim,51,,3-Synthese,sources/orah-haim/siman-51/niveau-3-synthese-en.html,Siman נ״א · Level 3 — Synthesis | Orah Haïm — Quotidien,200 (fichier présent),oui,oui,
https://daattorah.com/oh-quotidien/51/synthese/he,he,orah-haim,51,,3-Synthese,sources/orah-haim/siman-51/niveau-3-synthese-he.html,סימן נ״א · רמה 3 סיכום — מברוך שאמר עד ישתבח | דעת,200 (fichier présent),oui,oui,
https://daattorah.com/oh-quotidien/51/synthese,fr,orah-haim,51,,3-Synthese,sources/orah-haim/siman-51/niveau-3-synthese.html,Siman נ״א · Niveau 3 — Synthèse | Orah Haïm — Quotidien,200 (fichier présent),oui,oui,
https://daattorah.com/oh-quotidien/51/daat-harav/en,en,orah-haim,51,,4-DaatHaRav,sources/orah-haim/siman-51/niveau-4-daat-harav-en.html,Siman 51 · Level 4 — Daat HaRav (Alter Rebbe) | Orah Haim,200 (fichier présent),oui,oui,
https://daattorah.com/oh-quotidien/51/daat-harav/he,he,orah-haim,51,,4-DaatHaRav,sources/orah-haim/siman-51/niveau-4-daat-harav-he.html,סימן נ״א · רמה 4 — דעת הרב (אדמו״ר הזקן) | אורח חיים,200 (fichier présent),oui,oui,
https://daattorah.com/oh-quotidien/51/daat-harav,fr,orah-haim,51,,4-DaatHaRav,sources/orah-haim/siman-51/niveau-4-daat-harav.html,Siman 51 · Niveau 4 — Daat HaRav (Admour HaZaken) | Orah Haïm,200 (fichier présent),oui,oui,
https://daattorah.com/oh-quotidien/52/en,en,orah-haim,52,,Index,sources/orah-haim/siman-52/index-en.html,Siman 52 — The Latecomer to Synagogue (דילוג) | DAAT,200 (fichier présent),oui,oui,
https://daattorah.com/oh-quotidien/52/he,he,orah-haim,52,,Index,sources/orah-haim/siman-52/index-he.html,סימן נ״ב — דין מי ששהה לבוא לבית הכנסת עד ישתבח | אורח חיים,200 (fichier présent),oui,oui,
https://daattorah.com/oh-quotidien/52/,fr,orah-haim,52,,Index,sources/orah-haim/siman-52/index.html,Siman 52 — Le retardataire à la synagogue (דילוג) | DAAT,200 (fichier présent),oui,oui,
https://daattorah.com/oh-quotidien/52/base/en,en,orah-haim,52,,1-Base,sources/orah-haim/siman-52/niveau-1-base-en.html,Siman נ״ב · Level 1 — The latecomer and the דילוג,200 (fichier présent),oui,oui,
https://daattorah.com/oh-quotidien/52/base/he,he,orah-haim,52,,1-Base,sources/orah-haim/siman-52/niveau-1-base-he.html,סימן נ״ב · רמה 1 — מי ששהה לבוא לבית הכנסת | דעת,200 (fichier présent),oui,oui,
https://daattorah.com/oh-quotidien/52/base,fr,orah-haim,52,,1-Base,sources/orah-haim/siman-52/niveau-1-base.html,Siman נ״ב · Niveau 1 — Le retardataire et le דילוג,200 (fichier présent),oui,oui,
https://daattorah.com/oh-quotidien/52/lamdan/en,en,orah-haim,52,,2-Lamdan,sources/orah-haim/siman-52/niveau-2-lamdan-en.html,Siman נ״ב · Level 2 — מי ששהה לבוא לבית הכנסת | Orah Haïm,200 (fichier présent),oui,oui,
https://daattorah.com/oh-quotidien/52/lamdan/he,he,orah-haim,52,,2-Lamdan,sources/orah-haim/siman-52/niveau-2-lamdan-he.html,סימן נ״ב · רמה 2 (למדן) — מי ששהה לבוא לבית הכנסת | דעת,200 (fichier présent),oui,oui,
https://daattorah.com/oh-quotidien/52/lamdan,fr,orah-haim,52,,2-Lamdan,sources/orah-haim/siman-52/niveau-2-lamdan.html,Siman נ״ב · Niveau 2 — מי ששהה לבוא לבית הכנסת | Orah Haïm,200 (fichier présent),oui,oui,
https://daattorah.com/oh-quotidien/52/synthese/en,en,orah-haim,52,,3-Synthese,sources/orah-haim/siman-52/niveau-3-synthese-en.html,Siman נ״ב · Level 3 — Synthesis | Orah Haïm — Quotidien,200 (fichier présent),oui,oui,
https://daattorah.com/oh-quotidien/52/synthese/he,he,orah-haim,52,,3-Synthese,sources/orah-haim/siman-52/niveau-3-synthese-he.html,סימן נ״ב · רמה 3 סיכום — מי ששהה לבוא לבית הכנסת | דעת,200 (fichier présent),oui,oui,
https://daattorah.com/oh-quotidien/52/synthese,fr,orah-haim,52,,3-Synthese,sources/orah-haim/siman-52/niveau-3-synthese.html,Siman נ״ב · Niveau 3 — Synthèse | Orah Haïm — Quotidien,200 (fichier présent),oui,oui,
https://daattorah.com/oh-quotidien/52/daat-harav/en,en,orah-haim,52,,4-DaatHaRav,sources/orah-haim/siman-52/niveau-4-daat-harav-en.html,Siman 52 · Level 4 — Daat HaRav (the Alter Rebbe) | Orah Haim,200 (fichier présent),oui,oui,
https://daattorah.com/oh-quotidien/52/daat-harav/he,he,orah-haim,52,,4-DaatHaRav,sources/orah-haim/siman-52/niveau-4-daat-harav-he.html,סימן נ״ב · רמה 4 — דעת הרב (אדמו״ר הזקן) | אורח חיים,200 (fichier présent),oui,oui,
https://daattorah.com/oh-quotidien/52/daat-harav,fr,orah-haim,52,,4-DaatHaRav,sources/orah-haim/siman-52/niveau-4-daat-harav.html,Siman 52 · Niveau 4 — Daat HaRav (Admour HaZaken) | Orah Haïm,200 (fichier présent),oui,oui,
https://daattorah.com/oh-quotidien/53/en,en,orah-haim,53,,Index,sources/orah-haim/siman-53/index-en.html,Siman 53 — Who is fit to be שליח ציבור (the chazzan) | DAAT,200 (fichier présent),oui,oui,
https://daattorah.com/oh-quotidien/53/he,he,orah-haim,53,,Index,sources/orah-haim/siman-53/index-he.html,סימן נ״ג — דין מי הראוי לירד לפני התיבה | אורח חיים,200 (fichier présent),oui,oui,
https://daattorah.com/oh-quotidien/53/,fr,orah-haim,53,,Index,sources/orah-haim/siman-53/index.html,"Siman 53 — Le שליח ציבור, דין מי הראוי לירד לפני התיבה | DAAT",200 (fichier présent),oui,oui,
https://daattorah.com/oh-quotidien/53/base/en,en,orah-haim,53,,1-Base,sources/orah-haim/siman-53/niveau-1-base-en.html,Siman נ״ג · Level 1 — The שליח ציבור,200 (fichier présent),oui,oui,
https://daattorah.com/oh-quotidien/53/base/he,he,orah-haim,53,,1-Base,sources/orah-haim/siman-53/niveau-1-base-he.html,סימן נ״ג · רמה 1 — מי הראוי לירד לפני התיבה | דעת,200 (fichier présent),oui,oui,
https://daattorah.com/oh-quotidien/53/base,fr,orah-haim,53,,1-Base,sources/orah-haim/siman-53/niveau-1-base.html,Siman נ״ג · Niveau 1 — Le שליח ציבור,200 (fichier présent),oui,oui,
https://daattorah.com/oh-quotidien/53/lamdan/en,en,orah-haim,53,,2-Lamdan,sources/orah-haim/siman-53/niveau-2-lamdan-en.html,Siman נ״ג · Level 2 — שליח ציבור: מוציא את הרבים | Orah Haïm,200 (fichier présent),oui,oui,
https://daattorah.com/oh-quotidien/53/lamdan/he,he,orah-haim,53,,2-Lamdan,sources/orah-haim/siman-53/niveau-2-lamdan-he.html,סימן נ״ג · רמה 2 (למדן) — שליח ציבור: מוציא את הרבים | דעת,200 (fichier présent),oui,oui,
https://daattorah.com/oh-quotidien/53/lamdan,fr,orah-haim,53,,2-Lamdan,sources/orah-haim/siman-53/niveau-2-lamdan.html,Siman נ״ג · Niveau 2 — שליח ציבור : מוציא את הרבים | Orah Haïm,200 (fichier présent),oui,oui,
https://daattorah.com/oh-quotidien/53/synthese/en,en,orah-haim,53,,3-Synthese,sources/orah-haim/siman-53/niveau-3-synthese-en.html,Siman נ״ג · Level 3 — Synthesis | Orah Haïm — Quotidien,200 (fichier présent),oui,oui,
https://daattorah.com/oh-quotidien/53/synthese/he,he,orah-haim,53,,3-Synthese,sources/orah-haim/siman-53/niveau-3-synthese-he.html,סימן נ״ג · רמה 3 סיכום — דין מי הראוי לירד לפני התיבה | דעת,200 (fichier présent),oui,oui,
https://daattorah.com/oh-quotidien/53/synthese,fr,orah-haim,53,,3-Synthese,sources/orah-haim/siman-53/niveau-3-synthese.html,Siman נ״ג · Niveau 3 — Synthèse | Orah Haïm — Quotidien,200 (fichier présent),oui,oui,
https://daattorah.com/oh-quotidien/53/daat-harav/en,en,orah-haim,53,,4-DaatHaRav,sources/orah-haim/siman-53/niveau-4-daat-harav-en.html,Siman 53 · Level 4 — Daat HaRav (Alter Rebbe) | Orah Haim,200 (fichier présent),oui,oui,
https://daattorah.com/oh-quotidien/53/daat-harav/he,he,orah-haim,53,,4-DaatHaRav,sources/orah-haim/siman-53/niveau-4-daat-harav-he.html,סימן נ״ג · רמה 4 — דעת הרב (אדמו״ר הזקן) | אורח חיים,200 (fichier présent),oui,oui,
https://daattorah.com/oh-quotidien/53/daat-harav,fr,orah-haim,53,,4-DaatHaRav,sources/orah-haim/siman-53/niveau-4-daat-harav.html,Siman 53 · Niveau 4 — Daat HaRav (Admour HaZaken) | Orah Haïm,200 (fichier présent),oui,oui,
https://daattorah.com/oh-quotidien/54/en,en,orah-haim,54,,Index,sources/orah-haim/siman-54/index-en.html,Siman 54 — The Laws of ישתבח (ברכה הסמוכה · הפסק) | DAAT,200 (fichier présent),oui,oui,
https://daattorah.com/oh-quotidien/54/he,he,orah-haim,54,,Index,sources/orah-haim/siman-54/index-he.html,סימן נ״ד — דינים השייכים לישתבח | אורח חיים,200 (fichier présent),oui,oui,
https://daattorah.com/oh-quotidien/54/,fr,orah-haim,54,,Index,sources/orah-haim/siman-54/index.html,Siman 54 — Les lois de ישתבח (ברכה הסמוכה · הפסק) | DAAT,200 (fichier présent),oui,oui,
https://daattorah.com/oh-quotidien/54/base/en,en,orah-haim,54,,1-Base,sources/orah-haim/siman-54/niveau-1-base-en.html,Siman נ״ד · Level 1 — The דינים of ישתבח,200 (fichier présent),oui,oui,
https://daattorah.com/oh-quotidien/54/base/he,he,orah-haim,54,,1-Base,sources/orah-haim/siman-54/niveau-1-base-he.html,סימן נ״ד · רמה 1 — דינים השייכים לישתבח | דעת,200 (fichier présent),oui,oui,
https://daattorah.com/oh-quotidien/54/base,fr,orah-haim,54,,1-Base,sources/orah-haim/siman-54/niveau-1-base.html,Siman נ״ד · Niveau 1 — Les דינים de ישתבח,200 (fichier présent),oui,oui,
https://daattorah.com/oh-quotidien/54/lamdan/en,en,orah-haim,54,,2-Lamdan,sources/orah-haim/siman-54/niveau-2-lamdan-en.html,Siman נ״ד · Level 2 (Lamdan) — ישתבח | Orah Haïm,200 (fichier présent),oui,oui,
https://daattorah.com/oh-quotidien/54/lamdan/he,he,orah-haim,54,,2-Lamdan,sources/orah-haim/siman-54/niveau-2-lamdan-he.html,"סימן נ״ד · רמה 2 (למדן) — ישתבח: סמוכה, אמן, הפסק | דעת",200 (fichier présent),oui,oui,
https://daattorah.com/oh-quotidien/54/lamdan,fr,orah-haim,54,,2-Lamdan,sources/orah-haim/siman-54/niveau-2-lamdan.html,"Siman נ״ד · Niveau 2 — ישתבח : סמוכה, אמן, הפסק | Orah Haïm",200 (fichier présent),oui,oui,
https://daattorah.com/oh-quotidien/54/synthese/en,en,orah-haim,54,,3-Synthese,sources/orah-haim/siman-54/niveau-3-synthese-en.html,Siman נ״ד · Level 3 — Synthesis | Orah Haïm — Quotidien,200 (fichier présent),oui,oui,
https://daattorah.com/oh-quotidien/54/synthese/he,he,orah-haim,54,,3-Synthese,sources/orah-haim/siman-54/niveau-3-synthese-he.html,סימן נ״ד · רמה 3 סיכום — דינים השייכים לישתבח | דעת,200 (fichier présent),oui,oui,
https://daattorah.com/oh-quotidien/54/synthese,fr,orah-haim,54,,3-Synthese,sources/orah-haim/siman-54/niveau-3-synthese.html,Siman נ״ד · Niveau 3 — Synthèse | Orah Haïm — Quotidien,200 (fichier présent),oui,oui,
https://daattorah.com/oh-quotidien/54/daat-harav/en,en,orah-haim,54,,4-DaatHaRav,sources/orah-haim/siman-54/niveau-4-daat-harav-en.html,Siman 54 · Level 4 — Daat HaRav (Admour HaZaken) | Orah Haïm,200 (fichier présent),oui,oui,
https://daattorah.com/oh-quotidien/54/daat-harav/he,he,orah-haim,54,,4-DaatHaRav,sources/orah-haim/siman-54/niveau-4-daat-harav-he.html,סימן נ״ד · רמה 4 — דעת הרב (אדמו״ר הזקן) | אורח חיים,200 (fichier présent),oui,oui,
https://daattorah.com/oh-quotidien/54/daat-harav,fr,orah-haim,54,,4-DaatHaRav,sources/orah-haim/siman-54/niveau-4-daat-harav.html,Siman 54 · Niveau 4 — Daat HaRav (Admour HaZaken) | Orah Haïm,200 (fichier présent),oui,oui,
https://daattorah.com/oh-quotidien/55/en,en,orah-haim,55,,Index,sources/orah-haim/siman-55/index-en.html,Siman 55 — The קדיש and the מנין (עשרה למניין) | DAAT,200 (fichier présent),oui,oui,
https://daattorah.com/oh-quotidien/55/he,he,orah-haim,55,,Index,sources/orah-haim/siman-55/index-he.html,סימן נ״ה — דיני קדיש וצירוף עשרה למניין | אורח חיים,200 (fichier présent),oui,oui,
https://daattorah.com/oh-quotidien/55/,fr,orah-haim,55,,Index,sources/orah-haim/siman-55/index.html,Siman 55 — Le קדיש et le מנין (עשרה למניין) | DAAT,200 (fichier présent),oui,oui,
https://daattorah.com/oh-quotidien/55/base/en,en,orah-haim,55,,1-Base,sources/orah-haim/siman-55/niveau-1-base-en.html,Siman נ״ה · Level 1 — Kaddish and the Minyan,200 (fichier présent),oui,oui,
https://daattorah.com/oh-quotidien/55/base/he,he,orah-haim,55,,1-Base,sources/orah-haim/siman-55/niveau-1-base-he.html,סימן נ״ה · רמה 1 — דיני קדיש וצירוף המנין | דעת,200 (fichier présent),oui,oui,
https://daattorah.com/oh-quotidien/55/base,fr,orah-haim,55,,1-Base,sources/orah-haim/siman-55/niveau-1-base.html,Siman נ״ה · Niveau 1 — קדיש וצירוף המנין,200 (fichier présent),oui,oui,
https://daattorah.com/oh-quotidien/55/lamdan/en,en,orah-haim,55,,2-Lamdan,sources/orah-haim/siman-55/niveau-2-lamdan-en.html,Siman נ״ה · Level 2 (Lamdan) — דבר שבקדושה בעשרה | Orah Haïm,200 (fichier présent),oui,oui,
https://daattorah.com/oh-quotidien/55/lamdan/he,he,orah-haim,55,,2-Lamdan,sources/orah-haim/siman-55/niveau-2-lamdan-he.html,סימן נ״ה · רמה 2 (למדן) — דבר שבקדושה בעשרה | דעת,200 (fichier présent),oui,oui,
https://daattorah.com/oh-quotidien/55/lamdan,fr,orah-haim,55,,2-Lamdan,sources/orah-haim/siman-55/niveau-2-lamdan.html,Siman נ״ה · Niveau 2 — דבר שבקדושה בעשרה | Orah Haïm,200 (fichier présent),oui,oui,
https://daattorah.com/oh-quotidien/55/synthese/en,en,orah-haim,55,,3-Synthese,sources/orah-haim/siman-55/niveau-3-synthese-en.html,Siman נ״ה · Level 3 — Synthesis | Orah Haïm — Quotidien,200 (fichier présent),oui,oui,
https://daattorah.com/oh-quotidien/55/synthese/he,he,orah-haim,55,,3-Synthese,sources/orah-haim/siman-55/niveau-3-synthese-he.html,סימן נ״ה · רמה 3 סיכום — קדיש וצירוף המנין | דעת,200 (fichier présent),oui,oui,
https://daattorah.com/oh-quotidien/55/synthese,fr,orah-haim,55,,3-Synthese,sources/orah-haim/siman-55/niveau-3-synthese.html,Siman נ״ה · Niveau 3 — Synthèse | Orah Haïm — Quotidien,200 (fichier présent),oui,oui,
https://daattorah.com/oh-quotidien/55/daat-harav/en,en,orah-haim,55,,4-DaatHaRav,sources/orah-haim/siman-55/niveau-4-daat-harav-en.html,Siman 55 · Level 4 — Daat HaRav (Alter Rebbe) | Orah Haim,200 (fichier présent),oui,oui,
https://daattorah.com/oh-quotidien/55/daat-harav/he,he,orah-haim,55,,4-DaatHaRav,sources/orah-haim/siman-55/niveau-4-daat-harav-he.html,סימן נ״ה · רמה 4 — דעת הרב (אדמו״ר הזקן) | אורח חיים,200 (fichier présent),oui,oui,
https://daattorah.com/oh-quotidien/55/daat-harav,fr,orah-haim,55,,4-DaatHaRav,sources/orah-haim/siman-55/niveau-4-daat-harav.html,Siman 55 · Niveau 4 — Daat HaRav (Admour HaZaken) | Orah Haïm,200 (fichier présent),oui,oui,
https://daattorah.com/oh-quotidien/56/en,en,orah-haim,56,,Index,sources/orah-haim/siman-56/index-en.html,Siman 56 — Responding to the קדיש (עניית הקדיש) | DAAT,200 (fichier présent),oui,oui,
https://daattorah.com/oh-quotidien/56/he,he,orah-haim,56,,Index,sources/orah-haim/siman-56/index-he.html,סימן נ״ו — דין עניית הקדיש | אורח חיים,200 (fichier présent),oui,oui,
https://daattorah.com/oh-quotidien/56/,fr,orah-haim,56,,Index,sources/orah-haim/siman-56/index.html,Siman 56 — Répondre au קדיש (דין עניית הקדיש) | DAAT,200 (fichier présent),oui,oui,
https://daattorah.com/oh-quotidien/56/base/en,en,orah-haim,56,,1-Base,sources/orah-haim/siman-56/niveau-1-base-en.html,Siman נ״ו · Level 1 — Answering the Kaddish,200 (fichier présent),oui,oui,
https://daattorah.com/oh-quotidien/56/base/he,he,orah-haim,56,,1-Base,sources/orah-haim/siman-56/niveau-1-base-he.html,סימן נ״ו · רמה 1 — דין עניית הקדיש | דעת,200 (fichier présent),oui,oui,
https://daattorah.com/oh-quotidien/56/base,fr,orah-haim,56,,1-Base,sources/orah-haim/siman-56/niveau-1-base.html,Siman נ״ו · Niveau 1 — דין עניית הקדיש,200 (fichier présent),oui,oui,
https://daattorah.com/oh-quotidien/56/lamdan/en,en,orah-haim,56,,2-Lamdan,sources/orah-haim/siman-56/niveau-2-lamdan-en.html,Siman נ״ו · Level 2 (Lamdan) — עניית הקדיש | Orah Haïm,200 (fichier présent),oui,oui,
https://daattorah.com/oh-quotidien/56/lamdan/he,he,orah-haim,56,,2-Lamdan,sources/orah-haim/siman-56/niveau-2-lamdan-he.html,סימן נ״ו · רמה 2 (למדן) — עניית הקדיש | דעת,200 (fichier présent),oui,oui,
https://daattorah.com/oh-quotidien/56/lamdan,fr,orah-haim,56,,2-Lamdan,sources/orah-haim/siman-56/niveau-2-lamdan.html,Siman נ״ו · Niveau 2 — עניית הקדיש | Orah Haïm,200 (fichier présent),oui,oui,
https://daattorah.com/oh-quotidien/56/synthese/en,en,orah-haim,56,,3-Synthese,sources/orah-haim/siman-56/niveau-3-synthese-en.html,Siman נ״ו · Level 3 — Synthesis | Orah Haïm — Quotidien,200 (fichier présent),oui,oui,
https://daattorah.com/oh-quotidien/56/synthese/he,he,orah-haim,56,,3-Synthese,sources/orah-haim/siman-56/niveau-3-synthese-he.html,סימן נ״ו · רמה 3 סיכום — עניית הקדיש | דעת,200 (fichier présent),oui,oui,
https://daattorah.com/oh-quotidien/56/synthese,fr,orah-haim,56,,3-Synthese,sources/orah-haim/siman-56/niveau-3-synthese.html,Siman נ״ו · Niveau 3 — Synthèse | Orah Haïm — Quotidien,200 (fichier présent),oui,oui,
https://daattorah.com/oh-quotidien/56/daat-harav/en,en,orah-haim,56,,4-DaatHaRav,sources/orah-haim/siman-56/niveau-4-daat-harav-en.html,Siman 56 · Level 4 — Daat HaRav (Alter Rebbe) | Orah Haim,200 (fichier présent),oui,oui,
https://daattorah.com/oh-quotidien/56/daat-harav/he,he,orah-haim,56,,4-DaatHaRav,sources/orah-haim/siman-56/niveau-4-daat-harav-he.html,סימן נ״ו · רמה 4 — דעת הרב (אדמו״ר הזקן) | אורח חיים,200 (fichier présent),oui,oui,
https://daattorah.com/oh-quotidien/56/daat-harav,fr,orah-haim,56,,4-DaatHaRav,sources/orah-haim/siman-56/niveau-4-daat-harav.html,Siman 56 · Niveau 4 — Daat HaRav (Admour HaZaken) | Orah Haïm,200 (fichier présent),oui,oui,
https://daattorah.com/oh-quotidien/57/en,en,orah-haim,57,,Index,sources/orah-haim/siman-57/index-en.html,Siman 57 — The ברכו and its response (ברכו וענייתו) | DAAT,200 (fichier présent),oui,oui,
https://daattorah.com/oh-quotidien/57/he,he,orah-haim,57,,Index,sources/orah-haim/siman-57/index-he.html,סימן נ״ז — דין ברכו וענייתו | אורח חיים,200 (fichier présent),oui,oui,
https://daattorah.com/oh-quotidien/57/,fr,orah-haim,57,,Index,sources/orah-haim/siman-57/index.html,Siman 57 — Le ברכו et son répons (ברכו וענייתו) | DAAT,200 (fichier présent),oui,oui,
https://daattorah.com/oh-quotidien/57/base/en,en,orah-haim,57,,1-Base,sources/orah-haim/siman-57/niveau-1-base-en.html,Siman נ״ז · Level 1 — Barchu and its Response,200 (fichier présent),oui,oui,
https://daattorah.com/oh-quotidien/57/base/he,he,orah-haim,57,,1-Base,sources/orah-haim/siman-57/niveau-1-base-he.html,סימן נ״ז · רמה 1 — דין ברכו וענייתו | דעת,200 (fichier présent),oui,oui,
https://daattorah.com/oh-quotidien/57/base,fr,orah-haim,57,,1-Base,sources/orah-haim/siman-57/niveau-1-base.html,Siman נ״ז · Niveau 1 — דין ברכו וענייתו,200 (fichier présent),oui,oui,
https://daattorah.com/oh-quotidien/57/lamdan/en,en,orah-haim,57,,2-Lamdan,sources/orah-haim/siman-57/niveau-2-lamdan-en.html,Siman נ״ז · Level 2 — Barchu and its Response | Orah Haïm,200 (fichier présent),oui,oui,
https://daattorah.com/oh-quotidien/57/lamdan/he,he,orah-haim,57,,2-Lamdan,sources/orah-haim/siman-57/niveau-2-lamdan-he.html,סימן נ״ז · רמה 2 (למדן) — דין ברכו וענייתו | דעת,200 (fichier présent),oui,oui,
https://daattorah.com/oh-quotidien/57/lamdan,fr,orah-haim,57,,2-Lamdan,sources/orah-haim/siman-57/niveau-2-lamdan.html,Siman נ״ז · Niveau 2 — דין ברכו וענייתו | Orah Haïm,200 (fichier présent),oui,oui,
https://daattorah.com/oh-quotidien/57/synthese/en,en,orah-haim,57,,3-Synthese,sources/orah-haim/siman-57/niveau-3-synthese-en.html,Siman נ״ז · Level 3 — Synthesis | Orah Haïm — Quotidien,200 (fichier présent),oui,oui,
https://daattorah.com/oh-quotidien/57/synthese/he,he,orah-haim,57,,3-Synthese,sources/orah-haim/siman-57/niveau-3-synthese-he.html,סימן נ״ז · רמה 3 סיכום — ברכו וענייתו | דעת,200 (fichier présent),oui,oui,
https://daattorah.com/oh-quotidien/57/synthese,fr,orah-haim,57,,3-Synthese,sources/orah-haim/siman-57/niveau-3-synthese.html,Siman נ״ז · Niveau 3 — Synthèse | Orah Haïm — Quotidien,200 (fichier présent),oui,oui,
https://daattorah.com/oh-quotidien/57/daat-harav/en,en,orah-haim,57,,4-DaatHaRav,sources/orah-haim/siman-57/niveau-4-daat-harav-en.html,Siman 57 · Level 4 — Daat HaRav (Alter Rebbe) | Orah Haim,200 (fichier présent),oui,oui,
https://daattorah.com/oh-quotidien/57/daat-harav/he,he,orah-haim,57,,4-DaatHaRav,sources/orah-haim/siman-57/niveau-4-daat-harav-he.html,סימן נ״ז · רמה 4 — דעת הרב (אדמו״ר הזקן) | אורח חיים,200 (fichier présent),oui,oui,
https://daattorah.com/oh-quotidien/57/daat-harav,fr,orah-haim,57,,4-DaatHaRav,sources/orah-haim/siman-57/niveau-4-daat-harav.html,Siman 57 · Niveau 4 — Daat HaRav (Admour HaZaken) | Orah Haïm,200 (fichier présent),oui,oui,
https://daattorah.com/oh-quotidien/58/en,en,orah-haim,58,,Index,sources/orah-haim/siman-58/index-en.html,Siman 58 — The time of the morning קריאת שמע | DAAT,200 (fichier présent),oui,oui,
https://daattorah.com/oh-quotidien/58/he,he,orah-haim,58,,Index,sources/orah-haim/siman-58/index-he.html,סימן נ״ח — זמן קריאת שמע של שחרית | אורח חיים,200 (fichier présent),oui,oui,
https://daattorah.com/oh-quotidien/58/,fr,orah-haim,58,,Index,sources/orah-haim/siman-58/index.html,Siman 58 — Le temps du קריאת שמע du matin | DAAT,200 (fichier présent),oui,oui,
https://daattorah.com/oh-quotidien/58/base/en,en,orah-haim,58,,1-Base,sources/orah-haim/siman-58/niveau-1-base-en.html,Siman נ״ח · Level 1 — זמן ק״ש של שחרית,200 (fichier présent),oui,oui,
https://daattorah.com/oh-quotidien/58/base/he,he,orah-haim,58,,1-Base,sources/orah-haim/siman-58/niveau-1-base-he.html,סימן נ״ח · רמה 1 — זמן קריאת שמע של שחרית | דעת,200 (fichier présent),oui,oui,
https://daattorah.com/oh-quotidien/58/base,fr,orah-haim,58,,1-Base,sources/orah-haim/siman-58/niveau-1-base.html,Siman נ״ח · Niveau 1 — זמן ק״ש של שחרית,200 (fichier présent),oui,oui,
https://daattorah.com/oh-quotidien/58/lamdan/en,en,orah-haim,58,,2-Lamdan,sources/orah-haim/siman-58/niveau-2-lamdan-en.html,Siman נ״ח · Level 2 (Lamdan) — זמן ק״ש של שחרית | Orah Haïm,200 (fichier présent),oui,oui,
https://daattorah.com/oh-quotidien/58/lamdan/he,he,orah-haim,58,,2-Lamdan,sources/orah-haim/siman-58/niveau-2-lamdan-he.html,סימן נ״ח · רמה 2 (למדן) — זמן ק״ש של שחרית | דעת,200 (fichier présent),oui,oui,
https://daattorah.com/oh-quotidien/58/lamdan,fr,orah-haim,58,,2-Lamdan,sources/orah-haim/siman-58/niveau-2-lamdan.html,Siman נ״ח · Niveau 2 — זמן ק״ש של שחרית | Orah Haïm,200 (fichier présent),oui,oui,
https://daattorah.com/oh-quotidien/58/synthese/en,en,orah-haim,58,,3-Synthese,sources/orah-haim/siman-58/niveau-3-synthese-en.html,Siman נ״ח · Level 3 — Synthesis | Orah Haïm — Quotidien,200 (fichier présent),oui,oui,
https://daattorah.com/oh-quotidien/58/synthese/he,he,orah-haim,58,,3-Synthese,sources/orah-haim/siman-58/niveau-3-synthese-he.html,סימן נ״ח · רמה 3 סיכום — זמן קריאת שמע של שחרית | דעת,200 (fichier présent),oui,oui,
https://daattorah.com/oh-quotidien/58/synthese,fr,orah-haim,58,,3-Synthese,sources/orah-haim/siman-58/niveau-3-synthese.html,Siman נ״ח · Niveau 3 — Synthèse | Orah Haïm — Quotidien,200 (fichier présent),oui,oui,
https://daattorah.com/oh-quotidien/58/daat-harav/en,en,orah-haim,58,,4-DaatHaRav,sources/orah-haim/siman-58/niveau-4-daat-harav-en.html,Siman 58 · Level 4 — Daat HaRav (Alter Rebbe) | Orah Haim,200 (fichier présent),oui,oui,
https://daattorah.com/oh-quotidien/58/daat-harav/he,he,orah-haim,58,,4-DaatHaRav,sources/orah-haim/siman-58/niveau-4-daat-harav-he.html,סימן נ״ח · רמה 4 — דעת הרב (אדמו״ר הזקן) | אורח חיים,200 (fichier présent),oui,oui,
https://daattorah.com/oh-quotidien/58/daat-harav,fr,orah-haim,58,,4-DaatHaRav,sources/orah-haim/siman-58/niveau-4-daat-harav.html,Siman 58 · Niveau 4 — Daat HaRav (Admour HaZaken) | Orah Haïm,200 (fichier présent),oui,oui,
https://daattorah.com/oh-quotidien/59/en,en,orah-haim,59,,Index,sources/orah-haim/siman-59/index-en.html,Siman 59 — The first ברכה of the ק״ש: יוצר אור | DAAT,200 (fichier présent),oui,oui,
https://daattorah.com/oh-quotidien/59/he,he,orah-haim,59,,Index,sources/orah-haim/siman-59/index-he.html,סימן נ״ט — ברכה ראשונה שביוצר: יוצר אור | אורח חיים,200 (fichier présent),oui,oui,
https://daattorah.com/oh-quotidien/59/,fr,orah-haim,59,,Index,sources/orah-haim/siman-59/index.html,Siman 59 — La première ברכה du ק״ש : יוצר אור | DAAT,200 (fichier présent),oui,oui,
https://daattorah.com/oh-quotidien/59/base/en,en,orah-haim,59,,1-Base,sources/orah-haim/siman-59/niveau-1-base-en.html,Siman נ״ט · Level 1 — ברכה ראשונה שביוצר,200 (fichier présent),oui,oui,
https://daattorah.com/oh-quotidien/59/base/he,he,orah-haim,59,,1-Base,sources/orah-haim/siman-59/niveau-1-base-he.html,סימן נ״ט · רמה 1 — ברכה ראשונה שביוצר | דעת,200 (fichier présent),oui,oui,
https://daattorah.com/oh-quotidien/59/base,fr,orah-haim,59,,1-Base,sources/orah-haim/siman-59/niveau-1-base.html,Siman נ״ט · Niveau 1 — ברכה ראשונה שביוצר,200 (fichier présent),oui,oui,
https://daattorah.com/oh-quotidien/59/lamdan/en,en,orah-haim,59,,2-Lamdan,sources/orah-haim/siman-59/niveau-2-lamdan-en.html,Siman נ״ט · Level 2 (Lamdan) — ברכה ראשונה שביוצר | Orah Haïm,200 (fichier présent),oui,oui,
https://daattorah.com/oh-quotidien/59/lamdan/he,he,orah-haim,59,,2-Lamdan,sources/orah-haim/siman-59/niveau-2-lamdan-he.html,סימן נ״ט · רמה 2 (למדן) — ברכה ראשונה שביוצר | דעת,200 (fichier présent),oui,oui,
https://daattorah.com/oh-quotidien/59/lamdan,fr,orah-haim,59,,2-Lamdan,sources/orah-haim/siman-59/niveau-2-lamdan.html,Siman נ״ט · Niveau 2 — ברכה ראשונה שביוצר | Orah Haïm,200 (fichier présent),oui,oui,
https://daattorah.com/oh-quotidien/59/synthese/en,en,orah-haim,59,,3-Synthese,sources/orah-haim/siman-59/niveau-3-synthese-en.html,Siman נ״ט · Level 3 — Synthesis | Orah Haïm — Quotidien,200 (fichier présent),oui,oui,
https://daattorah.com/oh-quotidien/59/synthese/he,he,orah-haim,59,,3-Synthese,sources/orah-haim/siman-59/niveau-3-synthese-he.html,סימן נ״ט · רמה 3 סיכום — ברכה ראשונה שביוצר | דעת,200 (fichier présent),oui,oui,
https://daattorah.com/oh-quotidien/59/synthese,fr,orah-haim,59,,3-Synthese,sources/orah-haim/siman-59/niveau-3-synthese.html,Siman נ״ט · Niveau 3 — Synthèse | Orah Haïm — Quotidien,200 (fichier présent),oui,oui,
https://daattorah.com/oh-quotidien/59/daat-harav/en,en,orah-haim,59,,4-DaatHaRav,sources/orah-haim/siman-59/niveau-4-daat-harav-en.html,Siman 59 · Level 4 — Daat HaRav (Alter Rebbe) | Orah Haim,200 (fichier présent),oui,oui,
https://daattorah.com/oh-quotidien/59/daat-harav/he,he,orah-haim,59,,4-DaatHaRav,sources/orah-haim/siman-59/niveau-4-daat-harav-he.html,סימן נ״ט · רמה 4 — דעת הרב (אדמו״ר הזקן) | אורח חיים,200 (fichier présent),oui,oui,
https://daattorah.com/oh-quotidien/59/daat-harav,fr,orah-haim,59,,4-DaatHaRav,sources/orah-haim/siman-59/niveau-4-daat-harav.html,Siman 59 · Niveau 4 — Daat HaRav (Admour HaZaken) | Orah Haïm,200 (fichier présent),oui,oui,
https://daattorah.com/oh-quotidien/6/en,en,orah-haim,6,,Index,sources/orah-haim/siman-6/index-en.html,Siman 6 — Asher Yatzar and Elokai Neshama | DAAT,200 (fichier présent),oui,oui,
https://daattorah.com/oh-quotidien/6/he,he,orah-haim,6,,Index,sources/orah-haim/siman-6/index-he.html,סימן ו׳ — ברכת אשר יצר ואלהי נשמה | אורח חיים,200 (fichier présent),oui,oui,
https://daattorah.com/oh-quotidien/6/,fr,orah-haim,6,,Index,sources/orah-haim/siman-6/index.html,Siman 6 — Asher Yatsar et Elokaï Neshama | DAAT,200 (fichier présent),oui,oui,
https://daattorah.com/oh-quotidien/6/base/en,en,orah-haim,6,,1-Base,sources/orah-haim/siman-6/niveau-1-base-en.html,Siman ו׳ · Level 1 — Asher Yatsar and Elokaï Neshama | Orah Haïm,200 (fichier présent),oui,oui,
https://daattorah.com/oh-quotidien/6/base/he,he,orah-haim,6,,1-Base,sources/orah-haim/siman-6/niveau-1-base-he.html,סימן ו׳ · רמה 1 — אשר יצר ואלהי נשמה | דעת,200 (fichier présent),oui,oui,
https://daattorah.com/oh-quotidien/6/base,fr,orah-haim,6,,1-Base,sources/orah-haim/siman-6/niveau-1-base.html,Siman ו׳ · Niveau 1 — Asher Yatsar et Elokaï Neshama | Orah Haïm,200 (fichier présent),oui,oui,
https://daattorah.com/oh-quotidien/6/lamdan/en,en,orah-haim,6,,2-Lamdan,sources/orah-haim/siman-6/niveau-2-lamdan-en.html,Siman ו׳ · Level 2 (Lamdan) — אשר יצר ואלהי נשמה | DAAT,200 (fichier présent),oui,oui,
https://daattorah.com/oh-quotidien/6/lamdan/he,he,orah-haim,6,,2-Lamdan,sources/orah-haim/siman-6/niveau-2-lamdan-he.html,סימן ו׳ · רמה 2 (למדן) — אשר יצר ואלהי נשמה | דעת,200 (fichier présent),oui,oui,
https://daattorah.com/oh-quotidien/6/lamdan,fr,orah-haim,6,,2-Lamdan,sources/orah-haim/siman-6/niveau-2-lamdan.html,Siman ו׳ · Niveau 2 (Lamdan) — אשר יצר ואלהי נשמה | Orah Haïm,200 (fichier présent),oui,oui,
https://daattorah.com/oh-quotidien/6/synthese/en,en,orah-haim,6,,3-Synthese,sources/orah-haim/siman-6/niveau-3-synthese-en.html,Siman ו׳ · Level 3 Master Synthesis — Summary & Mnemonics | DAAT,200 (fichier présent),oui,oui,
https://daattorah.com/oh-quotidien/6/synthese/he,he,orah-haim,6,,3-Synthese,sources/orah-haim/siman-6/niveau-3-synthese-he.html,סימן ו׳ · רמה 3 סיכום מגיסטרלי — סיכום וסימני זיכרון | דעת,200 (fichier présent),oui,oui,
https://daattorah.com/oh-quotidien/6/synthese,fr,orah-haim,6,,3-Synthese,sources/orah-haim/siman-6/niveau-3-synthese.html,Siman ו׳ · Niveau 3 — Synthèse | Orah Haïm — Quotidien,200 (fichier présent),oui,oui,
https://daattorah.com/oh-quotidien/6/daat-harav/en,en,orah-haim,6,,4-DaatHaRav,sources/orah-haim/siman-6/niveau-4-daat-harav-en.html,Siman 6 · Level 4 — The Alter Rebbe's Shitah | Orah Haim,200 (fichier présent),oui,oui,
https://daattorah.com/oh-quotidien/6/daat-harav/he,he,orah-haim,6,,4-DaatHaRav,sources/orah-haim/siman-6/niveau-4-daat-harav-he.html,סימן ו׳ · רמה 4 — שיטת אדמו״ר הזקן | אורח חיים,200 (fichier présent),oui,oui,
https://daattorah.com/oh-quotidien/6/daat-harav,fr,orah-haim,6,,4-DaatHaRav,sources/orah-haim/siman-6/niveau-4-daat-harav.html,Siman 6 · Niveau 4 — Chitah de l'Admour HaZaken | Orah Haïm,200 (fichier présent),oui,oui,
https://daattorah.com/oh-quotidien/60/en,en,orah-haim,60,,Index,sources/orah-haim/siman-60/index-en.html,Siman 60 — The ברכות of the ק״ש and the כוונה of מצוות | DAAT,200 (fichier présent),oui,oui,
https://daattorah.com/oh-quotidien/60/he,he,orah-haim,60,,Index,sources/orah-haim/siman-60/index-he.html,סימן ס׳ — דין ברכות ק״ש ואם מצוות צריכות כוונה | אורח חיים,200 (fichier présent),oui,oui,
https://daattorah.com/oh-quotidien/60/,fr,orah-haim,60,,Index,sources/orah-haim/siman-60/index.html,Siman 60 — Les ברכות du ק״ש et la כוונה des מצוות | DAAT,200 (fichier présent),oui,oui,
https://daattorah.com/oh-quotidien/60/base/en,en,orah-haim,60,,1-Base,sources/orah-haim/siman-60/niveau-1-base-en.html,Siman ס׳ · Level 1 — ברכות ק״ש ומצוות צריכות כוונה,200 (fichier présent),oui,oui,
https://daattorah.com/oh-quotidien/60/base/he,he,orah-haim,60,,1-Base,sources/orah-haim/siman-60/niveau-1-base-he.html,סימן ס׳ · רמה 1 — ברכות ק״ש ומצוות צריכות כוונה | דעת,200 (fichier présent),oui,oui,
https://daattorah.com/oh-quotidien/60/base,fr,orah-haim,60,,1-Base,sources/orah-haim/siman-60/niveau-1-base.html,Siman ס׳ · Niveau 1 — ברכות ק״ש ומצוות צריכות כוונה,200 (fichier présent),oui,oui,
https://daattorah.com/oh-quotidien/60/lamdan/en,en,orah-haim,60,,2-Lamdan,sources/orah-haim/siman-60/niveau-2-lamdan-en.html,Siman ס׳ · Level 2 (Lamdan) — ברכות ק״ש ומצוות צריכות כוונה | Orah Haïm,200 (fichier présent),oui,oui,
https://daattorah.com/oh-quotidien/60/lamdan/he,he,orah-haim,60,,2-Lamdan,sources/orah-haim/siman-60/niveau-2-lamdan-he.html,סימן ס׳ · רמה 2 (למדן) — ברכות ק״ש ומצוות צריכות כוונה | דעת,200 (fichier présent),oui,oui,
https://daattorah.com/oh-quotidien/60/lamdan,fr,orah-haim,60,,2-Lamdan,sources/orah-haim/siman-60/niveau-2-lamdan.html,Siman ס׳ · Niveau 2 — ברכות ק״ש ומצוות צריכות כוונה | Orah Haïm,200 (fichier présent),oui,oui,
https://daattorah.com/oh-quotidien/60/synthese/en,en,orah-haim,60,,3-Synthese,sources/orah-haim/siman-60/niveau-3-synthese-en.html,Siman ס׳ · Level 3 — Synthesis | Orah Haïm — Quotidien,200 (fichier présent),oui,oui,
https://daattorah.com/oh-quotidien/60/synthese/he,he,orah-haim,60,,3-Synthese,sources/orah-haim/siman-60/niveau-3-synthese-he.html,סימן ס׳ · רמה 3 סיכום — ברכות ק״ש ומצוות צריכות כוונה | דעת,200 (fichier présent),oui,oui,
https://daattorah.com/oh-quotidien/60/synthese,fr,orah-haim,60,,3-Synthese,sources/orah-haim/siman-60/niveau-3-synthese.html,Siman ס׳ · Niveau 3 — Synthèse | Orah Haïm — Quotidien,200 (fichier présent),oui,oui,
https://daattorah.com/oh-quotidien/60/daat-harav/en,en,orah-haim,60,,4-DaatHaRav,sources/orah-haim/siman-60/niveau-4-daat-harav-en.html,Siman 60 · Level 4 — Daat HaRav (Alter Rebbe) | Orah Haim,200 (fichier présent),oui,oui,
https://daattorah.com/oh-quotidien/60/daat-harav/he,he,orah-haim,60,,4-DaatHaRav,sources/orah-haim/siman-60/niveau-4-daat-harav-he.html,סימן ס׳ · רמה 4 — דעת הרב (אדמו״ר הזקן) | אורח חיים,200 (fichier présent),oui,oui,
https://daattorah.com/oh-quotidien/60/daat-harav,fr,orah-haim,60,,4-DaatHaRav,sources/orah-haim/siman-60/niveau-4-daat-harav.html,Siman 60 · Niveau 4 — Daat HaRav (Admour HaZaken) | Orah Haïm,200 (fichier présent),oui,oui,
https://daattorah.com/oh-quotidien/61/en,en,orah-haim,61,,Index,sources/orah-haim/siman-61/index-en.html,Siman 61 — דקדוק and כוונה in the קריאת שמע | DAAT,200 (fichier présent),oui,oui,
https://daattorah.com/oh-quotidien/61/he,he,orah-haim,61,,Index,sources/orah-haim/siman-61/index-he.html,סימן ס״א — דקדוק וכוונה בקריאת שמע | אורח חיים,200 (fichier présent),oui,oui,
https://daattorah.com/oh-quotidien/61/,fr,orah-haim,61,,Index,sources/orah-haim/siman-61/index.html,Siman 61 — דקדוק et כוונה dans le קריאת שמע | DAAT,200 (fichier présent),oui,oui,
https://daattorah.com/oh-quotidien/61/base/en,en,orah-haim,61,,1-Base,sources/orah-haim/siman-61/niveau-1-base-en.html,Siman ס״א · Level 1 — דקדוק וכוונה בקריאת שמע,200 (fichier présent),oui,oui,
https://daattorah.com/oh-quotidien/61/base/he,he,orah-haim,61,,1-Base,sources/orah-haim/siman-61/niveau-1-base-he.html,סימן ס״א · רמה 1 — דקדוק וכוונה בקריאת שמע | דעת,200 (fichier présent),oui,oui,
https://daattorah.com/oh-quotidien/61/base,fr,orah-haim,61,,1-Base,sources/orah-haim/siman-61/niveau-1-base.html,Siman ס״א · Niveau 1 — דקדוק וכוונה בקריאת שמע,200 (fichier présent),oui,oui,
https://daattorah.com/oh-quotidien/61/lamdan/en,en,orah-haim,61,,2-Lamdan,sources/orah-haim/siman-61/niveau-2-lamdan-en.html,Siman ס״א · Level 2 (Lamdan) — דקדוק וכוונה בק״ש | Orah Haïm,200 (fichier présent),oui,oui,
https://daattorah.com/oh-quotidien/61/lamdan/he,he,orah-haim,61,,2-Lamdan,sources/orah-haim/siman-61/niveau-2-lamdan-he.html,סימן ס״א · רמה 2 (למדן) — דקדוק וכוונה בק״ש | דעת,200 (fichier présent),oui,oui,
https://daattorah.com/oh-quotidien/61/lamdan,fr,orah-haim,61,,2-Lamdan,sources/orah-haim/siman-61/niveau-2-lamdan.html,Siman ס״א · Niveau 2 — דקדוק וכוונה בק״ש | Orah Haïm,200 (fichier présent),oui,oui,
https://daattorah.com/oh-quotidien/61/synthese/en,en,orah-haim,61,,3-Synthese,sources/orah-haim/siman-61/niveau-3-synthese-en.html,Siman ס״א · Level 3 — Synthesis | Orah Haïm — Quotidien,200 (fichier présent),oui,oui,
https://daattorah.com/oh-quotidien/61/synthese/he,he,orah-haim,61,,3-Synthese,sources/orah-haim/siman-61/niveau-3-synthese-he.html,סימן ס״א · רמה 3 סיכום — דקדוק וכוונה בקריאת שמע | דעת,200 (fichier présent),oui,oui,
https://daattorah.com/oh-quotidien/61/synthese,fr,orah-haim,61,,3-Synthese,sources/orah-haim/siman-61/niveau-3-synthese.html,Siman ס״א · Niveau 3 — Synthèse | Orah Haïm — Quotidien,200 (fichier présent),oui,oui,
https://daattorah.com/oh-quotidien/61/daat-harav/en,en,orah-haim,61,,4-DaatHaRav,sources/orah-haim/siman-61/niveau-4-daat-harav-en.html,Siman 61 · Level 4 — Daat HaRav (Alter Rebbe) | Orah Haim,200 (fichier présent),oui,oui,
https://daattorah.com/oh-quotidien/61/daat-harav/he,he,orah-haim,61,,4-DaatHaRav,sources/orah-haim/siman-61/niveau-4-daat-harav-he.html,סימן ס״א · רמה 4 — דעת הרב (אדמו״ר הזקן) | אורח חיים,200 (fichier présent),oui,oui,
https://daattorah.com/oh-quotidien/61/daat-harav,fr,orah-haim,61,,4-DaatHaRav,sources/orah-haim/siman-61/niveau-4-daat-harav.html,Siman 61 · Niveau 4 — Daat HaRav (Admour HaZaken) | Orah Haïm,200 (fichier présent),oui,oui,
https://daattorah.com/oh-quotidien/62/en,en,orah-haim,62,,Index,sources/orah-haim/siman-62/index-en.html,Siman 62 — לשון and השמעה in the קריאת שמע | DAAT,200 (fichier présent),oui,oui,
https://daattorah.com/oh-quotidien/62/he,he,orah-haim,62,,Index,sources/orah-haim/siman-62/index-he.html,סימן ס״ב — לשון וקול בקריאת שמע | אורח חיים,200 (fichier présent),oui,oui,
https://daattorah.com/oh-quotidien/62/,fr,orah-haim,62,,Index,sources/orah-haim/siman-62/index.html,Siman 62 — לשון et השמעה dans le קריאת שמע | DAAT,200 (fichier présent),oui,oui,
https://daattorah.com/oh-quotidien/62/base/en,en,orah-haim,62,,1-Base,sources/orah-haim/siman-62/niveau-1-base-en.html,Siman ס״ב · Level 1 — לא דקדק או לא השמיע לאזנו,200 (fichier présent),oui,oui,
https://daattorah.com/oh-quotidien/62/base/he,he,orah-haim,62,,1-Base,sources/orah-haim/siman-62/niveau-1-base-he.html,סימן ס״ב · רמה 1 — לא דקדק או לא השמיע לאזנו | דעת,200 (fichier présent),oui,oui,
https://daattorah.com/oh-quotidien/62/base,fr,orah-haim,62,,1-Base,sources/orah-haim/siman-62/niveau-1-base.html,Siman ס״ב · Niveau 1 — לא דקדק או לא השמיע לאזנו,200 (fichier présent),oui,oui,
https://daattorah.com/oh-quotidien/62/lamdan/en,en,orah-haim,62,,2-Lamdan,sources/orah-haim/siman-62/niveau-2-lamdan-en.html,Siman ס״ב · Level 2 (Lamdan) — לא דקדק או לא השמיע לאזנו | Orah Haïm,200 (fichier présent),oui,oui,
https://daattorah.com/oh-quotidien/62/lamdan/he,he,orah-haim,62,,2-Lamdan,sources/orah-haim/siman-62/niveau-2-lamdan-he.html,סימן ס״ב · רמה 2 (למדן) — לא דקדק או לא השמיע לאזנו | דעת,200 (fichier présent),oui,oui,
https://daattorah.com/oh-quotidien/62/lamdan,fr,orah-haim,62,,2-Lamdan,sources/orah-haim/siman-62/niveau-2-lamdan.html,Siman ס״ב · Niveau 2 — לא דקדק או לא השמיע לאזנו | Orah Haïm,200 (fichier présent),oui,oui,
https://daattorah.com/oh-quotidien/62/synthese/en,en,orah-haim,62,,3-Synthese,sources/orah-haim/siman-62/niveau-3-synthese-en.html,Siman ס״ב · Level 3 — Synthesis | Orah Haïm — Quotidien,200 (fichier présent),oui,oui,
https://daattorah.com/oh-quotidien/62/synthese/he,he,orah-haim,62,,3-Synthese,sources/orah-haim/siman-62/niveau-3-synthese-he.html,סימן ס״ב · רמה 3 סיכום — לשון וקול בקריאת שמע | דעת,200 (fichier présent),oui,oui,
https://daattorah.com/oh-quotidien/62/synthese,fr,orah-haim,62,,3-Synthese,sources/orah-haim/siman-62/niveau-3-synthese.html,Siman ס״ב · Niveau 3 — Synthèse | Orah Haïm — Quotidien,200 (fichier présent),oui,oui,
https://daattorah.com/oh-quotidien/62/daat-harav/en,en,orah-haim,62,,4-DaatHaRav,sources/orah-haim/siman-62/niveau-4-daat-harav-en.html,Siman 62 · Level 4 — Daat HaRav (Alter Rebbe) | Orah Haim,200 (fichier présent),oui,oui,
https://daattorah.com/oh-quotidien/62/daat-harav/he,he,orah-haim,62,,4-DaatHaRav,sources/orah-haim/siman-62/niveau-4-daat-harav-he.html,סימן ס״ב · רמה 4 — דעת הרב (אדמו״ר הזקן) | אורח חיים,200 (fichier présent),oui,oui,
https://daattorah.com/oh-quotidien/62/daat-harav,fr,orah-haim,62,,4-DaatHaRav,sources/orah-haim/siman-62/niveau-4-daat-harav.html,Siman 62 · Niveau 4 — Daat HaRav (Admour HaZaken) | Orah Haïm,200 (fichier présent),oui,oui,
https://daattorah.com/oh-quotidien/63/en,en,orah-haim,63,,Index,sources/orah-haim/siman-63/index-en.html,Siman 63 — postures and כוונה in the קריאת שמע | DAAT,200 (fichier présent),oui,oui,
https://daattorah.com/oh-quotidien/63/he,he,orah-haim,63,,Index,sources/orah-haim/siman-63/index-he.html,סימן ס״ג — תנוחות וכוונה בקריאת שמע | אורח חיים,200 (fichier présent),oui,oui,
https://daattorah.com/oh-quotidien/63/,fr,orah-haim,63,,Index,sources/orah-haim/siman-63/index.html,Siman 63 — postures et כוונה dans le קריאת שמע | DAAT,200 (fichier présent),oui,oui,
https://daattorah.com/oh-quotidien/63/base/en,en,orah-haim,63,,1-Base,sources/orah-haim/siman-63/niveau-1-base-en.html,Siman ס״ג · Level 1 — לישב בשעת ק״ש ושלא ישן,200 (fichier présent),oui,oui,
https://daattorah.com/oh-quotidien/63/base/he,he,orah-haim,63,,1-Base,sources/orah-haim/siman-63/niveau-1-base-he.html,סימן ס״ג · רמה 1 — לישב בשעת ק״ש ושלא ישן | דעת,200 (fichier présent),oui,oui,
https://daattorah.com/oh-quotidien/63/base,fr,orah-haim,63,,1-Base,sources/orah-haim/siman-63/niveau-1-base.html,Siman ס״ג · Niveau 1 — לישב בשעת ק״ש ושלא ישן,200 (fichier présent),oui,oui,
https://daattorah.com/oh-quotidien/63/lamdan/en,en,orah-haim,63,,2-Lamdan,sources/orah-haim/siman-63/niveau-2-lamdan-en.html,Siman ס״ג · Level 2 (Lamdan) — לישב בשעת ק״ש ושלא ישן | Orah Haïm,200 (fichier présent),oui,oui,
https://daattorah.com/oh-quotidien/63/lamdan/he,he,orah-haim,63,,2-Lamdan,sources/orah-haim/siman-63/niveau-2-lamdan-he.html,סימן ס״ג · רמה 2 (למדן) — לישב בשעת ק״ש ושלא ישן | דעת,200 (fichier présent),oui,oui,
https://daattorah.com/oh-quotidien/63/lamdan,fr,orah-haim,63,,2-Lamdan,sources/orah-haim/siman-63/niveau-2-lamdan.html,Siman ס״ג · Niveau 2 — לישב בשעת ק״ש ושלא ישן | Orah Haïm,200 (fichier présent),oui,oui,
https://daattorah.com/oh-quotidien/63/synthese/en,en,orah-haim,63,,3-Synthese,sources/orah-haim/siman-63/niveau-3-synthese-en.html,Siman ס״ג · Level 3 — Synthesis | Orah Haïm — Quotidien,200 (fichier présent),oui,oui,
https://daattorah.com/oh-quotidien/63/synthese/he,he,orah-haim,63,,3-Synthese,sources/orah-haim/siman-63/niveau-3-synthese-he.html,סימן ס״ג · רמה 3 סיכום — לישב בשעת קריאת שמע | דעת,200 (fichier présent),oui,oui,
https://daattorah.com/oh-quotidien/63/synthese,fr,orah-haim,63,,3-Synthese,sources/orah-haim/siman-63/niveau-3-synthese.html,Siman ס״ג · Niveau 3 — Synthèse | Orah Haïm — Quotidien,200 (fichier présent),oui,oui,
https://daattorah.com/oh-quotidien/63/daat-harav/en,en,orah-haim,63,,4-DaatHaRav,sources/orah-haim/siman-63/niveau-4-daat-harav-en.html,Siman 63 · Level 4 — Daat HaRav (Alter Rebbe) | Orah Haim,200 (fichier présent),oui,oui,
https://daattorah.com/oh-quotidien/63/daat-harav/he,he,orah-haim,63,,4-DaatHaRav,sources/orah-haim/siman-63/niveau-4-daat-harav-he.html,סימן ס״ג · רמה 4 — דעת הרב (אדמו״ר הזקן) | אורח חיים,200 (fichier présent),oui,oui,
https://daattorah.com/oh-quotidien/63/daat-harav,fr,orah-haim,63,,4-DaatHaRav,sources/orah-haim/siman-63/niveau-4-daat-harav.html,Siman 63 · Niveau 4 — Daat HaRav (Admour HaZaken) | Orah Haïm,200 (fichier présent),oui,oui,
https://daattorah.com/oh-quotidien/64/en,en,orah-haim,64,,Index,sources/orah-haim/siman-64/index-en.html,Siman 64 — הטועה בקריאת שמע (errors) | DAAT,200 (fichier présent),oui,oui,
https://daattorah.com/oh-quotidien/64/he,he,orah-haim,64,,Index,sources/orah-haim/siman-64/index-he.html,סימן ס״ד — דין הטועה בקריאת שמע | אורח חיים,200 (fichier présent),oui,oui,
https://daattorah.com/oh-quotidien/64/,fr,orah-haim,64,,Index,sources/orah-haim/siman-64/index.html,Siman 64 — הטועה בקריאת שמע (les erreurs) | DAAT,200 (fichier présent),oui,oui,
https://daattorah.com/oh-quotidien/64/base/en,en,orah-haim,64,,1-Base,sources/orah-haim/siman-64/niveau-1-base-en.html,Siman ס״ד · Level 1 — דין הטועה בקריאת שמע,200 (fichier présent),oui,oui,
https://daattorah.com/oh-quotidien/64/base/he,he,orah-haim,64,,1-Base,sources/orah-haim/siman-64/niveau-1-base-he.html,סימן ס״ד · רמה 1 — דין הטועה בקריאת שמע | דעת,200 (fichier présent),oui,oui,
https://daattorah.com/oh-quotidien/64/base,fr,orah-haim,64,,1-Base,sources/orah-haim/siman-64/niveau-1-base.html,Siman ס״ד · Niveau 1 — דין הטועה בקריאת שמע,200 (fichier présent),oui,oui,
https://daattorah.com/oh-quotidien/64/lamdan/en,en,orah-haim,64,,2-Lamdan,sources/orah-haim/siman-64/niveau-2-lamdan-en.html,Siman ס״ד · Level 2 (Lamdan) — דין הטועה בק״ש | Orah Haïm,200 (fichier présent),oui,oui,
https://daattorah.com/oh-quotidien/64/lamdan/he,he,orah-haim,64,,2-Lamdan,sources/orah-haim/siman-64/niveau-2-lamdan-he.html,סימן ס״ד · רמה 2 (למדן) — דין הטועה בק״ש | דעת,200 (fichier présent),oui,oui,
https://daattorah.com/oh-quotidien/64/lamdan,fr,orah-haim,64,,2-Lamdan,sources/orah-haim/siman-64/niveau-2-lamdan.html,Siman ס״ד · Niveau 2 — דין הטועה בק״ש | Orah Haïm,200 (fichier présent),oui,oui,
https://daattorah.com/oh-quotidien/64/synthese/en,en,orah-haim,64,,3-Synthese,sources/orah-haim/siman-64/niveau-3-synthese-en.html,Siman ס״ד · Level 3 — Synthesis | Orah Haïm — Quotidien,200 (fichier présent),oui,oui,
https://daattorah.com/oh-quotidien/64/synthese/he,he,orah-haim,64,,3-Synthese,sources/orah-haim/siman-64/niveau-3-synthese-he.html,סימן ס״ד · רמה 3 סיכום — דין הטועה בקריאת שמע | דעת,200 (fichier présent),oui,oui,
https://daattorah.com/oh-quotidien/64/synthese,fr,orah-haim,64,,3-Synthese,sources/orah-haim/siman-64/niveau-3-synthese.html,Siman ס״ד · Niveau 3 — Synthèse | Orah Haïm — Quotidien,200 (fichier présent),oui,oui,
https://daattorah.com/oh-quotidien/64/daat-harav/en,en,orah-haim,64,,4-DaatHaRav,sources/orah-haim/siman-64/niveau-4-daat-harav-en.html,Siman 64 · Level 4 — Daat HaRav (Alter Rebbe) | Orah Haim,200 (fichier présent),oui,oui,
https://daattorah.com/oh-quotidien/64/daat-harav/he,he,orah-haim,64,,4-DaatHaRav,sources/orah-haim/siman-64/niveau-4-daat-harav-he.html,סימן ס״ד · רמה 4 — דעת הרב (אדמו״ר הזקן) | אורח חיים,200 (fichier présent),oui,oui,
https://daattorah.com/oh-quotidien/64/daat-harav,fr,orah-haim,64,,4-DaatHaRav,sources/orah-haim/siman-64/niveau-4-daat-harav.html,Siman 64 · Niveau 4 — Daat HaRav (Admour HaZaken) | Orah Haïm,200 (fichier présent),oui,oui,
https://daattorah.com/oh-quotidien/7/en,en,orah-haim,7,,Index,sources/orah-haim/siman-7/index-en.html,Siman 7 — Asher Yatzar Throughout the Day | DAAT,200 (fichier présent),oui,oui,
https://daattorah.com/oh-quotidien/7/he,he,orah-haim,7,,Index,sources/orah-haim/siman-7/index-he.html,סימן ז׳ — ברכת אשר יצר כל היום | אורח חיים,200 (fichier présent),oui,oui,
https://daattorah.com/oh-quotidien/7/,fr,orah-haim,7,,Index,sources/orah-haim/siman-7/index.html,Siman 7 — Asher Yatsar tout au long du jour | DAAT,200 (fichier présent),oui,oui,
https://daattorah.com/oh-quotidien/7/base/en,en,orah-haim,7,,1-Base,sources/orah-haim/siman-7/niveau-1-base-en.html,Siman ז׳ · Level 1 — Asher Yatsar all day | Orah Haïm,200 (fichier présent),oui,oui,
https://daattorah.com/oh-quotidien/7/base/he,he,orah-haim,7,,1-Base,sources/orah-haim/siman-7/niveau-1-base-he.html,סימן ז׳ · רמה 1 — אשר יצר כל היום | דעת,200 (fichier présent),oui,oui,
https://daattorah.com/oh-quotidien/7/base,fr,orah-haim,7,,1-Base,sources/orah-haim/siman-7/niveau-1-base.html,Siman ז׳ · Niveau 1 — Asher Yatsar tout le jour | Orah Haïm,200 (fichier présent),oui,oui,
https://daattorah.com/oh-quotidien/7/lamdan/en,en,orah-haim,7,,2-Lamdan,sources/orah-haim/siman-7/niveau-2-lamdan-en.html,Siman ז׳ · Level 2 (Lamdan) — אשר יצר כל היום | DAAT,200 (fichier présent),oui,oui,
https://daattorah.com/oh-quotidien/7/lamdan/he,he,orah-haim,7,,2-Lamdan,sources/orah-haim/siman-7/niveau-2-lamdan-he.html,סימן ז׳ · רמה 2 (למדן) — אשר יצר כל היום | דעת,200 (fichier présent),oui,oui,
https://daattorah.com/oh-quotidien/7/lamdan,fr,orah-haim,7,,2-Lamdan,sources/orah-haim/siman-7/niveau-2-lamdan.html,Siman ז׳ · Niveau 2 (Lamdan) — אשר יצר כל היום | Orah Haïm,200 (fichier présent),oui,oui,
https://daattorah.com/oh-quotidien/7/synthese/en,en,orah-haim,7,,3-Synthese,sources/orah-haim/siman-7/niveau-3-synthese-en.html,Siman ז׳ · Level 3 Master Synthesis — Summary & Mnemonics | DAAT,200 (fichier présent),oui,oui,
https://daattorah.com/oh-quotidien/7/synthese/he,he,orah-haim,7,,3-Synthese,sources/orah-haim/siman-7/niveau-3-synthese-he.html,סימן ז׳ · רמה 3 סיכום מגיסטרלי — סיכום וסימני זיכרון | דעת,200 (fichier présent),oui,oui,
https://daattorah.com/oh-quotidien/7/synthese,fr,orah-haim,7,,3-Synthese,sources/orah-haim/siman-7/niveau-3-synthese.html,Siman ז׳ · Niveau 3 — Synthèse | Orah Haïm — Quotidien,200 (fichier présent),oui,oui,
https://daattorah.com/oh-quotidien/7/daat-harav/en,en,orah-haim,7,,4-DaatHaRav,sources/orah-haim/siman-7/niveau-4-daat-harav-en.html,Siman 7 · Level 4 — The Alter Rebbe's Shitah | Orah Haim,200 (fichier présent),oui,oui,
https://daattorah.com/oh-quotidien/7/daat-harav/he,he,orah-haim,7,,4-DaatHaRav,sources/orah-haim/siman-7/niveau-4-daat-harav-he.html,סימן ז׳ · רמה 4 — שיטת אדמו״ר הזקן | אורח חיים,200 (fichier présent),oui,oui,
https://daattorah.com/oh-quotidien/7/daat-harav,fr,orah-haim,7,,4-DaatHaRav,sources/orah-haim/siman-7/niveau-4-daat-harav.html,Siman 7 · Niveau 4 — Chitah de l'Admour HaZaken | Orah Haïm,200 (fichier présent),oui,oui,
https://daattorah.com/oh-quotidien/8/en,en,orah-haim,8,,Index,sources/orah-haim/siman-8/index-en.html,Siman 8 — Donning the Tzitzit (ציצית) | DAAT,200 (fichier présent),oui,oui,
https://daattorah.com/oh-quotidien/8/he,he,orah-haim,8,,Index,sources/orah-haim/siman-8/index-he.html,סימן ח׳ — הלכות ציצית ועטיפתו | אורח חיים,200 (fichier présent),oui,oui,
https://daattorah.com/oh-quotidien/8/,fr,orah-haim,8,,Index,sources/orah-haim/siman-8/index.html,Siman 8 — L'enveloppement du tsitsit (ציצית) | DAAT,200 (fichier présent),oui,oui,
https://daattorah.com/oh-quotidien/8/base/en,en,orah-haim,8,,1-Base,sources/orah-haim/siman-8/niveau-1-base-en.html,Siman ח׳ · Level 1 — Laws of Tsitsit and the atifa | Orah Haïm,200 (fichier présent),oui,oui,
https://daattorah.com/oh-quotidien/8/base/he,he,orah-haim,8,,1-Base,sources/orah-haim/siman-8/niveau-1-base-he.html,סימן ח׳ · רמה 1 — הלכות ציצית ועטיפתו | דעת,200 (fichier présent),oui,oui,
https://daattorah.com/oh-quotidien/8/base,fr,orah-haim,8,,1-Base,sources/orah-haim/siman-8/niveau-1-base.html,Siman ח׳ · Niveau 1 — Lois du Tsitsit et de l'enveloppement,200 (fichier présent),oui,oui,
https://daattorah.com/oh-quotidien/8/lamdan/en,en,orah-haim,8,,2-Lamdan,sources/orah-haim/siman-8/niveau-2-lamdan-en.html,Siman ח׳ · Level 2 (Lamdan) — הלכות ציצית ועטיפתו | DAAT,200 (fichier présent),oui,oui,
https://daattorah.com/oh-quotidien/8/lamdan/he,he,orah-haim,8,,2-Lamdan,sources/orah-haim/siman-8/niveau-2-lamdan-he.html,סימן ח׳ · רמה 2 (למדן) — הלכות ציצית ועטיפתו | דעת,200 (fichier présent),oui,oui,
https://daattorah.com/oh-quotidien/8/lamdan,fr,orah-haim,8,,2-Lamdan,sources/orah-haim/siman-8/niveau-2-lamdan.html,Siman ח׳ · Niveau 2 (Lamdan) — הלכות ציצית ועטיפתו | Orah Haïm,200 (fichier présent),oui,oui,
https://daattorah.com/oh-quotidien/8/synthese/en,en,orah-haim,8,,3-Synthese,sources/orah-haim/siman-8/niveau-3-synthese-en.html,Siman ח׳ · Level 3 Master Synthesis — Summary & Mnemonics | DAAT,200 (fichier présent),oui,oui,
https://daattorah.com/oh-quotidien/8/synthese/he,he,orah-haim,8,,3-Synthese,sources/orah-haim/siman-8/niveau-3-synthese-he.html,סימן ח׳ · רמה 3 סיכום מגיסטרלי — סיכום וסימני זיכרון | דעת,200 (fichier présent),oui,oui,
https://daattorah.com/oh-quotidien/8/synthese,fr,orah-haim,8,,3-Synthese,sources/orah-haim/siman-8/niveau-3-synthese.html,Siman ח׳ · Niveau 3 — Synthèse | Orah Haïm — Quotidien,200 (fichier présent),oui,oui,
https://daattorah.com/oh-quotidien/8/daat-harav/en,en,orah-haim,8,,4-DaatHaRav,sources/orah-haim/siman-8/niveau-4-daat-harav-en.html,Siman 8 · Level 4 — The Alter Rebbe's Shitah | Orah Haim,200 (fichier présent),oui,oui,
https://daattorah.com/oh-quotidien/8/daat-harav/he,he,orah-haim,8,,4-DaatHaRav,sources/orah-haim/siman-8/niveau-4-daat-harav-he.html,סימן ח׳ · רמה 4 — שיטת אדמו״ר הזקן | אורח חיים,200 (fichier présent),oui,oui,
https://daattorah.com/oh-quotidien/8/daat-harav,fr,orah-haim,8,,4-DaatHaRav,sources/orah-haim/siman-8/niveau-4-daat-harav.html,Siman 8 · Niveau 4 — Chitah de l'Admour HaZaken | Orah Haïm,200 (fichier présent),oui,oui,
https://daattorah.com/oh-quotidien/9/en,en,orah-haim,9,,Index,sources/orah-haim/siman-9/index-en.html,Siman 9 — Which Garments Require Tzitzit (ציצית) | DAAT,200 (fichier présent),oui,oui,
https://daattorah.com/oh-quotidien/9/he,he,orah-haim,9,,Index,sources/orah-haim/siman-9/index-he.html,סימן ט׳ — איזה בגדים חייבים בציצית | אורח חיים,200 (fichier présent),oui,oui,
https://daattorah.com/oh-quotidien/9/,fr,orah-haim,9,,Index,sources/orah-haim/siman-9/index.html,Siman 9 — Les vêtements obligés au tsitsit (ציצית) | DAAT,200 (fichier présent),oui,oui,
https://daattorah.com/oh-quotidien/9/base/en,en,orah-haim,9,,1-Base,sources/orah-haim/siman-9/niveau-1-base-en.html,Siman ט׳ · Level 1 — Which garments require tsitsit | Orah Haïm,200 (fichier présent),oui,oui,
https://daattorah.com/oh-quotidien/9/base/he,he,orah-haim,9,,1-Base,sources/orah-haim/siman-9/niveau-1-base-he.html,סימן ט׳ · רמה 1 — איזה בגדים חייבים בציצית | דעת,200 (fichier présent),oui,oui,
https://daattorah.com/oh-quotidien/9/base,fr,orah-haim,9,,1-Base,sources/orah-haim/siman-9/niveau-1-base.html,Siman ט׳ · Niveau 1 — Quels vêtements sont obligés au tsitsit,200 (fichier présent),oui,oui,
https://daattorah.com/oh-quotidien/9/lamdan/en,en,orah-haim,9,,2-Lamdan,sources/orah-haim/siman-9/niveau-2-lamdan-en.html,Siman ט׳ · Level 2 (Lamdan) — איזה בגדים חייבים בציצית | DAAT,200 (fichier présent),oui,oui,
https://daattorah.com/oh-quotidien/9/lamdan/he,he,orah-haim,9,,2-Lamdan,sources/orah-haim/siman-9/niveau-2-lamdan-he.html,סימן ט׳ · רמה 2 (למדן) — איזה בגדים חייבים בציצית | דעת,200 (fichier présent),oui,oui,
https://daattorah.com/oh-quotidien/9/lamdan,fr,orah-haim,9,,2-Lamdan,sources/orah-haim/siman-9/niveau-2-lamdan.html,Siman ט׳ · Niveau 2 — איזה בגדים חייבים בציצית | Orah Haïm,200 (fichier présent),oui,oui,
https://daattorah.com/oh-quotidien/9/synthese/en,en,orah-haim,9,,3-Synthese,sources/orah-haim/siman-9/niveau-3-synthese-en.html,Siman ט׳ · Level 3 Master Synthesis — Summary & Mnemonics | DAAT,200 (fichier présent),oui,oui,
https://daattorah.com/oh-quotidien/9/synthese/he,he,orah-haim,9,,3-Synthese,sources/orah-haim/siman-9/niveau-3-synthese-he.html,סימן ט׳ · רמה 3 סיכום מגיסטרלי — סיכום וסימני זיכרון | דעת,200 (fichier présent),oui,oui,
https://daattorah.com/oh-quotidien/9/synthese,fr,orah-haim,9,,3-Synthese,sources/orah-haim/siman-9/niveau-3-synthese.html,Siman ט׳ · Niveau 3 — Synthèse | Orah Haïm — Quotidien,200 (fichier présent),oui,oui,
https://daattorah.com/oh-quotidien/9/daat-harav/en,en,orah-haim,9,,4-DaatHaRav,sources/orah-haim/siman-9/niveau-4-daat-harav-en.html,Siman 9 · Level 4 — Shitah of the Admur HaZaken | Orah Haim,200 (fichier présent),oui,oui,
https://daattorah.com/oh-quotidien/9/daat-harav/he,he,orah-haim,9,,4-DaatHaRav,sources/orah-haim/siman-9/niveau-4-daat-harav-he.html,סימן ט׳ · רמה ד — שיטת אדמו״ר הזקן | אורח חיים,200 (fichier présent),oui,oui,
https://daattorah.com/oh-quotidien/9/daat-harav,fr,orah-haim,9,,4-DaatHaRav,sources/orah-haim/siman-9/niveau-4-daat-harav.html,Siman 9 · Niveau 4 — Chitah de l'Admour HaZaken | Orah Haïm,200 (fichier présent),oui,oui,
https://daattorah.com/oh/en,en,shabbat,,,Index,sources/shabbat/index-en.html,Hilkhot Shabbat — Study by siman of the Choulhan Aroukh | DAAT,200 (fichier présent),oui,oui,
https://daattorah.com/oh/he,he,shabbat,,,Index,sources/shabbat/index-he.html,הלכות שבת — לימוד שולחן ערוך סימן אחר סימן · DAAT דעת,200 (fichier présent),oui,oui,
https://daattorah.com/oh/,fr,shabbat,,,Index,sources/shabbat/index.html,Hilkhot Shabbat — Étude par siman du Choulhan Aroukh | DAAT,200 (fichier présent),oui,oui,
https://daattorah.com/oh/242/en,en,shabbat,242,,Index,sources/shabbat/siman-242/index-en.html,Siman רמ״ב — Kavod and Oneg Shabbat | Hilkhot Shabbat,200 (fichier présent),oui,oui,
https://daattorah.com/oh/242/he,he,shabbat,242,,Index,sources/shabbat/siman-242/index-he.html,סימן רמ״ב — כבוד ועונג שבת | הלכות שבת,200 (fichier présent),oui,oui,
https://daattorah.com/oh/242/,fr,shabbat,242,,Index,sources/shabbat/siman-242/index.html,Siman רמ״ב — Kavod et Oneg Shabbat | Hilkhot Shabbat,200 (fichier présent),oui,oui,
https://daattorah.com/oh/242/base/en,en,shabbat,242,,1-Base,sources/shabbat/siman-242/niveau-1-base-en.html,Siman רמ״ב · Level 1 — Kavod and Oneg Shabbat | Hilkhot Shabbat,200 (fichier présent),oui,oui,
https://daattorah.com/oh/242/base/he,he,shabbat,242,,1-Base,sources/shabbat/siman-242/niveau-1-base-he.html,סימן רמ״ב · רמה 1 בסיסית — כבוד ועונג שבת · התחלה לימודית | דעת,200 (fichier présent),oui,oui,
https://daattorah.com/oh/242/base,fr,shabbat,242,,1-Base,sources/shabbat/siman-242/niveau-1-base.html,Siman רמ״ב · Niveau 1 — Kavod et Oneg Shabbat | Hilkhot Shabbat,200 (fichier présent),oui,oui,
https://daattorah.com/oh/242/lamdan/en,en,shabbat,242,,2-Lamdan,sources/shabbat/siman-242/niveau-2-lamdan-en.html,"Siman רמ״ב · Level 2 — Sougya לוו עלי, Takkanat Ezra | Hilkhot Shabbat",200 (fichier présent),oui,oui,
https://daattorah.com/oh/242/lamdan/he,he,shabbat,242,,2-Lamdan,sources/shabbat/siman-242/niveau-2-lamdan-he.html,"סימן רמ״ב · רמה 2 למדן — פלפול מעמיק · סוגיית לוו עלי, תקנת עזרא | דעת",200 (fichier présent),oui,oui,
https://daattorah.com/oh/242/lamdan,fr,shabbat,242,,2-Lamdan,sources/shabbat/siman-242/niveau-2-lamdan.html,"Siman רמ״ב · Niveau 2 — Sougya לוו עלי, Tikkun Ezra | Hilkhot Shabbat",200 (fichier présent),oui,oui,
https://daattorah.com/oh/242/synthese/en,en,shabbat,242,,3-Synthese,sources/shabbat/siman-242/niveau-3-synthese-en.html,Siman רמ״ב · Level 3 Master Synthesis — Summary & Mnemonics | DAAT,200 (fichier présent),oui,oui,
https://daattorah.com/oh/242/synthese/he,he,shabbat,242,,3-Synthese,sources/shabbat/siman-242/niveau-3-synthese-he.html,סימן רמ״ב · רמה 3 סיכום מגיסטרלי — סיכום וסימני זיכרון | דעת,200 (fichier présent),oui,oui,
https://daattorah.com/oh/242/synthese,fr,shabbat,242,,3-Synthese,sources/shabbat/siman-242/niveau-3-synthese.html,Siman רמ״ב · Niveau 3 — mnémoniques | Hilkhot Shabbat,200 (fichier présent),oui,oui,
https://daattorah.com/oh/242/daat-harav/en,en,shabbat,242,,4-DaatHaRav,sources/shabbat/siman-242/niveau-4-daat-harav-en.html,Siman 242 · Level 4 — Shitah of the Alter Rebbe | Hilkhot Shabbat,200 (fichier présent),oui,oui,
https://daattorah.com/oh/242/daat-harav/he,he,shabbat,242,,4-DaatHaRav,sources/shabbat/siman-242/niveau-4-daat-harav-he.html,סימן רמ״ב · רמה 4 דעת הרב — שיטת אדמו״ר הזקן | DAAT,200 (fichier présent),oui,oui,
https://daattorah.com/oh/242/daat-harav,fr,shabbat,242,,4-DaatHaRav,sources/shabbat/siman-242/niveau-4-daat-harav.html,Siman 242 · Niveau 4 — Chitah de l'Admour HaZaken | Hilkhot Shabbat,200 (fichier présent),oui,oui,
https://daattorah.com/oh/243/en,en,shabbat,243,,Index,sources/shabbat/siman-243/index-en.html,Siman רמ״ג — Renting Your Bath or Field to a Non-Jew | Hilkhot Shabbat,200 (fichier présent),oui,oui,
https://daattorah.com/oh/243/he,he,shabbat,243,,Index,sources/shabbat/siman-243/index-he.html,סימן רמ״ג — השכרת מרחץ או שדה לגוי · שולחן ערוך · לימוד בעברית | DAAT,200 (fichier présent),oui,oui,
https://daattorah.com/oh/243/,fr,shabbat,243,,Index,sources/shabbat/siman-243/index.html,Siman רמ״ג — Louer son bain ou son champ à un | Hilkhot Shabbat,200 (fichier présent),oui,oui,
https://daattorah.com/oh/243/base/en,en,shabbat,243,,1-Base,sources/shabbat/siman-243/niveau-1-base-en.html,Siman רמ״ג · Level 1 — Renting Out a Field or | Hilkhot Shabbat,200 (fichier présent),oui,oui,
https://daattorah.com/oh/243/base/he,he,shabbat,243,,1-Base,sources/shabbat/siman-243/niveau-1-base-he.html,סימן רמ״ג · רמה 1 בסיסית — להשכיר שדה או מרחץ לגוי · התחלה | דעת,200 (fichier présent),oui,oui,
https://daattorah.com/oh/243/base,fr,shabbat,243,,1-Base,sources/shabbat/siman-243/niveau-1-base.html,Siman רמ״ג · Niveau 1 — Louer son champ ou son bain | Hilkhot Shabbat,200 (fichier présent),oui,oui,
https://daattorah.com/oh/243/lamdan/en,en,shabbat,243,,2-Lamdan,sources/shabbat/siman-243/niveau-2-lamdan-en.html,"Siman רמ״ג · Level 2 — Amira le-Akum, Maaras Ayin | Hilkhot Shabbat",200 (fichier présent),oui,oui,
https://daattorah.com/oh/243/lamdan/he,he,shabbat,243,,2-Lamdan,sources/shabbat/siman-243/niveau-2-lamdan-he.html,"סימן רמ״ג · רמה 2 למדן — פלפול מעמיק · אמירה לגוי, מראית עין | דעת",200 (fichier présent),oui,oui,
https://daattorah.com/oh/243/lamdan,fr,shabbat,243,,2-Lamdan,sources/shabbat/siman-243/niveau-2-lamdan.html,"Siman רמ״ג · Niveau 2 — אמירה לגוי, מראית עין | Hilkhot Shabbat",200 (fichier présent),oui,oui,
https://daattorah.com/oh/243/synthese/en,en,shabbat,243,,3-Synthese,sources/shabbat/siman-243/niveau-3-synthese-en.html,Siman רמ״ג · Level 3 Master Synthesis — Recap & Decision Tree | DAAT,200 (fichier présent),oui,oui,
https://daattorah.com/oh/243/synthese/he,he,shabbat,243,,3-Synthese,sources/shabbat/siman-243/niveau-3-synthese-he.html,סימן רמ״ג · רמה 3 סיכום מגיסטרלי — תמצית ועץ החלטה | דעת,200 (fichier présent),oui,oui,
https://daattorah.com/oh/243/synthese,fr,shabbat,243,,3-Synthese,sources/shabbat/siman-243/niveau-3-synthese.html,Siman רמ״ג · Niveau 3 — arbre de décision | Hilkhot Shabbat,200 (fichier présent),oui,oui,
https://daattorah.com/oh/243/daat-harav/en,en,shabbat,243,,4-DaatHaRav,sources/shabbat/siman-243/niveau-4-daat-harav-en.html,Siman רמ״ג · Level 4 — Shitah of the Alter Rebbe | Hilkhot Shabbat,200 (fichier présent),oui,oui,
https://daattorah.com/oh/243/daat-harav/he,he,shabbat,243,,4-DaatHaRav,sources/shabbat/siman-243/niveau-4-daat-harav-he.html,סימן רמ״ג · רמה 4 דעת הרב — שיטת אדמו״ר הזקן | DAAT,200 (fichier présent),oui,oui,
https://daattorah.com/oh/243/daat-harav,fr,shabbat,243,,4-DaatHaRav,sources/shabbat/siman-243/niveau-4-daat-harav.html,Siman 242 · Niveau 4 — Chitah de l'Admour HaZaken | Hilkhot Shabbat,200 (fichier présent),oui,oui,
https://daattorah.com/oh/244/en,en,shabbat,244,,Index,sources/shabbat/siman-244/index-en.html,"Siman רמ""ד — A Non-Jew's Labor for a Jew | Hilkhot Shabbat",200 (fichier présent),oui,oui,
https://daattorah.com/oh/244/he,he,shabbat,244,,Index,sources/shabbat/siman-244/index-he.html,סימן רמ״ד — אֵיזוֹ מְלָאכוֹת יָכוֹל הַנָּכְרִי לַעֲשׂוֹת | הלכות שבת,200 (fichier présent),oui,oui,
https://daattorah.com/oh/244/,fr,shabbat,244,,Index,sources/shabbat/siman-244/index.html,"Siman רמ""ד — Quels travaux le non-juif peut faire | Hilkhot Shabbat",200 (fichier présent),oui,oui,
https://daattorah.com/oh/244/base/en,en,shabbat,244,,1-Base,sources/shabbat/siman-244/niveau-1-base-en.html,Siman רמ״ד · Level 1 Base — Kablanus l'akum | DAAT,200 (fichier présent),oui,oui,
https://daattorah.com/oh/244/base/he,he,shabbat,244,,1-Base,sources/shabbat/siman-244/niveau-1-base-he.html,סימן רמ״ד · רמה 1 בסיסית — קבלנות לנכרי · ו׳ סעיפי המחבר | דעת,200 (fichier présent),oui,oui,
https://daattorah.com/oh/244/base,fr,shabbat,244,,1-Base,sources/shabbat/siman-244/niveau-1-base.html,Siman רמ״ד · Niveau 1 — Confier au forfait | Hilkhot Shabbat,200 (fichier présent),oui,oui,
https://daattorah.com/oh/244/lamdan/en,en,shabbat,244,,2-Lamdan,sources/shabbat/siman-244/niveau-2-lamdan-en.html,"Siman <bdi>רמ״ד</bdi> · Level 2 Lamdan — Sechir Yom, Kablan, Amira le-Akum | DAAT",200 (fichier présent),oui,oui,
https://daattorah.com/oh/244/lamdan/he,he,shabbat,244,,2-Lamdan,sources/shabbat/siman-244/niveau-2-lamdan-he.html,"סימן <bdi>רמ״ד</bdi> · רמה 2 למדן — שכיר יום, קבלן, אמירה לעכו״ם | דעת",200 (fichier présent),oui,oui,
https://daattorah.com/oh/244/lamdan,fr,shabbat,244,,2-Lamdan,sources/shabbat/siman-244/niveau-2-lamdan.html,"Siman <bdi>רמ״ד</bdi> · Niveau 2 Lamdan — שכיר יום, קבלן, אמירה לעכו״ם | DAAT",200 (fichier présent),oui,oui,
https://daattorah.com/oh/244/synthese/en,en,shabbat,244,,3-Synthese,sources/shabbat/siman-244/niveau-3-synthese-en.html,Siman <bdi>רמ״ד</bdi> · Level 3 Synthesis | DAAT,200 (fichier présent),oui,oui,
https://daattorah.com/oh/244/synthese/he,he,shabbat,244,,3-Synthese,sources/shabbat/siman-244/niveau-3-synthese-he.html,סימן <bdi>רמ״ד</bdi> · רמה 3 סיכום | דעת,200 (fichier présent),oui,oui,
https://daattorah.com/oh/244/synthese,fr,shabbat,244,,3-Synthese,sources/shabbat/siman-244/niveau-3-synthese.html,Siman <bdi>רמ״ד</bdi> · Niveau 3 Synthèse Magistrale | DAAT,200 (fichier présent),oui,oui,
https://daattorah.com/oh/244/daat-harav/en,en,shabbat,244,,4-DaatHaRav,sources/shabbat/siman-244/niveau-4-daat-harav-en.html,Siman 244 · Level 4 — Shitah of the Alter Rebbe | Hilkhot Shabbat,200 (fichier présent),oui,oui,
https://daattorah.com/oh/244/daat-harav/he,he,shabbat,244,,4-DaatHaRav,sources/shabbat/siman-244/niveau-4-daat-harav-he.html,סימן רמ״ד · רמה 4 דעת הרב — שיטת אדמו״ר הזקן | דעת,200 (fichier présent),oui,oui,
https://daattorah.com/oh/244/daat-harav,fr,shabbat,244,,4-DaatHaRav,sources/shabbat/siman-244/niveau-4-daat-harav.html,Siman 244 · Niveau 4 — Chitah de l'Admour HaZaken | Hilkhot Shabbat,200 (fichier présent),oui,oui,
https://daattorah.com/oh/245/en,en,shabbat,245,,Index,sources/shabbat/siman-245/index-en.html,"Siman רמ""ה — A Jew and a Non-Jew as Business | Hilkhot Shabbat",200 (fichier présent),oui,oui,
https://daattorah.com/oh/245/he,he,shabbat,245,,Index,sources/shabbat/siman-245/index-he.html,"סימן רמ""ה — יהודי ונכרי איך יתנהגו בשותפות · שולחן ערוך · לימוד | דעת",200 (fichier présent),oui,oui,
https://daattorah.com/oh/245/,fr,shabbat,245,,Index,sources/shabbat/siman-245/index.html,"Siman רמ""ה — Juif et non-juif | Hilkhot Shabbat",200 (fichier présent),oui,oui,
https://daattorah.com/oh/245/base/en,en,shabbat,245,,1-Base,sources/shabbat/siman-245/niveau-1-base-en.html,Siman רמ״ה · Level 1 — Yisrael and Akum in Shutfus | Hilkhot Shabbat,200 (fichier présent),oui,oui,
https://daattorah.com/oh/245/base/he,he,shabbat,245,,1-Base,sources/shabbat/siman-245/niveau-1-base-he.html,סימן רמ״ה · רמה 1 בסיסית — ישראל ונכרי שותפין · התחלה לימודית | דעת,200 (fichier présent),oui,oui,
https://daattorah.com/oh/245/base,fr,shabbat,245,,1-Base,sources/shabbat/siman-245/niveau-1-base.html,Siman רמ״ה · Niveau 1 — Association juif / non-juif | Hilkhot Shabbat,200 (fichier présent),oui,oui,
https://daattorah.com/oh/245/lamdan/en,en,shabbat,245,,2-Lamdan,sources/shabbat/siman-245/niveau-2-lamdan-en.html,"Siman <bdi>רמ״ה</bdi> · Level 2 — Shutfus, Tnai me'ikara | Hilkhot Shabbat",200 (fichier présent),oui,oui,
https://daattorah.com/oh/245/lamdan/he,he,shabbat,245,,2-Lamdan,sources/shabbat/siman-245/niveau-2-lamdan-he.html,"סימן <bdi>רמ״ה</bdi> · רמה 2 למדן — שותפות, תנאי מעיקרא, מראית עין | דעת",200 (fichier présent),oui,oui,
https://daattorah.com/oh/245/lamdan,fr,shabbat,245,,2-Lamdan,sources/shabbat/siman-245/niveau-2-lamdan.html,"Siman <bdi>רמ״ה</bdi> · Niveau 2 Lamdan — שותפות, תנאי מעיקרא, מראית עין | DAAT",200 (fichier présent),oui,oui,
https://daattorah.com/oh/245/synthese/en,en,shabbat,245,,3-Synthese,sources/shabbat/siman-245/niveau-3-synthese-en.html,Siman <bdi>רמ״ה</bdi> · Level 3 Comprehensive Synthesis | DAAT,200 (fichier présent),oui,oui,
https://daattorah.com/oh/245/synthese/he,he,shabbat,245,,3-Synthese,sources/shabbat/siman-245/niveau-3-synthese-he.html,סימן <bdi>רמ״ה</bdi> · רמה 3 סיכום מקיף | דעת,200 (fichier présent),oui,oui,
https://daattorah.com/oh/245/synthese,fr,shabbat,245,,3-Synthese,sources/shabbat/siman-245/niveau-3-synthese.html,Siman <bdi>רמ״ה</bdi> · Niveau 3 Synthèse Magistrale | DAAT,200 (fichier présent),oui,oui,
https://daattorah.com/oh/245/daat-harav/en,en,shabbat,245,,4-DaatHaRav,sources/shabbat/siman-245/niveau-4-daat-harav-en.html,Siman 245 · Level 4 — Shitah of the Alter Rebbe | Hilkhot Shabbat,200 (fichier présent),oui,oui,
https://daattorah.com/oh/245/daat-harav/he,he,shabbat,245,,4-DaatHaRav,sources/shabbat/siman-245/niveau-4-daat-harav-he.html,סימן רמ״ה · רמה 4 דעת הרב — שיטת אדמו״ר הזקן | DAAT,200 (fichier présent),oui,oui,
https://daattorah.com/oh/245/daat-harav,fr,shabbat,245,,4-DaatHaRav,sources/shabbat/siman-245/niveau-4-daat-harav.html,Siman 245 · Niveau 4 — Chitah de l'Admour HaZaken | Hilkhot Shabbat,200 (fichier présent),oui,oui,
https://daattorah.com/oh/246/en,en,shabbat,246,,Index,sources/shabbat/siman-246/index-en.html,Siman רמ״ו — Lending and Renting Utensils to a | Hilkhot Shabbat,200 (fichier présent),oui,oui,
https://daattorah.com/oh/246/he,he,shabbat,246,,Index,sources/shabbat/siman-246/index-he.html,"סימן רמ""ו — דיני השאלה והשכרה לגוי בשבת · שולחן ערוך · לימוד | דעת",200 (fichier présent),oui,oui,
https://daattorah.com/oh/246/,fr,shabbat,246,,Index,sources/shabbat/siman-246/index.html,Siman רמ״ו — Prêt et location d'objets à un non-juif | Hilkhot Shabbat,200 (fichier présent),oui,oui,
https://daattorah.com/oh/246/base/en,en,shabbat,246,,1-Base,sources/shabbat/siman-246/niveau-1-base-en.html,Siman רמ״ו · Level 1 — Lending and Renting Kelim to | Hilkhot Shabbat,200 (fichier présent),oui,oui,
https://daattorah.com/oh/246/base/he,he,shabbat,246,,1-Base,sources/shabbat/siman-246/niveau-1-base-he.html,סימן רמ״ו · רמה 1 — השאלה והשכרת כלים לנכרי | הלכות שבת,200 (fichier présent),oui,oui,
https://daattorah.com/oh/246/base,fr,shabbat,246,,1-Base,sources/shabbat/siman-246/niveau-1-base.html,Siman רמ״ו · Niveau 1 — Prêt et location à un | Hilkhot Shabbat,200 (fichier présent),oui,oui,
https://daattorah.com/oh/246/lamdan/en,en,shabbat,246,,2-Lamdan,sources/shabbat/siman-246/niveau-2-lamdan-en.html,"Siman רמ״ו · Level 2 — Shevisas Keilim, Sechar | Hilkhot Shabbat",200 (fichier présent),oui,oui,
https://daattorah.com/oh/246/lamdan/he,he,shabbat,246,,2-Lamdan,sources/shabbat/siman-246/niveau-2-lamdan-he.html,"Siman רמ״ו · רמה 2 — שביתת כלים, שכר שבת | הלכות שבת",200 (fichier présent),oui,oui,
https://daattorah.com/oh/246/lamdan,fr,shabbat,246,,2-Lamdan,sources/shabbat/siman-246/niveau-2-lamdan.html,"Siman רמ״ו · Niveau 2 — שביתת כלים, שכר שבת | Hilkhot Shabbat",200 (fichier présent),oui,oui,
https://daattorah.com/oh/246/synthese/en,en,shabbat,246,,3-Synthese,sources/shabbat/siman-246/niveau-3-synthese-en.html,Siman רמ״ו · Level 3 — Modern Cases | Hilkhot Shabbat,200 (fichier présent),oui,oui,
https://daattorah.com/oh/246/synthese/he,he,shabbat,246,,3-Synthese,sources/shabbat/siman-246/niveau-3-synthese-he.html,סימן רמ״ו · רמה 3 סיכום מגיסטרלי — סיכום ומקרים מודרניים | דעת,200 (fichier présent),oui,oui,
https://daattorah.com/oh/246/synthese,fr,shabbat,246,,3-Synthese,sources/shabbat/siman-246/niveau-3-synthese.html,Siman רמ״ו · Niveau 3 — cas modernes | Hilkhot Shabbat,200 (fichier présent),oui,oui,
https://daattorah.com/oh/246/daat-harav/en,en,shabbat,246,,4-DaatHaRav,sources/shabbat/siman-246/niveau-4-daat-harav-en.html,Siman 246 · Level 4 — Shitah of the Alter Rebbe | Hilkhot Shabbat,200 (fichier présent),oui,oui,
https://daattorah.com/oh/246/daat-harav/he,he,shabbat,246,,4-DaatHaRav,sources/shabbat/siman-246/niveau-4-daat-harav-he.html,סימן רמ״ו · רמה 4 דעת הרב — שיטת אדמו״ר הזקן | DAAT,200 (fichier présent),oui,oui,
https://daattorah.com/oh/246/daat-harav,fr,shabbat,246,,4-DaatHaRav,sources/shabbat/siman-246/niveau-4-daat-harav.html,Siman 242 · Niveau 4 — Chitah de l'Admour HaZaken | Hilkhot Shabbat,200 (fichier présent),oui,oui,
https://daattorah.com/oh/247/en,en,shabbat,247,,Index,sources/shabbat/siman-247/index-en.html,Siman 247 — Sending a Letter or Item via a | Hilkhot Shabbat,200 (fichier présent),oui,oui,
https://daattorah.com/oh/247/he,he,shabbat,247,,Index,sources/shabbat/siman-247/index-he.html,"סימן רמ""ז — דין נכרים המביאים כתבים בשבת · שולחן ערוך · לימוד | דעת",200 (fichier présent),oui,oui,
https://daattorah.com/oh/247/,fr,shabbat,247,,Index,sources/shabbat/siman-247/index.html,Siman 247 — Envoyer une lettre ou un objet par un | Hilkhot Shabbat,200 (fichier présent),oui,oui,
https://daattorah.com/oh/247/base/en,en,shabbat,247,,1-Base,sources/shabbat/siman-247/niveau-1-base-en.html,Siman רמ״ז · Level 1 — Sending a letter by a non-Jew | Hilkhot Shabbat,200 (fichier présent),oui,oui,
https://daattorah.com/oh/247/base/he,he,shabbat,247,,1-Base,sources/shabbat/siman-247/niveau-1-base-he.html,סימן רמ״ז · רמה 1 בסיס — שליחת אגרת ביד גוי · התחלה לימודית | DAAT,200 (fichier présent),oui,oui,
https://daattorah.com/oh/247/base,fr,shabbat,247,,1-Base,sources/shabbat/siman-247/niveau-1-base.html,Siman רמ״ז · Niveau 1 — Envoyer une lettre par un | Hilkhot Shabbat,200 (fichier présent),oui,oui,
https://daattorah.com/oh/247/lamdan/en,en,shabbat,247,,2-Lamdan,sources/shabbat/siman-247/niveau-2-lamdan-en.html,"Siman רמ״ז · Level 2 — Sougya שבת י״ט, קציצה | Hilkhot Shabbat",200 (fichier présent),oui,oui,
https://daattorah.com/oh/247/lamdan/he,he,shabbat,247,,2-Lamdan,sources/shabbat/siman-247/niveau-2-lamdan-he.html,"Siman רמ״ז · רמה 2 — Sougya שבת י״ט, קציצה, אדעתא דנפשיה | הלכות שבת",200 (fichier présent),oui,oui,
https://daattorah.com/oh/247/lamdan,fr,shabbat,247,,2-Lamdan,sources/shabbat/siman-247/niveau-2-lamdan.html,"Siman רמ״ז · Niveau 2 — Sougya שבת י״ט, קציצה | Hilkhot Shabbat",200 (fichier présent),oui,oui,
https://daattorah.com/oh/247/synthese/en,en,shabbat,247,,3-Synthese,sources/shabbat/siman-247/niveau-3-synthese-en.html,Siman רמ״ז · Level 3 Masterful Synthesis — Recap & mnemonics | DAAT,200 (fichier présent),oui,oui,
https://daattorah.com/oh/247/synthese/he,he,shabbat,247,,3-Synthese,sources/shabbat/siman-247/niveau-3-synthese-he.html,סימן רמ״ז · רמה 3 סיכום מאסטרי — תקציר ושיטות זיכרון | דעת,200 (fichier présent),oui,oui,
https://daattorah.com/oh/247/synthese,fr,shabbat,247,,3-Synthese,sources/shabbat/siman-247/niveau-3-synthese.html,Siman רמ״ז · Niveau 3 — mnémoniques | Hilkhot Shabbat,200 (fichier présent),oui,oui,
https://daattorah.com/oh/247/daat-harav/en,en,shabbat,247,,4-DaatHaRav,sources/shabbat/siman-247/niveau-4-daat-harav-en.html,Siman 247 · Level 4 — Shitah of the Alter Rebbe | Hilkhot Shabbat,200 (fichier présent),oui,oui,
https://daattorah.com/oh/247/daat-harav/he,he,shabbat,247,,4-DaatHaRav,sources/shabbat/siman-247/niveau-4-daat-harav-he.html,סימן רמ״ז · רמה 4 דעת הרב — שיטת אדמו״ר הזקן | DAAT,200 (fichier présent),oui,oui,
https://daattorah.com/oh/247/daat-harav,fr,shabbat,247,,4-DaatHaRav,sources/shabbat/siman-247/niveau-4-daat-harav.html,Siman 247 · Niveau 4 — Chitah de l'Admour HaZaken | Hilkhot Shabbat,200 (fichier présent),oui,oui,
https://daattorah.com/oh/248/en,en,shabbat,248,,Index,sources/shabbat/siman-248/index-en.html,Siman 248 — Traveling by Ship or Caravan in the | Hilkhot Shabbat,200 (fichier présent),oui,oui,
https://daattorah.com/oh/248/he,he,shabbat,248,,Index,sources/shabbat/siman-248/index-he.html,"סימן רמ""ח — דין המפליג בספינה וההולך בשיירא בשבת | הלכות שבת",200 (fichier présent),oui,oui,
https://daattorah.com/oh/248/,fr,shabbat,248,,Index,sources/shabbat/siman-248/index.html,Siman 248 — Voyager en bateau ou en caravane les | Hilkhot Shabbat,200 (fichier présent),oui,oui,
https://daattorah.com/oh/248/base/en,en,shabbat,248,,1-Base,sources/shabbat/siman-248/niveau-1-base-en.html,Siman רמ״ח · Level 1 — Embarking on a ship before | Hilkhot Shabbat,200 (fichier présent),oui,oui,
https://daattorah.com/oh/248/base/he,he,shabbat,248,,1-Base,sources/shabbat/siman-248/niveau-1-base-he.html,סימן <bdi>רמ״ח</bdi> · רמה 1 — הפלגה בספינה או הליכה בשיירה ג' ימים | הלכות שבת,200 (fichier présent),oui,oui,
https://daattorah.com/oh/248/base,fr,shabbat,248,,1-Base,sources/shabbat/siman-248/niveau-1-base.html,Siman <bdi>רמ״ח</bdi> · Niveau 1 — Voyager en bateau ou en | Hilkhot Shabbat,200 (fichier présent),oui,oui,
https://daattorah.com/oh/248/lamdan/en,en,shabbat,248,,2-Lamdan,sources/shabbat/siman-248/niveau-2-lamdan-en.html,"Siman <bdi>רמ״ח</bdi> · Level 2 — Sougya שבת י״ט, 3 פירושים | Hilkhot Shabbat",200 (fichier présent),oui,oui,
https://daattorah.com/oh/248/lamdan/he,he,shabbat,248,,2-Lamdan,sources/shabbat/siman-248/niveau-2-lamdan-he.html,"Siman <bdi>רמ״ח</bdi> · רמה 2 — Sougya שבת י״ט, 3 פירושים | הלכות שבת",200 (fichier présent),oui,oui,
https://daattorah.com/oh/248/lamdan,fr,shabbat,248,,2-Lamdan,sources/shabbat/siman-248/niveau-2-lamdan.html,"Siman <bdi>רמ״ח</bdi> · Niveau 2 — Sougya שבת י״ט, 3 פירושים | Hilkhot Shabbat",200 (fichier présent),oui,oui,
https://daattorah.com/oh/248/synthese/en,en,shabbat,248,,3-Synthese,sources/shabbat/siman-248/niveau-3-synthese-en.html,Siman <bdi>רמ״ח</bdi> · Level 3 Masterful Synthesis — Recap & mnemonics | DAAT,200 (fichier présent),oui,oui,
https://daattorah.com/oh/248/synthese/he,he,shabbat,248,,3-Synthese,sources/shabbat/siman-248/niveau-3-synthese-he.html,סימן <bdi>רמ״ח</bdi> · רמה 3 סיכום מאסטרי — תקציר וסימני זיכרון | דעת,200 (fichier présent),oui,oui,
https://daattorah.com/oh/248/synthese,fr,shabbat,248,,3-Synthese,sources/shabbat/siman-248/niveau-3-synthese.html,Siman <bdi>רמ״ח</bdi> · Niveau 3 — mnémoniques | Hilkhot Shabbat,200 (fichier présent),oui,oui,
https://daattorah.com/oh/248/daat-harav/en,en,shabbat,248,,4-DaatHaRav,sources/shabbat/siman-248/niveau-4-daat-harav-en.html,Siman 248 · Level 4 — Shitah of the Alter Rebbe | Hilkhot Shabbat,200 (fichier présent),oui,oui,
https://daattorah.com/oh/248/daat-harav/he,he,shabbat,248,,4-DaatHaRav,sources/shabbat/siman-248/niveau-4-daat-harav-he.html,סימן רמ״ח · רמה 4 דעת הרב — שיטת אדמו״ר הזקן | DAAT,200 (fichier présent),oui,oui,
https://daattorah.com/oh/248/daat-harav,fr,shabbat,248,,4-DaatHaRav,sources/shabbat/siman-248/niveau-4-daat-harav.html,Siman 248 · Niveau 4 — Chitah de l'Admour HaZaken | Hilkhot Shabbat,200 (fichier présent),oui,oui,
https://daattorah.com/oh/249/en,en,shabbat,249,,Index,sources/shabbat/siman-249/index-en.html,Siman 249 — Specific Laws of Erev Shabbos (Friday) | Hilkhot Shabbat,200 (fichier présent),oui,oui,
https://daattorah.com/oh/249/he,he,shabbat,249,,Index,sources/shabbat/siman-249/index-he.html,"סימן רמ""ט — דינים השייכים לערב שבת · שולחן ערוך · לימוד | דעת",200 (fichier présent),oui,oui,
https://daattorah.com/oh/249/,fr,shabbat,249,,Index,sources/shabbat/siman-249/index.html,Siman 249 — Règles spécifiques du vendredi | Hilkhot Shabbat,200 (fichier présent),oui,oui,
https://daattorah.com/oh/249/base/en,en,shabbat,249,,1-Base,sources/shabbat/siman-249/niveau-1-base-en.html,Siman <bdi>רמ״ט</bdi> · Level 1 Base — Specific Halakhos of Erev Shabbat | DAAT,200 (fichier présent),oui,oui,
https://daattorah.com/oh/249/base/he,he,shabbat,249,,1-Base,sources/shabbat/siman-249/niveau-1-base-he.html,סימן <bdi>רמ״ט</bdi> · רמה 1 בסיס — דינים השייכים לערב שבת | דעת,200 (fichier présent),oui,oui,
https://daattorah.com/oh/249/base,fr,shabbat,249,,1-Base,sources/shabbat/siman-249/niveau-1-base.html,Siman <bdi>רמ״ט</bdi> · Niveau 1 — Règles spécifiques du | Hilkhot Shabbat,200 (fichier présent),oui,oui,
https://daattorah.com/oh/249/lamdan/en,en,shabbat,249,,2-Lamdan,sources/shabbat/siman-249/niveau-2-lamdan-en.html,Siman <bdi>רמ״ט</bdi> · Level 2 — Pilpoul · 3 parsa'ot | Hilkhot Shabbat,200 (fichier présent),oui,oui,
https://daattorah.com/oh/249/lamdan/he,he,shabbat,249,,2-Lamdan,sources/shabbat/siman-249/niveau-2-lamdan-he.html,Siman <bdi>רמ״ט</bdi> · רמה 2 — Pilpoul · 3 parsa'ot | הלכות שבת,200 (fichier présent),oui,oui,
https://daattorah.com/oh/249/lamdan,fr,shabbat,249,,2-Lamdan,sources/shabbat/siman-249/niveau-2-lamdan.html,Siman <bdi>רמ״ט</bdi> · Niveau 2 — Pilpoul · 3 parsa'ot | Hilkhot Shabbat,200 (fichier présent),oui,oui,
https://daattorah.com/oh/249/synthese/en,en,shabbat,249,,3-Synthese,sources/shabbat/siman-249/niveau-3-synthese-en.html,Siman <bdi>רמ״ט</bdi> · Level 3 Synthesis | DAAT,200 (fichier présent),oui,oui,
https://daattorah.com/oh/249/synthese/he,he,shabbat,249,,3-Synthese,sources/shabbat/siman-249/niveau-3-synthese-he.html,סימן <bdi>רמ״ט</bdi> · רמה 3 סיכום מקיף | דעת,200 (fichier présent),oui,oui,
https://daattorah.com/oh/249/synthese,fr,shabbat,249,,3-Synthese,sources/shabbat/siman-249/niveau-3-synthese.html,Siman <bdi>רמ״ט</bdi> · Niveau 3 Synthèse Magistrale | DAAT,200 (fichier présent),oui,oui,
https://daattorah.com/oh/249/daat-harav/en,en,shabbat,249,,4-DaatHaRav,sources/shabbat/siman-249/niveau-4-daat-harav-en.html,Siman 249 · Level 4 — Shitah of the Alter Rebbe | Hilkhot Shabbat,200 (fichier présent),oui,oui,
https://daattorah.com/oh/249/daat-harav/he,he,shabbat,249,,4-DaatHaRav,sources/shabbat/siman-249/niveau-4-daat-harav-he.html,סימן רמ״ט · רמה 4 דעת הרב — שיטת אדמו״ר הזקן | דעת,200 (fichier présent),oui,oui,
https://daattorah.com/oh/249/daat-harav,fr,shabbat,249,,4-DaatHaRav,sources/shabbat/siman-249/niveau-4-daat-harav.html,Siman 249 · Niveau 4 — Chitah de l'Admour HaZaken | Hilkhot Shabbat,200 (fichier présent),oui,oui,
https://daattorah.com/oh/250/en,en,shabbat,250,,Index,sources/shabbat/siman-250/index-en.html,Siman 250 — Preparing the Shabbos Meals | Hilkhot Shabbat,200 (fichier présent),oui,oui,
https://daattorah.com/oh/250/he,he,shabbat,250,,Index,sources/shabbat/siman-250/index-he.html,"סימן ר""נ — הכנת הסעודות לשבת · שולחן ערוך · לימוד | דעת",200 (fichier présent),oui,oui,
https://daattorah.com/oh/250/,fr,shabbat,250,,Index,sources/shabbat/siman-250/index.html,Siman 250 — La préparation des repas de Shabbat | Hilkhot Shabbat,200 (fichier présent),oui,oui,
https://daattorah.com/oh/250/base/en,en,shabbat,250,,1-Base,sources/shabbat/siman-250/niveau-1-base-en.html,Siman <bdi>ר״נ</bdi> · Level 1 Base — Preparing the Shabbat Meals | DAAT,200 (fichier présent),oui,oui,
https://daattorah.com/oh/250/base/he,he,shabbat,250,,1-Base,sources/shabbat/siman-250/niveau-1-base-he.html,סימן <bdi>ר״נ</bdi> · רמה 1 בסיס — הכנת סעודות שבת | דעת,200 (fichier présent),oui,oui,
https://daattorah.com/oh/250/base,fr,shabbat,250,,1-Base,sources/shabbat/siman-250/niveau-1-base.html,Siman <bdi>ר״נ</bdi> · Niveau 1 Base — Préparation des repas de Shabbat | DAAT,200 (fichier présent),oui,oui,
https://daattorah.com/oh/250/lamdan/en,en,shabbat,250,,2-Lamdan,sources/shabbat/siman-250/niveau-2-lamdan-en.html,Siman <bdi>ר״נ</bdi> · Level 2 — Pilpoul · Sougya Shabbat 119a | Hilkhot Shabbat,200 (fichier présent),oui,oui,
https://daattorah.com/oh/250/lamdan/he,he,shabbat,250,,2-Lamdan,sources/shabbat/siman-250/niveau-2-lamdan-he.html,Siman <bdi>ר״נ</bdi> · רמה 2 — Pilpoul · Sougya Shabbat 119a | הלכות שבת,200 (fichier présent),oui,oui,
https://daattorah.com/oh/250/lamdan,fr,shabbat,250,,2-Lamdan,sources/shabbat/siman-250/niveau-2-lamdan.html,Siman <bdi>ר״נ</bdi> · Niveau 2 — Pilpoul · Sougya Shabbat | Hilkhot Shabbat,200 (fichier présent),oui,oui,
https://daattorah.com/oh/250/synthese/en,en,shabbat,250,,3-Synthese,sources/shabbat/siman-250/niveau-3-synthese-en.html,Siman <bdi>ר״נ</bdi> · Level 3 Master Synthesis | DAAT,200 (fichier présent),oui,oui,
https://daattorah.com/oh/250/synthese/he,he,shabbat,250,,3-Synthese,sources/shabbat/siman-250/niveau-3-synthese-he.html,סימן <bdi>ר״נ</bdi> · רמה 3 סיכום מקיף | דעת,200 (fichier présent),oui,oui,
https://daattorah.com/oh/250/synthese,fr,shabbat,250,,3-Synthese,sources/shabbat/siman-250/niveau-3-synthese.html,Siman <bdi>ר״נ</bdi> · Niveau 3 Synthèse Magistrale | DAAT,200 (fichier présent),oui,oui,
https://daattorah.com/oh/250/daat-harav/en,en,shabbat,250,,4-DaatHaRav,sources/shabbat/siman-250/niveau-4-daat-harav-en.html,Siman 250 · Level 4 — Shitah of the Alter Rebbe | Hilkhot Shabbat,200 (fichier présent),oui,oui,
https://daattorah.com/oh/250/daat-harav/he,he,shabbat,250,,4-DaatHaRav,sources/shabbat/siman-250/niveau-4-daat-harav-he.html,סימן ר״נ · רמה 4 דעת הרב — שיטת אדמו״ר הזקן | דעת,200 (fichier présent),oui,oui,
https://daattorah.com/oh/250/daat-harav,fr,shabbat,250,,4-DaatHaRav,sources/shabbat/siman-250/niveau-4-daat-harav.html,Siman 250 · Niveau 4 — Chitah de l'Admour HaZaken | Hilkhot Shabbat,200 (fichier présent),oui,oui,
https://daattorah.com/oh/251/en,en,shabbat,251,,Index,sources/shabbat/siman-251/index-en.html,Siman 251 — No melachah on Erev Shabbos from | Hilkhot Shabbat,200 (fichier présent),oui,oui,
https://daattorah.com/oh/251/he,he,shabbat,251,,Index,sources/shabbat/siman-251/index-he.html,סימן רנ״א — שלא לעשות מלאכה בערב שבת מן המנחה ולמעלה | הלכות שבת,200 (fichier présent),oui,oui,
https://daattorah.com/oh/251/,fr,shabbat,251,,Index,sources/shabbat/siman-251/index.html,Siman 251 — Ne pas faire de mélakha vendredi à | Hilkhot Shabbat,200 (fichier présent),oui,oui,
https://daattorah.com/oh/251/base/en,en,shabbat,251,,1-Base,sources/shabbat/siman-251/niveau-1-base-en.html,Siman <bdi>רנ״א</bdi> · Level 1 — Not doing melakha on Friday | Hilkhot Shabbat,200 (fichier présent),oui,oui,
https://daattorah.com/oh/251/base/he,he,shabbat,251,,1-Base,sources/shabbat/siman-251/niveau-1-base-he.html,סימן <bdi>רנ״א</bdi> · רמה 1 — שלא לעשות מלאכה בערב שבת מן המנחה | הלכות שבת,200 (fichier présent),oui,oui,
https://daattorah.com/oh/251/base,fr,shabbat,251,,1-Base,sources/shabbat/siman-251/niveau-1-base.html,Siman <bdi>רנ״א</bdi> · Niveau 1 — Ne pas faire de mélakha | Hilkhot Shabbat,200 (fichier présent),oui,oui,
https://daattorah.com/oh/251/lamdan/en,en,shabbat,251,,2-Lamdan,sources/shabbat/siman-251/niveau-2-lamdan-en.html,Siman <bdi>רנ״א</bdi> · Level 2 — Pilpoul · Pesahim 50b | Hilkhot Shabbat,200 (fichier présent),oui,oui,
https://daattorah.com/oh/251/lamdan/he,he,shabbat,251,,2-Lamdan,sources/shabbat/siman-251/niveau-2-lamdan-he.html,Siman <bdi>רנ״א</bdi> · רמה 2 — Pilpoul · Pesahim 50b | הלכות שבת,200 (fichier présent),oui,oui,
https://daattorah.com/oh/251/lamdan,fr,shabbat,251,,2-Lamdan,sources/shabbat/siman-251/niveau-2-lamdan.html,Siman <bdi>רנ״א</bdi> · Niveau 2 — Pilpoul · Pesahim 50b | Hilkhot Shabbat,200 (fichier présent),oui,oui,
https://daattorah.com/oh/251/synthese/en,en,shabbat,251,,3-Synthese,sources/shabbat/siman-251/niveau-3-synthese-en.html,Siman <bdi>רנ״א</bdi> · Level 3 Magisterial Synthesis | DAAT,200 (fichier présent),oui,oui,
https://daattorah.com/oh/251/synthese/he,he,shabbat,251,,3-Synthese,sources/shabbat/siman-251/niveau-3-synthese-he.html,סימן <bdi>רנ״א</bdi> · רמה 3 סיכום מקיף | דעת,200 (fichier présent),oui,oui,
https://daattorah.com/oh/251/synthese,fr,shabbat,251,,3-Synthese,sources/shabbat/siman-251/niveau-3-synthese.html,Siman <bdi>רנ״א</bdi> · Niveau 3 Synthèse Magistrale | DAAT,200 (fichier présent),oui,oui,
https://daattorah.com/oh/251/daat-harav/en,en,shabbat,251,,4-DaatHaRav,sources/shabbat/siman-251/niveau-4-daat-harav-en.html,Siman 251 · Level 4 — Shitah of the Alter Rebbe | Hilkhot Shabbat,200 (fichier présent),oui,oui,
https://daattorah.com/oh/251/daat-harav/he,he,shabbat,251,,4-DaatHaRav,sources/shabbat/siman-251/niveau-4-daat-harav-he.html,סימן רנ״א · רמה 4 דעת הרב — שיטת אדמו״ר הזקן | DAAT,200 (fichier présent),oui,oui,
https://daattorah.com/oh/251/daat-harav,fr,shabbat,251,,4-DaatHaRav,sources/shabbat/siman-251/niveau-4-daat-harav.html,Siman 251 · Niveau 4 — Chitah de l'Admour HaZaken | Hilkhot Shabbat,200 (fichier présent),oui,oui,
https://daattorah.com/oh/252/en,en,shabbat,252,,Index,sources/shabbat/siman-252/index-en.html,Siman 252 — Melachos permitted and forbidden to | Hilkhot Shabbat,200 (fichier présent),oui,oui,
https://daattorah.com/oh/252/he,he,shabbat,252,,Index,sources/shabbat/siman-252/index-he.html,סימן רנ״ב — מלאכות המותרים והאסורים להתחיל בערב שבת | הלכות שבת,200 (fichier présent),oui,oui,
https://daattorah.com/oh/252/,fr,shabbat,252,,Index,sources/shabbat/siman-252/index.html,Siman 252 — Travaux permis et interdits à commencer | Hilkhot Shabbat,200 (fichier présent),oui,oui,
https://daattorah.com/oh/252/base/en,en,shabbat,252,,1-Base,sources/shabbat/siman-252/niveau-1-base-en.html,Siman <bdi>רנ״ב</bdi> · Level 1 Base — Melakhos Starting on Erev Shabbos | DAAT,200 (fichier présent),oui,oui,
https://daattorah.com/oh/252/base/he,he,shabbat,252,,1-Base,sources/shabbat/siman-252/niveau-1-base-he.html,סימן <bdi>רנ״ב</bdi> · רמה 1 בסיס — מלאכות שמתחילים בערב שבת | דעת,200 (fichier présent),oui,oui,
https://daattorah.com/oh/252/base,fr,shabbat,252,,1-Base,sources/shabbat/siman-252/niveau-1-base.html,Siman <bdi>רנ״ב</bdi> · Niveau 1 Base — Travaux à commencer érev Shabbat | DAAT,200 (fichier présent),oui,oui,
https://daattorah.com/oh/252/lamdan/en,en,shabbat,252,,2-Lamdan,sources/shabbat/siman-252/niveau-2-lamdan-en.html,"Siman <bdi>רנ״ב</bdi> · Level 2 Lamdan — שביתת כלים, מחלוקת ב״ש וב״ה | DAAT",200 (fichier présent),oui,oui,
https://daattorah.com/oh/252/lamdan/he,he,shabbat,252,,2-Lamdan,sources/shabbat/siman-252/niveau-2-lamdan-he.html,"Siman <bdi>רנ״ב</bdi> · רמה 2 Lamdan — שביתת כלים, מחלוקת ב״ש וב״ה | DAAT",200 (fichier présent),oui,oui,
https://daattorah.com/oh/252/lamdan,fr,shabbat,252,,2-Lamdan,sources/shabbat/siman-252/niveau-2-lamdan.html,"Siman <bdi>רנ״ב</bdi> · Niveau 2 Lamdan — שביתת כלים, מחלוקת ב״ש וב״ה | DAAT",200 (fichier présent),oui,oui,
https://daattorah.com/oh/252/synthese/en,en,shabbat,252,,3-Synthese,sources/shabbat/siman-252/niveau-3-synthese-en.html,Siman <bdi>רנ״ב</bdi> · Level 3 Master Synthesis | DAAT,200 (fichier présent),oui,oui,
https://daattorah.com/oh/252/synthese/he,he,shabbat,252,,3-Synthese,sources/shabbat/siman-252/niveau-3-synthese-he.html,סימן <bdi>רנ״ב</bdi> · רמה 3 סיכום מקיף | דעת,200 (fichier présent),oui,oui,
https://daattorah.com/oh/252/synthese,fr,shabbat,252,,3-Synthese,sources/shabbat/siman-252/niveau-3-synthese.html,Siman <bdi>רנ״ב</bdi> · Niveau 3 Synthèse Magistrale | DAAT,200 (fichier présent),oui,oui,
https://daattorah.com/oh/252/daat-harav/en,en,shabbat,252,,4-DaatHaRav,sources/shabbat/siman-252/niveau-4-daat-harav-en.html,Siman 252 · Level 4 Daat HaRav — Shitah of the Alter Rebbe | DAAT,200 (fichier présent),oui,oui,
https://daattorah.com/oh/252/daat-harav/he,he,shabbat,252,,4-DaatHaRav,sources/shabbat/siman-252/niveau-4-daat-harav-he.html,סימן רנ״ב · רמה 4 דעת הרב — שיטת אדמו״ר הזקן | דעת,200 (fichier présent),oui,oui,
https://daattorah.com/oh/252/daat-harav,fr,shabbat,252,,4-DaatHaRav,sources/shabbat/siman-252/niveau-4-daat-harav.html,Siman 252 · Niveau 4 — Chitah de l'Admour HaZaken | Hilkhot Shabbat,200 (fichier présent),oui,oui,
https://daattorah.com/oh/253/en,en,shabbat,253,,Index,sources/shabbat/siman-253/index-en.html,Siman 253 — Kirah and tannur | Hilkhot Shabbat,200 (fichier présent),oui,oui,
https://daattorah.com/oh/253/he,he,shabbat,253,,Index,sources/shabbat/siman-253/index-he.html,סימן רנ״ג — דין כירה ותנור לתת עליה הקדרות בערב שבת | הלכות שבת,200 (fichier présent),oui,oui,
https://daattorah.com/oh/253/,fr,shabbat,253,,Index,sources/shabbat/siman-253/index.html,Siman 253 — Le kira et le tannour | Hilkhot Shabbat,200 (fichier présent),oui,oui,
https://daattorah.com/oh/253/base/en,en,shabbat,253,,1-Base,sources/shabbat/siman-253/niveau-1-base-en.html,"Siman <bdi>רנ״ג</bdi> · Level 1 Introduction — Shehiya, Chazara, Hatmana | DAAT",200 (fichier présent),oui,oui,
https://daattorah.com/oh/253/base/he,he,shabbat,253,,1-Base,sources/shabbat/siman-253/niveau-1-base-he.html,"סימן <bdi>רנ״ג</bdi> · רמה 1 התחלה — שהייה, חזרה, הטמנה | דעת",200 (fichier présent),oui,oui,
https://daattorah.com/oh/253/base,fr,shabbat,253,,1-Base,sources/shabbat/siman-253/niveau-1-base.html,"Siman <bdi>רנ״ג</bdi> · Niveau 1 Base — Shehiya, hazara, hatmana | DAAT",200 (fichier présent),oui,oui,
https://daattorah.com/oh/253/lamdan/en,en,shabbat,253,,2-Lamdan,sources/shabbat/siman-253/niveau-2-lamdan-en.html,"Siman <bdi>רנ״ג</bdi> · Level 2 Lamdan — שהייה, חזרה, מח' חנניה ורבנן | DAAT",200 (fichier présent),oui,oui,
https://daattorah.com/oh/253/lamdan/he,he,shabbat,253,,2-Lamdan,sources/shabbat/siman-253/niveau-2-lamdan-he.html,"Siman <bdi>רנ״ג</bdi> · רמה 2 Lamdan — שהייה, חזרה, מח' חנניה ורבנן | DAAT",200 (fichier présent),oui,oui,
https://daattorah.com/oh/253/lamdan,fr,shabbat,253,,2-Lamdan,sources/shabbat/siman-253/niveau-2-lamdan.html,"Siman <bdi>רנ״ג</bdi> · Niveau 2 Lamdan — שהייה, חזרה, מח' חנניה ורבנן | DAAT",200 (fichier présent),oui,oui,
https://daattorah.com/oh/253/synthese/en,en,shabbat,253,,3-Synthese,sources/shabbat/siman-253/niveau-3-synthese-en.html,Siman <bdi>רנ״ג</bdi> · Level 3 Magisterial Synthesis | DAAT,200 (fichier présent),oui,oui,
https://daattorah.com/oh/253/synthese/he,he,shabbat,253,,3-Synthese,sources/shabbat/siman-253/niveau-3-synthese-he.html,סימן <bdi>רנ״ג</bdi> · רמה 3 סיכום מקיף | דעת,200 (fichier présent),oui,oui,
https://daattorah.com/oh/253/synthese,fr,shabbat,253,,3-Synthese,sources/shabbat/siman-253/niveau-3-synthese.html,Siman <bdi>רנ״ג</bdi> · Niveau 3 Synthèse Magistrale | DAAT,200 (fichier présent),oui,oui,
https://daattorah.com/oh/253/daat-harav/en,en,shabbat,253,,4-DaatHaRav,sources/shabbat/siman-253/niveau-4-daat-harav-en.html,Siman 253 · Level 4 — Shitah of the Alter Rebbe on | Hilkhot Shabbat,200 (fichier présent),oui,oui,
https://daattorah.com/oh/253/daat-harav/he,he,shabbat,253,,4-DaatHaRav,sources/shabbat/siman-253/niveau-4-daat-harav-he.html,סימן רנ״ג · רמה 4 דעת הרב — שיטת אדמו״ר הזקן | דעת,200 (fichier présent),oui,oui,
https://daattorah.com/oh/253/daat-harav,fr,shabbat,253,,4-DaatHaRav,sources/shabbat/siman-253/niveau-4-daat-harav.html,Siman 253 · Niveau 4 — Chitah de l'Admour HaZaken | Hilkhot Shabbat,200 (fichier présent),oui,oui,
https://daattorah.com/oh/254/en,en,shabbat,254,,Index,sources/shabbat/siman-254/index-en.html,Siman 254 — Foods prepared on Erev Shabbos that | Hilkhot Shabbat,200 (fichier présent),oui,oui,
https://daattorah.com/oh/254/he,he,shabbat,254,,Index,sources/shabbat/siman-254/index-he.html,סימן רנ״ד — דיני תבשילים המוכנים מערב שבת כדי להיגמר בשבת | הלכות שבת,200 (fichier présent),oui,oui,
https://daattorah.com/oh/254/,fr,shabbat,254,,Index,sources/shabbat/siman-254/index.html,Siman 254 — Plats préparés érev Shabbat pour | Hilkhot Shabbat,200 (fichier présent),oui,oui,
https://daattorah.com/oh/254/base/en,en,shabbat,254,,1-Base,sources/shabbat/siman-254/niveau-1-base-en.html,"Siman <bdi>רנ״ד</bdi> · Level 1 Intro — Roasting, Baking | Hilkhot Shabbat",200 (fichier présent),oui,oui,
https://daattorah.com/oh/254/base/he,he,shabbat,254,,1-Base,sources/shabbat/siman-254/niveau-1-base-he.html,"סימן <bdi>רנ״ד</bdi> · רמה 1 התחלה — צלייה, אפייה, פת בתנור | דעת",200 (fichier présent),oui,oui,
https://daattorah.com/oh/254/base,fr,shabbat,254,,1-Base,sources/shabbat/siman-254/niveau-1-base.html,"Siman <bdi>רנ״ד</bdi> · Niveau 1 Base — Rôtir, cuire, pain au four | DAAT",200 (fichier présent),oui,oui,
https://daattorah.com/oh/254/lamdan/en,en,shabbat,254,,2-Lamdan,sources/shabbat/siman-254/niveau-2-lamdan-en.html,"Siman <bdi>רנ״ד</bdi> · Level 2 Lamdan — צלי, גדי vs שור, קרימת פנים | DAAT",200 (fichier présent),oui,oui,
https://daattorah.com/oh/254/lamdan/he,he,shabbat,254,,2-Lamdan,sources/shabbat/siman-254/niveau-2-lamdan-he.html,"Siman <bdi>רנ״ד</bdi> · רמה 2 Lamdan — צלי, גדי vs שור, קרימת פנים | DAAT",200 (fichier présent),oui,oui,
https://daattorah.com/oh/254/lamdan,fr,shabbat,254,,2-Lamdan,sources/shabbat/siman-254/niveau-2-lamdan.html,"Siman <bdi>רנ״ד</bdi> · Niveau 2 Lamdan — צלי, גדי vs שור, קרימת פנים | DAAT",200 (fichier présent),oui,oui,
https://daattorah.com/oh/254/synthese/en,en,shabbat,254,,3-Synthese,sources/shabbat/siman-254/niveau-3-synthese-en.html,Siman <bdi>רנ״ד</bdi> · Level 3 Synthesis | DAAT,200 (fichier présent),oui,oui,
https://daattorah.com/oh/254/synthese/he,he,shabbat,254,,3-Synthese,sources/shabbat/siman-254/niveau-3-synthese-he.html,סימן <bdi>רנ״ד</bdi> · רמה 3 סיכום מקיף | דעת,200 (fichier présent),oui,oui,
https://daattorah.com/oh/254/synthese,fr,shabbat,254,,3-Synthese,sources/shabbat/siman-254/niveau-3-synthese.html,Siman <bdi>רנ״ד</bdi> · Niveau 3 Synthèse Magistrale | DAAT,200 (fichier présent),oui,oui,
https://daattorah.com/oh/254/daat-harav/en,en,shabbat,254,,4-DaatHaRav,sources/shabbat/siman-254/niveau-4-daat-harav-en.html,Siman 254 · Level 4 — Shitah of the Alter Rebbe | Hilkhot Shabbat,200 (fichier présent),oui,oui,
https://daattorah.com/oh/254/daat-harav/he,he,shabbat,254,,4-DaatHaRav,sources/shabbat/siman-254/niveau-4-daat-harav-he.html,סימן רנ״ד · רמה 4 דעת הרב — שיטת אדמו״ר הזקן | דעת,200 (fichier présent),oui,oui,
https://daattorah.com/oh/254/daat-harav,fr,shabbat,254,,4-DaatHaRav,sources/shabbat/siman-254/niveau-4-daat-harav.html,Siman 254 · Niveau 4 — Chitah de l'Admour HaZaken | Hilkhot Shabbat,200 (fichier présent),oui,oui,
https://daattorah.com/oh/255/en,en,shabbat,255,,Index,sources/shabbat/siman-255/index-en.html,Siman 255 — Preparing the fire before Shabbos begins | Hilkhot Shabbat,200 (fichier présent),oui,oui,
https://daattorah.com/oh/255/he,he,shabbat,255,,Index,sources/shabbat/siman-255/index-he.html,סימן רנ״ה — הכנת האש קודם הכנסת שבת · שולחן ערוך · לימוד בעברית | DAAT,200 (fichier présent),oui,oui,
https://daattorah.com/oh/255/,fr,shabbat,255,,Index,sources/shabbat/siman-255/index.html,Siman 255 — Préparation du feu avant l'entrée de | Hilkhot Shabbat,200 (fichier présent),oui,oui,
https://daattorah.com/oh/255/base/en,en,shabbat,255,,1-Base,sources/shabbat/siman-255/niveau-1-base-en.html,Siman <bdi>רנ״ה</bdi> · Level 1 Introduction — Preparing the Fi | Hilkhot Shabbat,200 (fichier présent),oui,oui,
https://daattorah.com/oh/255/base/he,he,shabbat,255,,1-Base,sources/shabbat/siman-255/niveau-1-base-he.html,סימן <bdi>רנ״ה</bdi> · רמה 1 התחלה — הכנת האש לפני שבת | דעת,200 (fichier présent),oui,oui,
https://daattorah.com/oh/255/base,fr,shabbat,255,,1-Base,sources/shabbat/siman-255/niveau-1-base.html,Siman <bdi>רנ״ה</bdi> · Niveau 1 Base — Préparation du feu avant Shabbat | DAAT,200 (fichier présent),oui,oui,
https://daattorah.com/oh/255/lamdan/en,en,shabbat,255,,2-Lamdan,sources/shabbat/siman-255/niveau-2-lamdan-en.html,"Siman <bdi>רנ״ה</bdi> · Level 2 Lamdan — שלהבת עולה מאליה, חיתוי, מינים | DAAT",200 (fichier présent),oui,oui,
https://daattorah.com/oh/255/lamdan/he,he,shabbat,255,,2-Lamdan,sources/shabbat/siman-255/niveau-2-lamdan-he.html,"Siman <bdi>רנ״ה</bdi> · רמה 2 Lamdan — שלהבת עולה מאליה, חיתוי, מינים | DAAT",200 (fichier présent),oui,oui,
https://daattorah.com/oh/255/lamdan,fr,shabbat,255,,2-Lamdan,sources/shabbat/siman-255/niveau-2-lamdan.html,"Siman <bdi>רנ״ה</bdi> · Niveau 2 Lamdan — שלהבת עולה מאליה, חיתוי, מינים | DAAT",200 (fichier présent),oui,oui,
https://daattorah.com/oh/255/synthese/en,en,shabbat,255,,3-Synthese,sources/shabbat/siman-255/niveau-3-synthese-en.html,Siman <bdi>רנ״ה</bdi> · Level 3 Synthesis | DAAT,200 (fichier présent),oui,oui,
https://daattorah.com/oh/255/synthese/he,he,shabbat,255,,3-Synthese,sources/shabbat/siman-255/niveau-3-synthese-he.html,סימן <bdi>רנ״ה</bdi> · רמה 3 סיכום מקיף | דעת,200 (fichier présent),oui,oui,
https://daattorah.com/oh/255/synthese,fr,shabbat,255,,3-Synthese,sources/shabbat/siman-255/niveau-3-synthese.html,Siman <bdi>רנ״ה</bdi> · Niveau 3 Synthèse Magistrale | DAAT,200 (fichier présent),oui,oui,
https://daattorah.com/oh/255/daat-harav/en,en,shabbat,255,,4-DaatHaRav,sources/shabbat/siman-255/niveau-4-daat-harav-en.html,Siman 255 · Level 4 — Shitah of the Alter Rebbe | Hilkhot Shabbat,200 (fichier présent),oui,oui,
https://daattorah.com/oh/255/daat-harav/he,he,shabbat,255,,4-DaatHaRav,sources/shabbat/siman-255/niveau-4-daat-harav-he.html,סימן רנ״ה · רמה 4 דעת הרב — שיטת אדמו״ר הזקן | דעת,200 (fichier présent),oui,oui,
https://daattorah.com/oh/255/daat-harav,fr,shabbat,255,,4-DaatHaRav,sources/shabbat/siman-255/niveau-4-daat-harav.html,Siman 255 · Niveau 4 — Chitah de l'Admour HaZaken | Hilkhot Shabbat,200 (fichier présent),oui,oui,
https://daattorah.com/oh/256/en,en,shabbat,256,,Index,sources/shabbat/siman-256/index-en.html,Siman 256 — The 6 shofar blasts before Shabbos | Hilkhot Shabbat,200 (fichier présent),oui,oui,
https://daattorah.com/oh/256/he,he,shabbat,256,,Index,sources/shabbat/siman-256/index-he.html,סימן רנ״ו — שש תקיעות שהיו תוקעין בערב שבת | הלכות שבת,200 (fichier présent),oui,oui,
https://daattorah.com/oh/256/,fr,shabbat,256,,Index,sources/shabbat/siman-256/index.html,Siman 256 — Les 6 sonneries de shofar avant Shabbat | Hilkhot Shabbat,200 (fichier présent),oui,oui,
https://daattorah.com/oh/256/base/en,en,shabbat,256,,1-Base,sources/shabbat/siman-256/niveau-1-base-en.html,Siman <bdi>רנ״ו</bdi> · Level 1 Base — The 6 tekiyos before Shabbos | DAAT,200 (fichier présent),oui,oui,
https://daattorah.com/oh/256/base/he,he,shabbat,256,,1-Base,sources/shabbat/siman-256/niveau-1-base-he.html,סימן <bdi>רנ״ו</bdi> · רמה 1 בסיס — שש תקיעות לפני שבת | DAAT,200 (fichier présent),oui,oui,
https://daattorah.com/oh/256/base,fr,shabbat,256,,1-Base,sources/shabbat/siman-256/niveau-1-base.html,Siman <bdi>רנ״ו</bdi> · Niveau 1 Base — Les 6 tekiot avant Shabbat | DAAT,200 (fichier présent),oui,oui,
https://daattorah.com/oh/256/lamdan/en,en,shabbat,256,,2-Lamdan,sources/shabbat/siman-256/niveau-2-lamdan-en.html,"Siman <bdi>רנ״ו</bdi> · Level 2 Lamdan — סוגיית 6 תקיעות, מעמד התקנה | DAAT",200 (fichier présent),oui,oui,
https://daattorah.com/oh/256/lamdan/he,he,shabbat,256,,2-Lamdan,sources/shabbat/siman-256/niveau-2-lamdan-he.html,"Siman <bdi>רנ״ו</bdi> · רמה 2 Lamdan — סוגיית 6 תקיעות, מעמד התקנה | DAAT",200 (fichier présent),oui,oui,
https://daattorah.com/oh/256/lamdan,fr,shabbat,256,,2-Lamdan,sources/shabbat/siman-256/niveau-2-lamdan.html,"Siman <bdi>רנ״ו</bdi> · Niveau 2 Lamdan — סוגיית 6 תקיעות, מעמד התקנה | DAAT",200 (fichier présent),oui,oui,
https://daattorah.com/oh/256/synthese/en,en,shabbat,256,,3-Synthese,sources/shabbat/siman-256/niveau-3-synthese-en.html,Siman <bdi>רנ״ו</bdi> · Level 3 Master Synthesis | DAAT,200 (fichier présent),oui,oui,
https://daattorah.com/oh/256/synthese/he,he,shabbat,256,,3-Synthese,sources/shabbat/siman-256/niveau-3-synthese-he.html,סימן <bdi>רנ״ו</bdi> · רמה 3 סיכום מאסטרלי | DAAT,200 (fichier présent),oui,oui,
https://daattorah.com/oh/256/synthese,fr,shabbat,256,,3-Synthese,sources/shabbat/siman-256/niveau-3-synthese.html,Siman <bdi>רנ״ו</bdi> · Niveau 3 Synthèse Magistrale | DAAT,200 (fichier présent),oui,oui,
https://daattorah.com/oh/256/daat-harav/en,en,shabbat,256,,4-DaatHaRav,sources/shabbat/siman-256/niveau-4-daat-harav-en.html,Siman 256 · Level 4 — Shitah of the Alter Rebbe | Hilkhot Shabbat,200 (fichier présent),oui,oui,
https://daattorah.com/oh/256/daat-harav/he,he,shabbat,256,,4-DaatHaRav,sources/shabbat/siman-256/niveau-4-daat-harav-he.html,סימן (סימן) 256 · רמה 4 דעת הרב — שיטת אדמו״ר הזקן | DAAT,200 (fichier présent),oui,oui,
https://daattorah.com/oh/256/daat-harav,fr,shabbat,256,,4-DaatHaRav,sources/shabbat/siman-256/niveau-4-daat-harav.html,Siman 256 · Niveau 4 — Chitah de l'Admour HaZaken | Hilkhot Shabbat,200 (fichier présent),oui,oui,
https://daattorah.com/oh/257/en,en,shabbat,257,,Index,sources/shabbat/siman-257/index-en.html,Siman 257 — The Laws of Hatmana | Hilkhot Shabbat,200 (fichier présent),oui,oui,
https://daattorah.com/oh/257/he,he,shabbat,257,,Index,sources/shabbat/siman-257/index-he.html,סימן רנ״ז — דיני הטמנת החמין לפני שבת | הלכות שבת,200 (fichier présent),oui,oui,
https://daattorah.com/oh/257/,fr,shabbat,257,,Index,sources/shabbat/siman-257/index.html,Siman 257 — Les règles du hatmana | Hilkhot Shabbat,200 (fichier présent),oui,oui,
https://daattorah.com/oh/257/base/en,en,shabbat,257,,1-Base,sources/shabbat/siman-257/niveau-1-base-en.html,Siman <bdi>רנ״ז</bdi> · Level 1 Base — Hatmana (wrapping hot food) | DAAT,200 (fichier présent),oui,oui,
https://daattorah.com/oh/257/base/he,he,shabbat,257,,1-Base,sources/shabbat/siman-257/niveau-1-base-he.html,סימן <bdi>רנ״ז</bdi> · רמה 1 בסיס — הטמנה (עטיפת תבשילים חמים) | דעת,200 (fichier présent),oui,oui,
https://daattorah.com/oh/257/base,fr,shabbat,257,,1-Base,sources/shabbat/siman-257/niveau-1-base.html,Siman <bdi>רנ״ז</bdi> · Niveau 1 — הטמנה (envelopper les plats | Hilkhot Shabbat,200 (fichier présent),oui,oui,
https://daattorah.com/oh/257/lamdan/en,en,shabbat,257,,2-Lamdan,sources/shabbat/siman-257/niveau-2-lamdan-en.html,"Siman <bdi>רנ״ז</bdi> · Level 2 Lamdan — סוגיית במה טומנין, מוסיף הבל | DAAT",200 (fichier présent),oui,oui,
https://daattorah.com/oh/257/lamdan/he,he,shabbat,257,,2-Lamdan,sources/shabbat/siman-257/niveau-2-lamdan-he.html,"Siman <bdi>רנ״ז</bdi> · רמה 2 Lamdan — סוגיית במה טומנין, מוסיף הבל | DAAT",200 (fichier présent),oui,oui,
https://daattorah.com/oh/257/lamdan,fr,shabbat,257,,2-Lamdan,sources/shabbat/siman-257/niveau-2-lamdan.html,"Siman <bdi>רנ״ז</bdi> · Niveau 2 Lamdan — סוגיית במה טומנין, מוסיף הבל | DAAT",200 (fichier présent),oui,oui,
https://daattorah.com/oh/257/synthese/en,en,shabbat,257,,3-Synthese,sources/shabbat/siman-257/niveau-3-synthese-en.html,Siman <bdi>רנ״ז</bdi> · Level 3 Magisterial Synthesis | DAAT,200 (fichier présent),oui,oui,
https://daattorah.com/oh/257/synthese/he,he,shabbat,257,,3-Synthese,sources/shabbat/siman-257/niveau-3-synthese-he.html,סימן <bdi>רנ״ז</bdi> · רמה 3 סיכום מקיף | דעת,200 (fichier présent),oui,oui,
https://daattorah.com/oh/257/synthese,fr,shabbat,257,,3-Synthese,sources/shabbat/siman-257/niveau-3-synthese.html,Siman <bdi>רנ״ז</bdi> · Niveau 3 Synthèse Magistrale | DAAT,200 (fichier présent),oui,oui,
https://daattorah.com/oh/257/daat-harav/en,en,shabbat,257,,4-DaatHaRav,sources/shabbat/siman-257/niveau-4-daat-harav-en.html,Siman 257 · Level 4 — Shitah of the Alter Rebbe | Hilkhot Shabbat,200 (fichier présent),oui,oui,
https://daattorah.com/oh/257/daat-harav/he,he,shabbat,257,,4-DaatHaRav,sources/shabbat/siman-257/niveau-4-daat-harav-he.html,סימן רנ״ז · רמה 4 דעת הרב — שיטת אדמו״ר הזקן | דעת,200 (fichier présent),oui,oui,
https://daattorah.com/oh/257/daat-harav,fr,shabbat,257,,4-DaatHaRav,sources/shabbat/siman-257/niveau-4-daat-harav.html,Siman 257 · Niveau 4 — Chitah de l'Admour HaZaken | Hilkhot Shabbat,200 (fichier présent),oui,oui,
https://daattorah.com/oh/258/en,en,shabbat,258,,Index,sources/shabbat/siman-258/index-en.html,Siman 258 — Permission to Place a Cold Item on a | Hilkhot Shabbat,200 (fichier présent),oui,oui,
https://daattorah.com/oh/258/he,he,shabbat,258,,Index,sources/shabbat/siman-258/index-he.html,סימן רנ״ח — היתר להניח דבר קר על דבר חם לפני שבת | הלכות שבת,200 (fichier présent),oui,oui,
https://daattorah.com/oh/258/,fr,shabbat,258,,Index,sources/shabbat/siman-258/index.html,Siman 258 — Permis de placer un plat froid sur un | Hilkhot Shabbat,200 (fichier présent),oui,oui,
https://daattorah.com/oh/258/base/en,en,shabbat,258,,1-Base,sources/shabbat/siman-258/niveau-1-base-en.html,Siman <bdi>רנ״ח</bdi> · Level 1 Base — Cold dish on hot pot | DAAT,200 (fichier présent),oui,oui,
https://daattorah.com/oh/258/base/he,he,shabbat,258,,1-Base,sources/shabbat/siman-258/niveau-1-base-he.html,סימן <bdi>רנ״ח</bdi> · רמה 1 בסיס — קדרה קרה על קדרה חמה | דעת,200 (fichier présent),oui,oui,
https://daattorah.com/oh/258/base,fr,shabbat,258,,1-Base,sources/shabbat/siman-258/niveau-1-base.html,Siman <bdi>רנ״ח</bdi> · Niveau 1 Base — Plat froid sur marmite chaude | DAAT,200 (fichier présent),oui,oui,
https://daattorah.com/oh/258/lamdan/en,en,shabbat,258,,2-Lamdan,sources/shabbat/siman-258/niveau-2-lamdan-en.html,Siman <bdi>רנ״ח</bdi> · Level 2 Lamdan — הנחה על קדירה חמה | DAAT,200 (fichier présent),oui,oui,
https://daattorah.com/oh/258/lamdan/he,he,shabbat,258,,2-Lamdan,sources/shabbat/siman-258/niveau-2-lamdan-he.html,Siman <bdi>רנ״ח</bdi> · רמה 2 Lamdan — הנחה על קדירה חמה | DAAT,200 (fichier présent),oui,oui,
https://daattorah.com/oh/258/lamdan,fr,shabbat,258,,2-Lamdan,sources/shabbat/siman-258/niveau-2-lamdan.html,Siman <bdi>רנ״ח</bdi> · Niveau 2 Lamdan — הנחה על קדירה חמה | DAAT,200 (fichier présent),oui,oui,
https://daattorah.com/oh/258/synthese/en,en,shabbat,258,,3-Synthese,sources/shabbat/siman-258/niveau-3-synthese-en.html,Siman <bdi>רנ״ח</bdi> · Level 3 Masterful Synthesis | DAAT,200 (fichier présent),oui,oui,
https://daattorah.com/oh/258/synthese/he,he,shabbat,258,,3-Synthese,sources/shabbat/siman-258/niveau-3-synthese-he.html,סימן <bdi>רנ״ח</bdi> · רמה 3 סינתזה מקיפה | דעת,200 (fichier présent),oui,oui,
https://daattorah.com/oh/258/synthese,fr,shabbat,258,,3-Synthese,sources/shabbat/siman-258/niveau-3-synthese.html,Siman <bdi>רנ״ח</bdi> · Niveau 3 Synthèse Magistrale | DAAT,200 (fichier présent),oui,oui,
https://daattorah.com/oh/258/daat-harav/en,en,shabbat,258,,4-DaatHaRav,sources/shabbat/siman-258/niveau-4-daat-harav-en.html,Siman 258 · Level 4 Daat HaRav — Shita of the Alter Rebbe | DAAT,200 (fichier présent),oui,oui,
https://daattorah.com/oh/258/daat-harav/he,he,shabbat,258,,4-DaatHaRav,sources/shabbat/siman-258/niveau-4-daat-harav-he.html,סימן (סימן) רנ״ח · רמה 4 דעת הרב — שיטת אדמו״ר הזקן | דעת,200 (fichier présent),oui,oui,
https://daattorah.com/oh/258/daat-harav,fr,shabbat,258,,4-DaatHaRav,sources/shabbat/siman-258/niveau-4-daat-harav.html,Siman 258 · Niveau 4 — Chitah de l'Admour HaZaken | Hilkhot Shabbat,200 (fichier présent),oui,oui,
https://daattorah.com/oh/259/en,en,shabbat,259,,Index,sources/shabbat/siman-259/index-en.html,Siman 259 — Additional laws of hatmanah and their | Hilkhot Shabbat,200 (fichier présent),oui,oui,
https://daattorah.com/oh/259/he,he,shabbat,259,,Index,sources/shabbat/siman-259/index-he.html,סימן רנ״ט — כמה דיני הטמנה וטלטולם בשבת | הלכות שבת,200 (fichier présent),oui,oui,
https://daattorah.com/oh/259/,fr,shabbat,259,,Index,sources/shabbat/siman-259/index.html,Siman 259 — Règles supplémentaires de hatmana et | Hilkhot Shabbat,200 (fichier présent),oui,oui,
https://daattorah.com/oh/259/base/en,en,shabbat,259,,1-Base,sources/shabbat/siman-259/niveau-1-base-en.html,Siman <bdi>רנ״ט</bdi> · Level 1 Base — Hatmana and moving on Shabbat | DAAT,200 (fichier présent),oui,oui,
https://daattorah.com/oh/259/base/he,he,shabbat,259,,1-Base,sources/shabbat/siman-259/niveau-1-base-he.html,סימן <bdi>רנ״ט</bdi> · רמה 1 בסיס — הטמנה וטלטולם בשבת | דעת,200 (fichier présent),oui,oui,
https://daattorah.com/oh/259/base,fr,shabbat,259,,1-Base,sources/shabbat/siman-259/niveau-1-base.html,Siman <bdi>רנ״ט</bdi> · Niveau 1 Base — Hatmana et déplacement Shabbat | DAAT,200 (fichier présent),oui,oui,
https://daattorah.com/oh/259/lamdan/en,en,shabbat,259,,2-Lamdan,sources/shabbat/siman-259/niveau-2-lamdan-en.html,"Siman <bdi>רנ״ט</bdi> · Level 2 Lamdan — סוגיית מוכין, ייחוד, גורם בישול | DAAT",200 (fichier présent),oui,oui,
https://daattorah.com/oh/259/lamdan/he,he,shabbat,259,,2-Lamdan,sources/shabbat/siman-259/niveau-2-lamdan-he.html,"Siman <bdi>רנ״ט</bdi> · רמה 2 Lamdan — סוגיית מוכין, ייחוד, גורם בישול | DAAT",200 (fichier présent),oui,oui,
https://daattorah.com/oh/259/lamdan,fr,shabbat,259,,2-Lamdan,sources/shabbat/siman-259/niveau-2-lamdan.html,"Siman <bdi>רנ״ט</bdi> · Niveau 2 Lamdan — סוגיית מוכין, ייחוד, גורם בישול | DAAT",200 (fichier présent),oui,oui,
https://daattorah.com/oh/259/synthese/en,en,shabbat,259,,3-Synthese,sources/shabbat/siman-259/niveau-3-synthese-en.html,Siman <bdi>רנ״ט</bdi> · Level 3 Master Synthesis | DAAT,200 (fichier présent),oui,oui,
https://daattorah.com/oh/259/synthese/he,he,shabbat,259,,3-Synthese,sources/shabbat/siman-259/niveau-3-synthese-he.html,סימן רנ״ט · רמה 3 — סיכום | דעת,200 (fichier présent),oui,oui,
https://daattorah.com/oh/259/synthese,fr,shabbat,259,,3-Synthese,sources/shabbat/siman-259/niveau-3-synthese.html,Siman <bdi>רנ״ט</bdi> · Niveau 3 Synthèse Magistrale | DAAT,200 (fichier présent),oui,oui,
https://daattorah.com/oh/259/daat-harav/en,en,shabbat,259,,4-DaatHaRav,sources/shabbat/siman-259/niveau-4-daat-harav-en.html,Siman 259 · Level 4 — Shitah of the Alter Rebbe | Hilkhot Shabbat,200 (fichier présent),oui,oui,
https://daattorah.com/oh/259/daat-harav/he,he,shabbat,259,,4-DaatHaRav,sources/shabbat/siman-259/niveau-4-daat-harav-he.html,סימן רנ״ט · רמה 4 דעת הרב — שיטת אדמו״ר הזקן | דעת,200 (fichier présent),oui,oui,
https://daattorah.com/oh/259/daat-harav,fr,shabbat,259,,4-DaatHaRav,sources/shabbat/siman-259/niveau-4-daat-harav.html,Siman 259 · Niveau 4 — Chitah de l'Admour HaZaken | Hilkhot Shabbat,200 (fichier présent),oui,oui,
https://daattorah.com/oh/260/en,en,shabbat,260,,Index,sources/shabbat/siman-260/index-en.html,Siman 260 — Laws of welcoming Shabbos (mikveh | Hilkhot Shabbat,200 (fichier présent),oui,oui,
https://daattorah.com/oh/260/he,he,shabbat,260,,Index,sources/shabbat/siman-260/index-he.html,סימן ר״ס — כמה דיני הכנסת שבת · שולחן ערוך · לימוד בעברית | DAAT,200 (fichier présent),oui,oui,
https://daattorah.com/oh/260/,fr,shabbat,260,,Index,sources/shabbat/siman-260/index.html,Siman 260 — Règles d'entrée dans Shabbat (mikva | Hilkhot Shabbat,200 (fichier présent),oui,oui,
https://daattorah.com/oh/260/base/en,en,shabbat,260,,1-Base,sources/shabbat/siman-260/niveau-1-base-en.html,Siman <bdi>ר״ס</bdi> · Level 1 Base — Personal Preparations for Shabbat | DAAT,200 (fichier présent),oui,oui,
https://daattorah.com/oh/260/base/he,he,shabbat,260,,1-Base,sources/shabbat/siman-260/niveau-1-base-he.html,סימן ר״ס · רמה 1 בסיס — הכנת הגוף לכניסת שבת | דעת,200 (fichier présent),oui,oui,
https://daattorah.com/oh/260/base,fr,shabbat,260,,1-Base,sources/shabbat/siman-260/niveau-1-base.html,Siman <bdi>ר״ס</bdi> · Niveau 1 — Préparatifs personnels | Hilkhot Shabbat,200 (fichier présent),oui,oui,
https://daattorah.com/oh/260/lamdan/en,en,shabbat,260,,2-Lamdan,sources/shabbat/siman-260/niveau-2-lamdan-en.html,"Siman <bdi>ר״ס</bdi> · Level 2 Lamdan — סוגיית רחיצה, סדר הצפרניים | DAAT",200 (fichier présent),oui,oui,
https://daattorah.com/oh/260/lamdan/he,he,shabbat,260,,2-Lamdan,sources/shabbat/siman-260/niveau-2-lamdan-he.html,"Siman <bdi>ר״ס</bdi> · רמה 2 Lamdan — סוגיית רחיצה, סדר הצפרניים | DAAT",200 (fichier présent),oui,oui,
https://daattorah.com/oh/260/lamdan,fr,shabbat,260,,2-Lamdan,sources/shabbat/siman-260/niveau-2-lamdan.html,"Siman <bdi>ר״ס</bdi> · Niveau 2 Lamdan — סוגיית רחיצה, סדר הצפרניים | DAAT",200 (fichier présent),oui,oui,
https://daattorah.com/oh/260/synthese/en,en,shabbat,260,,3-Synthese,sources/shabbat/siman-260/niveau-3-synthese-en.html,Siman <bdi>ר״ס</bdi> · Level 3 Comprehensive Synthesis | DAAT,200 (fichier présent),oui,oui,
https://daattorah.com/oh/260/synthese/he,he,shabbat,260,,3-Synthese,sources/shabbat/siman-260/niveau-3-synthese-he.html,סימן ר״ס · רמה 3 סיכום מקיף | דעת,200 (fichier présent),oui,oui,
https://daattorah.com/oh/260/synthese,fr,shabbat,260,,3-Synthese,sources/shabbat/siman-260/niveau-3-synthese.html,Siman <bdi>ר״ס</bdi> · Niveau 3 Synthèse Magistrale | DAAT,200 (fichier présent),oui,oui,
https://daattorah.com/oh/260/daat-harav/en,en,shabbat,260,,4-DaatHaRav,sources/shabbat/siman-260/niveau-4-daat-harav-en.html,Siman 260 · Level 4 Daat HaRav — Shitah of the Alter Rebbe | DAAT,200 (fichier présent),oui,oui,
https://daattorah.com/oh/260/daat-harav/he,he,shabbat,260,,4-DaatHaRav,sources/shabbat/siman-260/niveau-4-daat-harav-he.html,סימן ר״ס · רמה 4 דעת הרב — שיטת אדמו״ר הזקן | דעת,200 (fichier présent),oui,oui,
https://daattorah.com/oh/260/daat-harav,fr,shabbat,260,,4-DaatHaRav,sources/shabbat/siman-260/niveau-4-daat-harav.html,Siman 260 · Niveau 4 — Chitah de l'Admour HaZaken | Hilkhot Shabbat,200 (fichier présent),oui,oui,
https://daattorah.com/oh/261/en,en,shabbat,261,,Index,sources/shabbat/siman-261/index-en.html,Siman 261 — The time for lighting the Shabbos | Hilkhot Shabbat,200 (fichier présent),oui,oui,
https://daattorah.com/oh/261/he,he,shabbat,261,,Index,sources/shabbat/siman-261/index-he.html,סימן רס״א — זמן הדלקת נרות לשבת · שולחן ערוך · לימוד בעברית | DAAT,200 (fichier présent),oui,oui,
https://daattorah.com/oh/261/,fr,shabbat,261,,Index,sources/shabbat/siman-261/index.html,Siman 261 — Le moment de l'allumage des bougies de | Hilkhot Shabbat,200 (fichier présent),oui,oui,
https://daattorah.com/oh/261/base/en,en,shabbat,261,,1-Base,sources/shabbat/siman-261/niveau-1-base-en.html,Siman <bdi>רס״א</bdi> · Level 1 Base — Time of Candle Lighting | DAAT,200 (fichier présent),oui,oui,
https://daattorah.com/oh/261/base/he,he,shabbat,261,,1-Base,sources/shabbat/siman-261/niveau-1-base-he.html,סימן <bdi>רס״א</bdi> · רמה 1 בסיס — זמן הדלקת הנרות | DAAT,200 (fichier présent),oui,oui,
https://daattorah.com/oh/261/base,fr,shabbat,261,,1-Base,sources/shabbat/siman-261/niveau-1-base.html,Siman <bdi>רס״א</bdi> · Niveau 1 — Le moment de l'allumage des | Hilkhot Shabbat,200 (fichier présent),oui,oui,
https://daattorah.com/oh/261/lamdan/en,en,shabbat,261,,2-Lamdan,sources/shabbat/siman-261/niveau-2-lamdan-en.html,"Siman <bdi>רס״א</bdi> · Level 2 Lamdan — בין השמשות, תוספת שבת | DAAT",200 (fichier présent),oui,oui,
https://daattorah.com/oh/261/lamdan/he,he,shabbat,261,,2-Lamdan,sources/shabbat/siman-261/niveau-2-lamdan-he.html,"Siman <bdi>רס״א</bdi> · רמה 2 Lamdan — בין השמשות, תוספת שבת | DAAT",200 (fichier présent),oui,oui,
https://daattorah.com/oh/261/lamdan,fr,shabbat,261,,2-Lamdan,sources/shabbat/siman-261/niveau-2-lamdan.html,"Siman <bdi>רס״א</bdi> · Niveau 2 Lamdan — בין השמשות, תוספת שבת | DAAT",200 (fichier présent),oui,oui,
https://daattorah.com/oh/261/synthese/en,en,shabbat,261,,3-Synthese,sources/shabbat/siman-261/niveau-3-synthese-en.html,Siman <bdi>רס״א</bdi> · Level 3 Master Synthesis | DAAT,200 (fichier présent),oui,oui,
https://daattorah.com/oh/261/synthese/he,he,shabbat,261,,3-Synthese,sources/shabbat/siman-261/niveau-3-synthese-he.html,סימן <bdi>רס״א</bdi> · רמה 3 סינתזה מגיסטרלית | DAAT,200 (fichier présent),oui,oui,
https://daattorah.com/oh/261/synthese,fr,shabbat,261,,3-Synthese,sources/shabbat/siman-261/niveau-3-synthese.html,Siman <bdi>רס״א</bdi> · Niveau 3 Synthèse Magistrale | DAAT,200 (fichier présent),oui,oui,
https://daattorah.com/oh/261/daat-harav/en,en,shabbat,261,,4-DaatHaRav,sources/shabbat/siman-261/niveau-4-daat-harav-en.html,Siman 261 · Level 4 — Shitah of the Alter Rebbe | Hilkhot Shabbat,200 (fichier présent),oui,oui,
https://daattorah.com/oh/261/daat-harav/he,he,shabbat,261,,4-DaatHaRav,sources/shabbat/siman-261/niveau-4-daat-harav-he.html,סימן רס״א · רמה 4 דעת הרב — שיטת אדמו״ר הזקן | DAAT,200 (fichier présent),oui,oui,
https://daattorah.com/oh/261/daat-harav,fr,shabbat,261,,4-DaatHaRav,sources/shabbat/siman-261/niveau-4-daat-harav.html,Siman 261 · Niveau 4 — Chitah de l'Admour HaZaken | Hilkhot Shabbat,200 (fichier présent),oui,oui,
https://daattorah.com/oh/262/en,en,shabbat,262,,Index,sources/shabbat/siman-262/index-en.html,Siman 262 — Sanctifying Shabbos through a set table | Hilkhot Shabbat,200 (fichier présent),oui,oui,
https://daattorah.com/oh/262/he,he,shabbat,262,,Index,sources/shabbat/siman-262/index-he.html,סימן רס״ב — לקדש את השבת בשולחן ערוך ובכסות נקייה | הלכות שבת,200 (fichier présent),oui,oui,
https://daattorah.com/oh/262/,fr,shabbat,262,,Index,sources/shabbat/siman-262/index.html,Siman 262 — Sanctifier Shabbat avec table dressée | Hilkhot Shabbat,200 (fichier présent),oui,oui,
https://daattorah.com/oh/262/base/en,en,shabbat,262,,1-Base,sources/shabbat/siman-262/niveau-1-base-en.html,Siman <bdi>רס״ב</bdi> · Level 1 — Sanctifying Shabbat through | Hilkhot Shabbat,200 (fichier présent),oui,oui,
https://daattorah.com/oh/262/base/he,he,shabbat,262,,1-Base,sources/shabbat/siman-262/niveau-1-base-he.html,סימן <bdi>רס״ב</bdi> · רמה 1 בסיס — לקדש את השבת בשולחן ערוך ובכסות נקיה | דעת,200 (fichier présent),oui,oui,
https://daattorah.com/oh/262/base,fr,shabbat,262,,1-Base,sources/shabbat/siman-262/niveau-1-base.html,Siman <bdi>רס״ב</bdi> · Niveau 1 — Sanctifier Shabbat par la | Hilkhot Shabbat,200 (fichier présent),oui,oui,
https://daattorah.com/oh/262/lamdan/en,en,shabbat,262,,2-Lamdan,sources/shabbat/siman-262/niveau-2-lamdan-en.html,"Siman <bdi>רס״ב</bdi> · Level 2 Lamdan — אגדת ר' חנינא ור' ינאי, כבוד שבת | DAAT",200 (fichier présent),oui,oui,
https://daattorah.com/oh/262/lamdan/he,he,shabbat,262,,2-Lamdan,sources/shabbat/siman-262/niveau-2-lamdan-he.html,"Siman <bdi>רס״ב</bdi> · רמה 2 Lamdan — אגדת ר' חנינא ור' ינאי, כבוד שבת | DAAT",200 (fichier présent),oui,oui,
https://daattorah.com/oh/262/lamdan,fr,shabbat,262,,2-Lamdan,sources/shabbat/siman-262/niveau-2-lamdan.html,"Siman <bdi>רס״ב</bdi> · Niveau 2 Lamdan — אגדת ר' חנינא ור' ינאי, כבוד שבת | DAAT",200 (fichier présent),oui,oui,
https://daattorah.com/oh/262/synthese/en,en,shabbat,262,,3-Synthese,sources/shabbat/siman-262/niveau-3-synthese-en.html,Siman <bdi>רס״ב</bdi> · Level 3 Master Synthesis | DAAT,200 (fichier présent),oui,oui,
https://daattorah.com/oh/262/synthese/he,he,shabbat,262,,3-Synthese,sources/shabbat/siman-262/niveau-3-synthese-he.html,סימן <bdi>רס״ב</bdi> · רמה 3 סינתזה מאסטרית | דעת,200 (fichier présent),oui,oui,
https://daattorah.com/oh/262/synthese,fr,shabbat,262,,3-Synthese,sources/shabbat/siman-262/niveau-3-synthese.html,Siman <bdi>רס״ב</bdi> · Niveau 3 Synthèse Magistrale | DAAT,200 (fichier présent),oui,oui,
https://daattorah.com/oh/262/daat-harav/en,en,shabbat,262,,4-DaatHaRav,sources/shabbat/siman-262/niveau-4-daat-harav-en.html,Siman 262 · Level 4 Daat HaRav — Shittah (שיטה) of | Hilkhot Shabbat,200 (fichier présent),oui,oui,
https://daattorah.com/oh/262/daat-harav/he,he,shabbat,262,,4-DaatHaRav,sources/shabbat/siman-262/niveau-4-daat-harav-he.html,סימן רס״ב · רמה 4 דעת הרב — שיטת אדמו״ר הזקן | דעת,200 (fichier présent),oui,oui,
https://daattorah.com/oh/262/daat-harav,fr,shabbat,262,,4-DaatHaRav,sources/shabbat/siman-262/niveau-4-daat-harav.html,Siman 262 · Niveau 4 — Chitah de l'Admour HaZaken | Hilkhot Shabbat,200 (fichier présent),oui,oui,
https://daattorah.com/oh/263/en,en,shabbat,263,,Index,sources/shabbat/siman-263/index-en.html,Siman 263 — Who lights the Shabbos licht | Hilkhot Shabbat,200 (fichier présent),oui,oui,
https://daattorah.com/oh/263/he,he,shabbat,263,,Index,sources/shabbat/siman-263/index-he.html,סימן רס״ג — מִי וָמִי הַמַּדְלִיקִין וְאִם טָעוּ בְּיוֹם | הלכות שבת,200 (fichier présent),oui,oui,
https://daattorah.com/oh/263/,fr,shabbat,263,,Index,sources/shabbat/siman-263/index.html,Siman 263 — Qui allume les bougies | Hilkhot Shabbat,200 (fichier présent),oui,oui,
https://daattorah.com/oh/263/base/en,en,shabbat,263,,1-Base,sources/shabbat/siman-263/niveau-1-base-en.html,Siman <bdi>רס״ג</bdi> · Level 1 Base — Mitzvah of Candle Lighting | DAAT,200 (fichier présent),oui,oui,
https://daattorah.com/oh/263/base/he,he,shabbat,263,,1-Base,sources/shabbat/siman-263/niveau-1-base-he.html,סימן <bdi>רס״ג</bdi> · רמה 1 התחלה — מצוות הדלקת נרות שבת | דעת,200 (fichier présent),oui,oui,
https://daattorah.com/oh/263/base,fr,shabbat,263,,1-Base,sources/shabbat/siman-263/niveau-1-base.html,Siman <bdi>רס״ג</bdi> · Niveau 1 Base — Mitsva de l'allumage des bougies | DAAT,200 (fichier présent),oui,oui,
https://daattorah.com/oh/263/lamdan/en,en,shabbat,263,,2-Lamdan,sources/shabbat/siman-263/niveau-2-lamdan-en.html,Siman <bdi>רס״ג</bdi> · Level 2 — בעל הלכות גדולות | Hilkhot Shabbat,200 (fichier présent),oui,oui,
https://daattorah.com/oh/263/lamdan/he,he,shabbat,263,,2-Lamdan,sources/shabbat/siman-263/niveau-2-lamdan-he.html,"Siman <bdi>רס״ג</bdi> · רמה 2 — בעל הלכות גדולות, ברכה ועובר לעשייתן | הלכות שבת",200 (fichier présent),oui,oui,
https://daattorah.com/oh/263/lamdan,fr,shabbat,263,,2-Lamdan,sources/shabbat/siman-263/niveau-2-lamdan.html,Siman <bdi>רס״ג</bdi> · Niveau 2 — בעל הלכות גדולות | Hilkhot Shabbat,200 (fichier présent),oui,oui,
https://daattorah.com/oh/263/synthese/en,en,shabbat,263,,3-Synthese,sources/shabbat/siman-263/niveau-3-synthese-en.html,Siman <bdi>רס״ג</bdi> · Level 3 Magisterial Synthesis | DAAT,200 (fichier présent),oui,oui,
https://daattorah.com/oh/263/synthese/he,he,shabbat,263,,3-Synthese,sources/shabbat/siman-263/niveau-3-synthese-he.html,סימן <bdi>רס״ג</bdi> · רמה 3 סיכום מאסטרלי | דעת,200 (fichier présent),oui,oui,
https://daattorah.com/oh/263/synthese,fr,shabbat,263,,3-Synthese,sources/shabbat/siman-263/niveau-3-synthese.html,Siman <bdi>רס״ג</bdi> · Niveau 3 Synthèse Magistrale | DAAT,200 (fichier présent),oui,oui,
https://daattorah.com/oh/263/daat-harav/en,en,shabbat,263,,4-DaatHaRav,sources/shabbat/siman-263/niveau-4-daat-harav-en.html,Siman 263 · Level 4 — Shitah of the Alter Rebbe | Hilkhot Shabbat,200 (fichier présent),oui,oui,
https://daattorah.com/oh/263/daat-harav/he,he,shabbat,263,,4-DaatHaRav,sources/shabbat/siman-263/niveau-4-daat-harav-he.html,סימן רס״ג · רמה 4 דעת הרב — שיטת אדמו״ר הזקן | דעת,200 (fichier présent),oui,oui,
https://daattorah.com/oh/263/daat-harav,fr,shabbat,263,,4-DaatHaRav,sources/shabbat/siman-263/niveau-4-daat-harav.html,Siman 263 · Niveau 4 — Chitah de l'Admour HaZaken | Hilkhot Shabbat,200 (fichier présent),oui,oui,
https://daattorah.com/oh/264/en,en,shabbat,264,,Index,sources/shabbat/siman-264/index-en.html,Siman 264 — Wicks and oils for Shabbos licht | Hilkhot Shabbat,200 (fichier présent),oui,oui,
https://daattorah.com/oh/264/he,he,shabbat,264,,Index,sources/shabbat/siman-264/index-he.html,סימן רס״ד — דִּינֵי הַפְּתִילָה וְהַשֶּׁמֶן | הלכות שבת,200 (fichier présent),oui,oui,
https://daattorah.com/oh/264/,fr,shabbat,264,,Index,sources/shabbat/siman-264/index.html,Siman 264 — Mèches et huile pour les bougies de | Hilkhot Shabbat,200 (fichier présent),oui,oui,
https://daattorah.com/oh/264/base/en,en,shabbat,264,,1-Base,sources/shabbat/siman-264/niveau-1-base-en.html,Siman <bdi>רס״ד</bdi> · Level 1 Base — Wicks and oils for Shabbos candles | DAAT,200 (fichier présent),oui,oui,
https://daattorah.com/oh/264/base/he,he,shabbat,264,,1-Base,sources/shabbat/siman-264/niveau-1-base-he.html,סימן <bdi>רס״ד</bdi> · רמה 1 בסיס — פתילות ושמנים לנרות שבת | DAAT,200 (fichier présent),oui,oui,
https://daattorah.com/oh/264/base,fr,shabbat,264,,1-Base,sources/shabbat/siman-264/niveau-1-base.html,Siman <bdi>רס״ד</bdi> · Niveau 1 Base — Mèches et huiles pour les bougies | DAAT,200 (fichier présent),oui,oui,
https://daattorah.com/oh/264/lamdan/en,en,shabbat,264,,2-Lamdan,sources/shabbat/siman-264/niveau-2-lamdan-en.html,Siman <bdi>רס״ד</bdi> · Level 2 Lamdan — סוגיית במה מדליקין | DAAT,200 (fichier présent),oui,oui,
https://daattorah.com/oh/264/lamdan/he,he,shabbat,264,,2-Lamdan,sources/shabbat/siman-264/niveau-2-lamdan-he.html,Siman <bdi>רס״ד</bdi> · רמה 2 Lamdan — סוגיית במה מדליקין | DAAT,200 (fichier présent),oui,oui,
https://daattorah.com/oh/264/lamdan,fr,shabbat,264,,2-Lamdan,sources/shabbat/siman-264/niveau-2-lamdan.html,Siman <bdi>רס״ד</bdi> · Niveau 2 Lamdan — סוגיית במה מדליקין | DAAT,200 (fichier présent),oui,oui,
https://daattorah.com/oh/264/synthese/en,en,shabbat,264,,3-Synthese,sources/shabbat/siman-264/niveau-3-synthese-en.html,Siman <bdi>רס״ד</bdi> · Level 3 Master Synthesis | DAAT,200 (fichier présent),oui,oui,
https://daattorah.com/oh/264/synthese/he,he,shabbat,264,,3-Synthese,sources/shabbat/siman-264/niveau-3-synthese-he.html,סימן <bdi>רס״ד</bdi> · רמה 3 סינתזה מגיסטרלית | DAAT,200 (fichier présent),oui,oui,
https://daattorah.com/oh/264/synthese,fr,shabbat,264,,3-Synthese,sources/shabbat/siman-264/niveau-3-synthese.html,Siman <bdi>רס״ד</bdi> · Niveau 3 Synthèse Magistrale | DAAT,200 (fichier présent),oui,oui,
https://daattorah.com/oh/264/daat-harav/en,en,shabbat,264,,4-DaatHaRav,sources/shabbat/siman-264/niveau-4-daat-harav-en.html,Siman 264 · Level 4 — Shitah of the Alter Rebbe | Hilkhot Shabbat,200 (fichier présent),oui,oui,
https://daattorah.com/oh/264/daat-harav/he,he,shabbat,264,,4-DaatHaRav,sources/shabbat/siman-264/niveau-4-daat-harav-he.html,סימן (סימן) 264 · רמה 4 דעת הרב — שיטת אדמו״ר הזקן | DAAT,200 (fichier présent),oui,oui,
https://daattorah.com/oh/264/daat-harav,fr,shabbat,264,,4-DaatHaRav,sources/shabbat/siman-264/niveau-4-daat-harav.html,Siman 264 · Niveau 4 — Chitah de l'Admour HaZaken | Hilkhot Shabbat,200 (fichier présent),oui,oui,
https://daattorah.com/oh/265/en,en,shabbat,265,,Index,sources/shabbat/siman-265/index-en.html,Siman 265 — Vessels Placed Beneath the Lamp | Hilkhot Shabbat,200 (fichier présent),oui,oui,
https://daattorah.com/oh/265/he,he,shabbat,265,,Index,sources/shabbat/siman-265/index-he.html,סימן רס״ה — דין כלים הניתנים תחת הנר | הלכות שבת,200 (fichier présent),oui,oui,
https://daattorah.com/oh/265/,fr,shabbat,265,,Index,sources/shabbat/siman-265/index.html,Siman 265 — Récipients placés sous la bougie | Hilkhot Shabbat,200 (fichier présent),oui,oui,
https://daattorah.com/oh/265/base/en,en,shabbat,265,,1-Base,sources/shabbat/siman-265/niveau-1-base-en.html,"Siman <bdi>רס""ה</bdi> · Level 1 — Vessels Under the Lamp | Hilkhot Shabbat",200 (fichier présent),oui,oui,
https://daattorah.com/oh/265/base/he,he,shabbat,265,,1-Base,sources/shabbat/siman-265/niveau-1-base-he.html,"סימן <bdi>רס""ה</bdi> · רמה 1 בסיס — כלים תחת הנר · לימוד יסוד | DAAT",200 (fichier présent),oui,oui,
https://daattorah.com/oh/265/base,fr,shabbat,265,,1-Base,sources/shabbat/siman-265/niveau-1-base.html,"Siman <bdi>רס""ה</bdi> · Niveau 1 — Récipients sous la bougie | Hilkhot Shabbat",200 (fichier présent),oui,oui,
https://daattorah.com/oh/265/lamdan/en,en,shabbat,265,,2-Lamdan,sources/shabbat/siman-265/niveau-2-lamdan-en.html,"Siman <bdi>רס""ה</bdi> · Level 2 — Récipients placés sous la | Hilkhot Shabbat",200 (fichier présent),oui,oui,
https://daattorah.com/oh/265/lamdan/he,he,shabbat,265,,2-Lamdan,sources/shabbat/siman-265/niveau-2-lamdan-he.html,"Siman <bdi>רס""ה</bdi> · רמה 2 — Récipients placés sous la bougie | הלכות שבת",200 (fichier présent),oui,oui,
https://daattorah.com/oh/265/lamdan,fr,shabbat,265,,2-Lamdan,sources/shabbat/siman-265/niveau-2-lamdan.html,"Siman <bdi>רס""ה</bdi> · Niveau 2 — Récipients placés sous la | Hilkhot Shabbat",200 (fichier présent),oui,oui,
https://daattorah.com/oh/265/synthese/en,en,shabbat,265,,3-Synthese,sources/shabbat/siman-265/niveau-3-synthese-en.html,"Siman <bdi>רס""ה</bdi> · Level 3 Master Synthesis — Vessels Under the Lamp | DAAT",200 (fichier présent),oui,oui,
https://daattorah.com/oh/265/synthese/he,he,shabbat,265,,3-Synthese,sources/shabbat/siman-265/niveau-3-synthese-he.html,"סימן <bdi>רס""ה</bdi> · רמה 3 סיכום מקיף — כלים תחת הנר | DAAT",200 (fichier présent),oui,oui,
https://daattorah.com/oh/265/synthese,fr,shabbat,265,,3-Synthese,sources/shabbat/siman-265/niveau-3-synthese.html,"Siman <bdi>רס""ה</bdi> · Niveau 3 — Récipients placés sous la | Hilkhot Shabbat",200 (fichier présent),oui,oui,
https://daattorah.com/oh/265/daat-harav/en,en,shabbat,265,,4-DaatHaRav,sources/shabbat/siman-265/niveau-4-daat-harav-en.html,Siman 265 · Level 4 Daat HaRav — Shittah (שיטה) of | Hilkhot Shabbat,200 (fichier présent),oui,oui,
https://daattorah.com/oh/265/daat-harav/he,he,shabbat,265,,4-DaatHaRav,sources/shabbat/siman-265/niveau-4-daat-harav-he.html,"סימן רס""ה · רמה 4 דעת הרב — שיטת אדמו""ר הזקן | DAAT",200 (fichier présent),oui,oui,
https://daattorah.com/oh/265/daat-harav,fr,shabbat,265,,4-DaatHaRav,sources/shabbat/siman-265/niveau-4-daat-harav.html,Siman 265 · Niveau 4 — Chitah de l'Admour HaZaken | Hilkhot Shabbat,200 (fichier présent),oui,oui,
https://daattorah.com/oh/266/en,en,shabbat,266,,Index,sources/shabbat/siman-266/index-en.html,Siman 266 — The Traveler Caught by Shabbos on the | Hilkhot Shabbat,200 (fichier présent),oui,oui,
https://daattorah.com/oh/266/he,he,shabbat,266,,Index,sources/shabbat/siman-266/index-he.html,סימן רס״ו — דין מי שהחשיך לו בדרך (העובר שבת בדרך) | הלכות שבת,200 (fichier présent),oui,oui,
https://daattorah.com/oh/266/,fr,shabbat,266,,Index,sources/shabbat/siman-266/index.html,Siman 266 — Le voyageur surpris par l'entrée de | Hilkhot Shabbat,200 (fichier présent),oui,oui,
https://daattorah.com/oh/266/base/en,en,shabbat,266,,1-Base,sources/shabbat/siman-266/niveau-1-base-en.html,"Siman <bdi>רס""ו</bdi> · Level 1 — One Caught by Shabbos On the | Hilkhot Shabbat",200 (fichier présent),oui,oui,
https://daattorah.com/oh/266/base/he,he,shabbat,266,,1-Base,sources/shabbat/siman-266/niveau-1-base-he.html,"סימן <bdi>רס""ו</bdi> · רמה 1 בסיס — ההולך בדרך וקדש עליו היום · מבוא לימודי | דעת",200 (fichier présent),oui,oui,
https://daattorah.com/oh/266/base,fr,shabbat,266,,1-Base,sources/shabbat/siman-266/niveau-1-base.html,"Siman <bdi>רס""ו</bdi> · Niveau 1 — Le voyageur surpris par | Hilkhot Shabbat",200 (fichier présent),oui,oui,
https://daattorah.com/oh/266/lamdan/en,en,shabbat,266,,2-Lamdan,sources/shabbat/siman-266/niveau-2-lamdan-en.html,"Siman <bdi>רס""ו</bdi> · Level 2 — Le voyageur surpris par | Hilkhot Shabbat",200 (fichier présent),oui,oui,
https://daattorah.com/oh/266/lamdan/he,he,shabbat,266,,2-Lamdan,sources/shabbat/siman-266/niveau-2-lamdan-he.html,"Siman <bdi>רס""ו</bdi> · רמה 2 — Le voyageur surpris par l'entrée de | הלכות שבת",200 (fichier présent),oui,oui,
https://daattorah.com/oh/266/lamdan,fr,shabbat,266,,2-Lamdan,sources/shabbat/siman-266/niveau-2-lamdan.html,"Siman <bdi>רס""ו</bdi> · Niveau 2 — Le voyageur surpris par | Hilkhot Shabbat",200 (fichier présent),oui,oui,
https://daattorah.com/oh/266/synthese/en,en,shabbat,266,,3-Synthese,sources/shabbat/siman-266/niveau-3-synthese-en.html,"Siman <bdi>רס""ו</bdi> · Level 3 Synthesis — One Caught by Shabb | Hilkhot Shabbat",200 (fichier présent),oui,oui,
https://daattorah.com/oh/266/synthese/he,he,shabbat,266,,3-Synthese,sources/shabbat/siman-266/niveau-3-synthese-he.html,"סימן <bdi>רס""ו</bdi> · רמה 3 סיכום — ההולך בדרך וקדש עליו היום | דעת",200 (fichier présent),oui,oui,
https://daattorah.com/oh/266/synthese,fr,shabbat,266,,3-Synthese,sources/shabbat/siman-266/niveau-3-synthese.html,"Siman <bdi>רס""ו</bdi> · Niveau 3 — Le voyageur surpris par | Hilkhot Shabbat",200 (fichier présent),oui,oui,
https://daattorah.com/oh/266/daat-harav/en,en,shabbat,266,,4-DaatHaRav,sources/shabbat/siman-266/niveau-4-daat-harav-en.html,Siman 266 · Level 4 Daat HaRav — Shitah of the Alter Rebbe | DAAT,200 (fichier présent),oui,oui,
https://daattorah.com/oh/266/daat-harav/he,he,shabbat,266,,4-DaatHaRav,sources/shabbat/siman-266/niveau-4-daat-harav-he.html,סימן רס״ו · רמה 4 דעת הרב — שיטת אדמו״ר הזקן | DAAT,200 (fichier présent),oui,oui,
https://daattorah.com/oh/266/daat-harav,fr,shabbat,266,,4-DaatHaRav,sources/shabbat/siman-266/niveau-4-daat-harav.html,Siman 266 · Niveau 4 — Chitah de l'Admour HaZaken | Hilkhot Shabbat,200 (fichier présent),oui,oui,
https://daattorah.com/oh/267/en,en,shabbat,267,,Index,sources/shabbat/siman-267/index-en.html,Siman 267 — The Tefillah of Erev Shabbos | Hilkhot Shabbat,200 (fichier présent),oui,oui,
https://daattorah.com/oh/267/he,he,shabbat,267,,Index,sources/shabbat/siman-267/index-he.html,סימן רס״ז — דין התפילה בערב שבת · שולחן ערוך · לימוד בעברית | DAAT,200 (fichier présent),oui,oui,
https://daattorah.com/oh/267/,fr,shabbat,267,,Index,sources/shabbat/siman-267/index.html,Siman 267 — La tefilla du vendredi soir | Hilkhot Shabbat,200 (fichier présent),oui,oui,
https://daattorah.com/oh/267/base/en,en,shabbat,267,,1-Base,sources/shabbat/siman-267/niveau-1-base-en.html,"Siman <bdi>רס""ז</bdi> · Level 1 — Friday-night tefilah | Hilkhot Shabbat",200 (fichier présent),oui,oui,
https://daattorah.com/oh/267/base/he,he,shabbat,267,,1-Base,sources/shabbat/siman-267/niveau-1-base-he.html,"סימן <bdi>רס""ז</bdi> · רמה 1 בסיס — תפילת ערב שבת · לימוד פתיחה | DAAT",200 (fichier présent),oui,oui,
https://daattorah.com/oh/267/base,fr,shabbat,267,,1-Base,sources/shabbat/siman-267/niveau-1-base.html,"Siman <bdi>רס""ז</bdi> · Niveau 1 — La tefilla du vendredi soir | Hilkhot Shabbat",200 (fichier présent),oui,oui,
https://daattorah.com/oh/267/lamdan/en,en,shabbat,267,,2-Lamdan,sources/shabbat/siman-267/niveau-2-lamdan-en.html,"Siman <bdi>רס""ז</bdi> · Level 2 — La tefilla du vendredi soir | Hilkhot Shabbat",200 (fichier présent),oui,oui,
https://daattorah.com/oh/267/lamdan/he,he,shabbat,267,,2-Lamdan,sources/shabbat/siman-267/niveau-2-lamdan-he.html,"Siman <bdi>רס""ז</bdi> · רמה 2 — La tefilla du vendredi soir | הלכות שבת",200 (fichier présent),oui,oui,
https://daattorah.com/oh/267/lamdan,fr,shabbat,267,,2-Lamdan,sources/shabbat/siman-267/niveau-2-lamdan.html,"Siman <bdi>רס""ז</bdi> · Niveau 2 — La tefilla du vendredi soir | Hilkhot Shabbat",200 (fichier présent),oui,oui,
https://daattorah.com/oh/267/synthese/en,en,shabbat,267,,3-Synthese,sources/shabbat/siman-267/niveau-3-synthese-en.html,"Siman <bdi>רס""ז</bdi> · Level 3 — Friday-night tefilah | Hilkhot Shabbat",200 (fichier présent),oui,oui,
https://daattorah.com/oh/267/synthese/he,he,shabbat,267,,3-Synthese,sources/shabbat/siman-267/niveau-3-synthese-he.html,"סימן <bdi>רס""ז</bdi> · רמה 3 סיכום מובחר — תפילת ערב שבת | DAAT",200 (fichier présent),oui,oui,
https://daattorah.com/oh/267/synthese,fr,shabbat,267,,3-Synthese,sources/shabbat/siman-267/niveau-3-synthese.html,"Siman <bdi>רס""ז</bdi> · Niveau 3 — La tefilla du vendredi soir | Hilkhot Shabbat",200 (fichier présent),oui,oui,
https://daattorah.com/oh/267/daat-harav/en,en,shabbat,267,,4-DaatHaRav,sources/shabbat/siman-267/niveau-4-daat-harav-en.html,Siman 267 · Level 4 — Shitah of the Alter Rebbe | Hilkhot Shabbat,200 (fichier présent),oui,oui,
https://daattorah.com/oh/267/daat-harav/he,he,shabbat,267,,4-DaatHaRav,sources/shabbat/siman-267/niveau-4-daat-harav-he.html,"סימן (סימן) 267 · רמה 4 דעת הרב — שיטת אדמו""ר הזקן | DAAT",200 (fichier présent),oui,oui,
https://daattorah.com/oh/267/daat-harav,fr,shabbat,267,,4-DaatHaRav,sources/shabbat/siman-267/niveau-4-daat-harav.html,Siman 267 · Niveau 4 — Chitah de l'Admour HaZaken | Hilkhot Shabbat,200 (fichier présent),oui,oui,
https://daattorah.com/oh/268/en,en,shabbat,268,,Index,sources/shabbat/siman-268/index-en.html,Siman 268 — Mistakes and Omissions in the Shabbos | Hilkhot Shabbat,200 (fichier présent),oui,oui,
https://daattorah.com/oh/268/he,he,shabbat,268,,Index,sources/shabbat/siman-268/index-he.html,סימן רס״ח — דין הטועה בתפילת שבת (טעויות ושכחות בתפילה) | הלכות שבת,200 (fichier présent),oui,oui,
https://daattorah.com/oh/268/,fr,shabbat,268,,Index,sources/shabbat/siman-268/index.html,Siman 268 — Erreurs et oublis dans la tefilla de | Hilkhot Shabbat,200 (fichier présent),oui,oui,
https://daattorah.com/oh/268/base/en,en,shabbat,268,,1-Base,sources/shabbat/siman-268/niveau-1-base-en.html,"Siman <bdi>רס""ח</bdi> · Level 1 — Errors and omissions in the | Hilkhot Shabbat",200 (fichier présent),oui,oui,
https://daattorah.com/oh/268/base/he,he,shabbat,268,,1-Base,sources/shabbat/siman-268/niveau-1-base-he.html,"סימן רס""ח · רמה 1 בסיס — טעויות ושכחה בתפילת שבת · מבוא לימודי | דעת",200 (fichier présent),oui,oui,
https://daattorah.com/oh/268/base,fr,shabbat,268,,1-Base,sources/shabbat/siman-268/niveau-1-base.html,"Siman <bdi>רס""ח</bdi> · Niveau 1 — Erreurs et oublis dans la | Hilkhot Shabbat",200 (fichier présent),oui,oui,
https://daattorah.com/oh/268/lamdan/en,en,shabbat,268,,2-Lamdan,sources/shabbat/siman-268/niveau-2-lamdan-en.html,"Siman <bdi>רס""ח</bdi> · Level 2 — Erreurs et oublis dans la | Hilkhot Shabbat",200 (fichier présent),oui,oui,
https://daattorah.com/oh/268/lamdan/he,he,shabbat,268,,2-Lamdan,sources/shabbat/siman-268/niveau-2-lamdan-he.html,"Siman <bdi>רס""ח</bdi> · רמה 2 — Erreurs et oublis dans la tefilla de | הלכות שבת",200 (fichier présent),oui,oui,
https://daattorah.com/oh/268/lamdan,fr,shabbat,268,,2-Lamdan,sources/shabbat/siman-268/niveau-2-lamdan.html,"Siman <bdi>רס""ח</bdi> · Niveau 2 — Erreurs et oublis dans la | Hilkhot Shabbat",200 (fichier présent),oui,oui,
https://daattorah.com/oh/268/synthese/en,en,shabbat,268,,3-Synthese,sources/shabbat/siman-268/niveau-3-synthese-en.html,"Siman <bdi>רס""ח</bdi> · Level 3 — Errors and omissions in the | Hilkhot Shabbat",200 (fichier présent),oui,oui,
https://daattorah.com/oh/268/synthese/he,he,shabbat,268,,3-Synthese,sources/shabbat/siman-268/niveau-3-synthese-he.html,"סימן רס""ח · רמה 3 סינתזה מאסטר — טעויות ושכחה בתפילת שבת | דעת",200 (fichier présent),oui,oui,
https://daattorah.com/oh/268/synthese,fr,shabbat,268,,3-Synthese,sources/shabbat/siman-268/niveau-3-synthese.html,"Siman <bdi>רס""ח</bdi> · Niveau 3 — Erreurs et oublis dans la | Hilkhot Shabbat",200 (fichier présent),oui,oui,
https://daattorah.com/oh/268/daat-harav/en,en,shabbat,268,,4-DaatHaRav,sources/shabbat/siman-268/niveau-4-daat-harav-en.html,Siman 268 · Level 4 — Shitah of the Alter Rebbe | Hilkhot Shabbat,200 (fichier présent),oui,oui,
https://daattorah.com/oh/268/daat-harav/he,he,shabbat,268,,4-DaatHaRav,sources/shabbat/siman-268/niveau-4-daat-harav-he.html,"סימן רס""ח · רמה 4 דעת הרב — שיטת אדמו""ר הזקן | דעת",200 (fichier présent),oui,oui,
https://daattorah.com/oh/268/daat-harav,fr,shabbat,268,,4-DaatHaRav,sources/shabbat/siman-268/niveau-4-daat-harav.html,Siman 268 · Niveau 4 — Chitah de l'Admour HaZaken | Hilkhot Shabbat,200 (fichier présent),oui,oui,
https://daattorah.com/oh/269/en,en,shabbat,269,,Index,sources/shabbat/siman-269/index-en.html,Siman 269 — Kiddush in Shul (Friday Night) | Hilkhot Shabbat,200 (fichier présent),oui,oui,
https://daattorah.com/oh/269/he,he,shabbat,269,,Index,sources/shabbat/siman-269/index-he.html,סימן רס״ט — דין הקידוש בבית הכנסת (ליל שבת) | הלכות שבת,200 (fichier présent),oui,oui,
https://daattorah.com/oh/269/,fr,shabbat,269,,Index,sources/shabbat/siman-269/index.html,Siman 269 — Le kiddoush à la synagogue | Hilkhot Shabbat,200 (fichier présent),oui,oui,
https://daattorah.com/oh/269/base/en,en,shabbat,269,,1-Base,sources/shabbat/siman-269/niveau-1-base-en.html,"Siman <bdi>רס""ט</bdi> · Level 1 — Kiddush at the shul | Hilkhot Shabbat",200 (fichier présent),oui,oui,
https://daattorah.com/oh/269/base/he,he,shabbat,269,,1-Base,sources/shabbat/siman-269/niveau-1-base-he.html,"סימן <bdi>רס""ט</bdi> · רמה 1 — קידוש בבית הכנסת (ליל שבת) | הלכות שבת",200 (fichier présent),oui,oui,
https://daattorah.com/oh/269/base,fr,shabbat,269,,1-Base,sources/shabbat/siman-269/niveau-1-base.html,"Siman <bdi>רס""ט</bdi> · Niveau 1 — Le kiddoush à la synagogue | Hilkhot Shabbat",200 (fichier présent),oui,oui,
https://daattorah.com/oh/269/lamdan/en,en,shabbat,269,,2-Lamdan,sources/shabbat/siman-269/niveau-2-lamdan-en.html,"Siman <bdi>רס""ט</bdi> · Level 2 — Le kiddoush à la synagogue | Hilkhot Shabbat",200 (fichier présent),oui,oui,
https://daattorah.com/oh/269/lamdan/he,he,shabbat,269,,2-Lamdan,sources/shabbat/siman-269/niveau-2-lamdan-he.html,"Siman <bdi>רס""ט</bdi> · רמה 2 — Le kiddoush à la synagogue | הלכות שבת",200 (fichier présent),oui,oui,
https://daattorah.com/oh/269/lamdan,fr,shabbat,269,,2-Lamdan,sources/shabbat/siman-269/niveau-2-lamdan.html,"Siman <bdi>רס""ט</bdi> · Niveau 2 — Le kiddoush à la synagogue | Hilkhot Shabbat",200 (fichier présent),oui,oui,
https://daattorah.com/oh/269/synthese/en,en,shabbat,269,,3-Synthese,sources/shabbat/siman-269/niveau-3-synthese-en.html,"Siman <bdi>רס""ט</bdi> · Level 3 — Kiddush at the shul | Hilkhot Shabbat",200 (fichier présent),oui,oui,
https://daattorah.com/oh/269/synthese/he,he,shabbat,269,,3-Synthese,sources/shabbat/siman-269/niveau-3-synthese-he.html,"סימן <bdi>רס""ט</bdi> · רמה 3 סיכום מאסטרי — קידוש בבית הכנסת (ליל שבת) | DAAT",200 (fichier présent),oui,oui,
https://daattorah.com/oh/269/synthese,fr,shabbat,269,,3-Synthese,sources/shabbat/siman-269/niveau-3-synthese.html,"Siman <bdi>רס""ט</bdi> · Niveau 3 — Le kiddoush à la synagogue | Hilkhot Shabbat",200 (fichier présent),oui,oui,
https://daattorah.com/oh/269/daat-harav/en,en,shabbat,269,,4-DaatHaRav,sources/shabbat/siman-269/niveau-4-daat-harav-en.html,Siman 269 · Level 4 Daat HaRav — Shittah (שיטה) of | Hilkhot Shabbat,200 (fichier présent),oui,oui,
https://daattorah.com/oh/269/daat-harav/he,he,shabbat,269,,4-DaatHaRav,sources/shabbat/siman-269/niveau-4-daat-harav-he.html,סימן (סימן) 269 · רמה 4 דעת הרב — שיטת אדמו״ר הזקן | DAAT,200 (fichier présent),oui,oui,
https://daattorah.com/oh/269/daat-harav,fr,shabbat,269,,4-DaatHaRav,sources/shabbat/siman-269/niveau-4-daat-harav.html,Siman 269 · Niveau 4 — Chitah de l'Admour HaZaken | Hilkhot Shabbat,200 (fichier présent),oui,oui,
https://daattorah.com/oh/270/en,en,shabbat,270,,Index,sources/shabbat/siman-270/index-en.html,Siman 270 — Saying Bameh Madlikin | Hilkhot Shabbat,200 (fichier présent),oui,oui,
https://daattorah.com/oh/270/he,he,shabbat,270,,Index,sources/shabbat/siman-270/index-he.html,סימן ר״ע — אמירת פרק במה מדליקין (משנה שבת פרק ב׳) | הלכות שבת,200 (fichier présent),oui,oui,
https://daattorah.com/oh/270/,fr,shabbat,270,,Index,sources/shabbat/siman-270/index.html,Siman 270 — Réciter le pereq Bameh madlikin | Hilkhot Shabbat,200 (fichier présent),oui,oui,
https://daattorah.com/oh/270/base/en,en,shabbat,270,,1-Base,sources/shabbat/siman-270/niveau-1-base-en.html,"Siman <bdi>ר""ע</bdi> · Level 1 — Reciting Bameh Madlikin | Hilkhot Shabbat",200 (fichier présent),oui,oui,
https://daattorah.com/oh/270/base/he,he,shabbat,270,,1-Base,sources/shabbat/siman-270/niveau-1-base-he.html,"סימן <bdi>ר""ע</bdi> · רמה 1 — לומר משנת במה מדליקין (משנה שבת פ״ב) | הלכות שבת",200 (fichier présent),oui,oui,
https://daattorah.com/oh/270/base,fr,shabbat,270,,1-Base,sources/shabbat/siman-270/niveau-1-base.html,"Siman <bdi>ר""ע</bdi> · Niveau 1 — Réciter le pereq Bameh | Hilkhot Shabbat",200 (fichier présent),oui,oui,
https://daattorah.com/oh/270/lamdan/en,en,shabbat,270,,2-Lamdan,sources/shabbat/siman-270/niveau-2-lamdan-en.html,"Siman <bdi>ר""ע</bdi> · Level 2 — Réciter le pereq Bameh | Hilkhot Shabbat",200 (fichier présent),oui,oui,
https://daattorah.com/oh/270/lamdan/he,he,shabbat,270,,2-Lamdan,sources/shabbat/siman-270/niveau-2-lamdan-he.html,"Siman <bdi>ר""ע</bdi> · רמה 2 — Réciter le pereq Bameh madlikin | הלכות שבת",200 (fichier présent),oui,oui,
https://daattorah.com/oh/270/lamdan,fr,shabbat,270,,2-Lamdan,sources/shabbat/siman-270/niveau-2-lamdan.html,"Siman <bdi>ר""ע</bdi> · Niveau 2 — Réciter le pereq Bameh | Hilkhot Shabbat",200 (fichier présent),oui,oui,
https://daattorah.com/oh/270/synthese/en,en,shabbat,270,,3-Synthese,sources/shabbat/siman-270/niveau-3-synthese-en.html,"Siman <bdi>ר""ע</bdi> · Level 3 — Reciting Bameh Madlikin | Hilkhot Shabbat",200 (fichier présent),oui,oui,
https://daattorah.com/oh/270/synthese/he,he,shabbat,270,,3-Synthese,sources/shabbat/siman-270/niveau-3-synthese-he.html,"סימן <bdi>ר""ע</bdi> · רמה 3 — לומר משנת במה מדליקין (משנה שבת פ״ב) | הלכות שבת",200 (fichier présent),oui,oui,
https://daattorah.com/oh/270/synthese,fr,shabbat,270,,3-Synthese,sources/shabbat/siman-270/niveau-3-synthese.html,"Siman <bdi>ר""ע</bdi> · Niveau 3 — Réciter le pereq Bameh | Hilkhot Shabbat",200 (fichier présent),oui,oui,
https://daattorah.com/oh/270/daat-harav/en,en,shabbat,270,,4-DaatHaRav,sources/shabbat/siman-270/niveau-4-daat-harav-en.html,Siman 270 · Level 4 — Shitah of the Alter Rebbe | Hilkhot Shabbat,200 (fichier présent),oui,oui,
https://daattorah.com/oh/270/daat-harav/he,he,shabbat,270,,4-DaatHaRav,sources/shabbat/siman-270/niveau-4-daat-harav-he.html,סימן 270 · רמה 4 דעת הרב — שיטת אדמו״ר הזקן | דעת,200 (fichier présent),oui,oui,
https://daattorah.com/oh/270/daat-harav,fr,shabbat,270,,4-DaatHaRav,sources/shabbat/siman-270/niveau-4-daat-harav.html,Siman 270 · Niveau 4 — Chitah de l'Admour HaZaken | Hilkhot Shabbat,200 (fichier présent),oui,oui,
https://daattorah.com/oh/271/en,en,shabbat,271,,Index,sources/shabbat/siman-271/index-en.html,Siman 271 — Friday Night Kiddush over Wine | Hilkhot Shabbat,200 (fichier présent),oui,oui,
https://daattorah.com/oh/271/he,he,shabbat,271,,Index,sources/shabbat/siman-271/index-he.html,סימן רע״א — דיני קידוש על היין (ליל שבת) | הלכות שבת,200 (fichier présent),oui,oui,
https://daattorah.com/oh/271/,fr,shabbat,271,,Index,sources/shabbat/siman-271/index.html,Siman 271 — Le kiddoush sur le vin (vendredi soir) | Hilkhot Shabbat,200 (fichier présent),oui,oui,
https://daattorah.com/oh/271/base/en,en,shabbat,271,,1-Base,sources/shabbat/siman-271/niveau-1-base-en.html,"Siman <bdi>רע""א</bdi> · Level 1 — Kiddush over Wine | Hilkhot Shabbat",200 (fichier présent),oui,oui,
https://daattorah.com/oh/271/base/he,he,shabbat,271,,1-Base,sources/shabbat/siman-271/niveau-1-base-he.html,"סימן <bdi>רע""א</bdi> · רמה 1 בסיס — קידוש על היין (ליל שבת) · מבוא לימודי | דעת",200 (fichier présent),oui,oui,
https://daattorah.com/oh/271/base,fr,shabbat,271,,1-Base,sources/shabbat/siman-271/niveau-1-base.html,"Siman <bdi>רע""א</bdi> · Niveau 1 — Le kiddoush sur le vin | Hilkhot Shabbat",200 (fichier présent),oui,oui,
https://daattorah.com/oh/271/lamdan/en,en,shabbat,271,,2-Lamdan,sources/shabbat/siman-271/niveau-2-lamdan-en.html,"Siman <bdi>רע""א</bdi> · Level 2 — Le kiddoush sur le vin | Hilkhot Shabbat",200 (fichier présent),oui,oui,
https://daattorah.com/oh/271/lamdan/he,he,shabbat,271,,2-Lamdan,sources/shabbat/siman-271/niveau-2-lamdan-he.html,"Siman <bdi>רע""א</bdi> · רמה 2 — Le kiddoush sur le vin | הלכות שבת",200 (fichier présent),oui,oui,
https://daattorah.com/oh/271/lamdan,fr,shabbat,271,,2-Lamdan,sources/shabbat/siman-271/niveau-2-lamdan.html,"Siman <bdi>רע""א</bdi> · Niveau 2 — Le kiddoush sur le vin | Hilkhot Shabbat",200 (fichier présent),oui,oui,
https://daattorah.com/oh/271/synthese/en,en,shabbat,271,,3-Synthese,sources/shabbat/siman-271/niveau-3-synthese-en.html,"Siman <bdi>רע""א</bdi> · Level 3 Synthesis — Kiddush over Wine | Hilkhot Shabbat",200 (fichier présent),oui,oui,
https://daattorah.com/oh/271/synthese/he,he,shabbat,271,,3-Synthese,sources/shabbat/siman-271/niveau-3-synthese-he.html,"סימן <bdi>רע""א</bdi> · רמה 3 סיכום — קידוש על היין (ליל שבת) | דעת",200 (fichier présent),oui,oui,
https://daattorah.com/oh/271/synthese,fr,shabbat,271,,3-Synthese,sources/shabbat/siman-271/niveau-3-synthese.html,"Siman <bdi>רע""א</bdi> · Niveau 3 — Le kiddoush sur le vin | Hilkhot Shabbat",200 (fichier présent),oui,oui,
https://daattorah.com/oh/271/daat-harav/en,en,shabbat,271,,4-DaatHaRav,sources/shabbat/siman-271/niveau-4-daat-harav-en.html,Siman 271 · Level 4 — Shitah of the Alter Rebbe on | Hilkhot Shabbat,200 (fichier présent),oui,oui,
https://daattorah.com/oh/271/daat-harav/he,he,shabbat,271,,4-DaatHaRav,sources/shabbat/siman-271/niveau-4-daat-harav-he.html,סימן רע״א · רמה 4 דעת הרב — שיטת אדמו״ר הזקן | דעת,200 (fichier présent),oui,oui,
https://daattorah.com/oh/271/daat-harav,fr,shabbat,271,,4-DaatHaRav,sources/shabbat/siman-271/niveau-4-daat-harav.html,Siman 271 · Niveau 4 — Chitah de l'Admour HaZaken | Hilkhot Shabbat,200 (fichier présent),oui,oui,
https://daattorah.com/oh/272/en,en,shabbat,272,,Index,sources/shabbat/siman-272/index-en.html,Siman 272 — Which Wines Are Kosher for Kiddush | Hilkhot Shabbat,200 (fichier présent),oui,oui,
https://daattorah.com/oh/272/he,he,shabbat,272,,Index,sources/shabbat/siman-272/index-he.html,סימן רע״ב — על איזה יין מקדשין — אילו יינות כשרים לקידוש | הלכות שבת,200 (fichier présent),oui,oui,
https://daattorah.com/oh/272/,fr,shabbat,272,,Index,sources/shabbat/siman-272/index.html,Siman 272 — Sur quel vin faire le kiddoush | Hilkhot Shabbat,200 (fichier présent),oui,oui,
https://daattorah.com/oh/272/base/en,en,shabbat,272,,1-Base,sources/shabbat/siman-272/niveau-1-base-en.html,"Siman <bdi>רע""ב</bdi> · Level 1 — On which wine to make | Hilkhot Shabbat",200 (fichier présent),oui,oui,
https://daattorah.com/oh/272/base/he,he,shabbat,272,,1-Base,sources/shabbat/siman-272/niveau-1-base-he.html,"סימן <bdi>רע""ב</bdi> · רמה 1 — על איזה יין מקדשין | הלכות שבת",200 (fichier présent),oui,oui,
https://daattorah.com/oh/272/base,fr,shabbat,272,,1-Base,sources/shabbat/siman-272/niveau-1-base.html,"Siman <bdi>רע""ב</bdi> · Niveau 1 — Sur quel vin faire le | Hilkhot Shabbat",200 (fichier présent),oui,oui,
https://daattorah.com/oh/272/lamdan/en,en,shabbat,272,,2-Lamdan,sources/shabbat/siman-272/niveau-2-lamdan-en.html,"Siman <bdi>רע""ב</bdi> · Level 2 — Sur quel vin faire le | Hilkhot Shabbat",200 (fichier présent),oui,oui,
https://daattorah.com/oh/272/lamdan/he,he,shabbat,272,,2-Lamdan,sources/shabbat/siman-272/niveau-2-lamdan-he.html,"Siman <bdi>רע""ב</bdi> · רמה 2 — Sur quel vin faire le kiddoush | הלכות שבת",200 (fichier présent),oui,oui,
https://daattorah.com/oh/272/lamdan,fr,shabbat,272,,2-Lamdan,sources/shabbat/siman-272/niveau-2-lamdan.html,"Siman <bdi>רע""ב</bdi> · Niveau 2 — Sur quel vin faire le | Hilkhot Shabbat",200 (fichier présent),oui,oui,
https://daattorah.com/oh/272/synthese/en,en,shabbat,272,,3-Synthese,sources/shabbat/siman-272/niveau-3-synthese-en.html,"Siman <bdi>רע""ב</bdi> · Level 3 — On which wine to make | Hilkhot Shabbat",200 (fichier présent),oui,oui,
https://daattorah.com/oh/272/synthese/he,he,shabbat,272,,3-Synthese,sources/shabbat/siman-272/niveau-3-synthese-he.html,"סימן <bdi>רע""ב</bdi> · רמה 3 — על איזה יין מקדשין — תכונות נדרשות | הלכות שבת",200 (fichier présent),oui,oui,
https://daattorah.com/oh/272/synthese,fr,shabbat,272,,3-Synthese,sources/shabbat/siman-272/niveau-3-synthese.html,"Siman <bdi>רע""ב</bdi> · Niveau 3 — Sur quel vin faire le | Hilkhot Shabbat",200 (fichier présent),oui,oui,
https://daattorah.com/oh/272/daat-harav/en,en,shabbat,272,,4-DaatHaRav,sources/shabbat/siman-272/niveau-4-daat-harav-en.html,Siman 272 · Level 4 Daat HaRav — Shittah (שיטה) of | Hilkhot Shabbat,200 (fichier présent),oui,oui,
https://daattorah.com/oh/272/daat-harav/he,he,shabbat,272,,4-DaatHaRav,sources/shabbat/siman-272/niveau-4-daat-harav-he.html,"סימן 272 · רמה 4 דעת הרב — שיטת אדמו""ר הזקן | דעת",200 (fichier présent),oui,oui,
https://daattorah.com/oh/272/daat-harav,fr,shabbat,272,,4-DaatHaRav,sources/shabbat/siman-272/niveau-4-daat-harav.html,Siman 272 · Niveau 4 — Chitah de l'Admour HaZaken | Hilkhot Shabbat,200 (fichier présent),oui,oui,
https://daattorah.com/oh/273/en,en,shabbat,273,,Index,sources/shabbat/siman-273/index-en.html,Siman 273 — Kiddush Must Be Bimkom Seudah | Hilkhot Shabbat,200 (fichier présent),oui,oui,
https://daattorah.com/oh/273/he,he,shabbat,273,,Index,sources/shabbat/siman-273/index-he.html,סימן רע״ג — שיהיה הקידוש במקום סעודה | הלכות שבת,200 (fichier présent),oui,oui,
https://daattorah.com/oh/273/,fr,shabbat,273,,Index,sources/shabbat/siman-273/index.html,Siman 273 — Le kiddoush doit être au lieu du repas | Hilkhot Shabbat,200 (fichier présent),oui,oui,
https://daattorah.com/oh/273/base/en,en,shabbat,273,,1-Base,sources/shabbat/siman-273/niveau-1-base-en.html,"Siman <bdi>רע""ג</bdi> · Level 1 — Kiddush bemakom seudah | Hilkhot Shabbat",200 (fichier présent),oui,oui,
https://daattorah.com/oh/273/base/he,he,shabbat,273,,1-Base,sources/shabbat/siman-273/niveau-1-base-he.html,"סימן <bdi>רע""ג</bdi> · רמה 1 בסיס — קידוש במקום סעודה · לימוד התחלתי | DAAT",200 (fichier présent),oui,oui,
https://daattorah.com/oh/273/base,fr,shabbat,273,,1-Base,sources/shabbat/siman-273/niveau-1-base.html,"Siman <bdi>רע""ג</bdi> · Niveau 1 — Le kiddoush doit être au | Hilkhot Shabbat",200 (fichier présent),oui,oui,
https://daattorah.com/oh/273/lamdan/en,en,shabbat,273,,2-Lamdan,sources/shabbat/siman-273/niveau-2-lamdan-en.html,"Siman <bdi>רע""ג</bdi> · Level 2 — Le kiddoush doit être au | Hilkhot Shabbat",200 (fichier présent),oui,oui,
https://daattorah.com/oh/273/lamdan/he,he,shabbat,273,,2-Lamdan,sources/shabbat/siman-273/niveau-2-lamdan-he.html,"Siman <bdi>רע""ג</bdi> · רמה 2 — Le kiddoush doit être au lieu du | הלכות שבת",200 (fichier présent),oui,oui,
https://daattorah.com/oh/273/lamdan,fr,shabbat,273,,2-Lamdan,sources/shabbat/siman-273/niveau-2-lamdan.html,"Siman <bdi>רע""ג</bdi> · Niveau 2 — Le kiddoush doit être au | Hilkhot Shabbat",200 (fichier présent),oui,oui,
https://daattorah.com/oh/273/synthese/en,en,shabbat,273,,3-Synthese,sources/shabbat/siman-273/niveau-3-synthese-en.html,"Siman <bdi>רע""ג</bdi> · Level 3 Master Synthesis — Kiddush bemakom seudah | DAAT",200 (fichier présent),oui,oui,
https://daattorah.com/oh/273/synthese/he,he,shabbat,273,,3-Synthese,sources/shabbat/siman-273/niveau-3-synthese-he.html,"סימן <bdi>רע""ג</bdi> · רמה 3 תמצית מרכזית — קידוש במקום סעודה | DAAT",200 (fichier présent),oui,oui,
https://daattorah.com/oh/273/synthese,fr,shabbat,273,,3-Synthese,sources/shabbat/siman-273/niveau-3-synthese.html,"Siman <bdi>רע""ג</bdi> · Niveau 3 — Le kiddoush doit être au | Hilkhot Shabbat",200 (fichier présent),oui,oui,
https://daattorah.com/oh/273/daat-harav/en,en,shabbat,273,,4-DaatHaRav,sources/shabbat/siman-273/niveau-4-daat-harav-en.html,Siman 273 · Level 4 — Shitah of the Alter Rebbe | Hilkhot Shabbat,200 (fichier présent),oui,oui,
https://daattorah.com/oh/273/daat-harav/he,he,shabbat,273,,4-DaatHaRav,sources/shabbat/siman-273/niveau-4-daat-harav-he.html,"סימן רע""ג · רמה 4 דעת הרב — שיטת אדמו""ר הזקן | DAAT",200 (fichier présent),oui,oui,
https://daattorah.com/oh/273/daat-harav,fr,shabbat,273,,4-DaatHaRav,sources/shabbat/siman-273/niveau-4-daat-harav.html,Siman 273 · Niveau 4 — Chitah de l'Admour HaZaken | Hilkhot Shabbat,200 (fichier présent),oui,oui,
https://daattorah.com/oh/274/en,en,shabbat,274,,Index,sources/shabbat/siman-274/index-en.html,Siman 274 — Breaking Bread on Shabbos | Hilkhot Shabbat,200 (fichier présent),oui,oui,
https://daattorah.com/oh/274/he,he,shabbat,274,,Index,sources/shabbat/siman-274/index-he.html,סימן רע״ד — דיני בציעת הפת בשבת (לחם משנה) | הלכות שבת,200 (fichier présent),oui,oui,
https://daattorah.com/oh/274/,fr,shabbat,274,,Index,sources/shabbat/siman-274/index.html,Siman 274 — La rupture du pain (לחם משנה) à Shabbat | Hilkhot Shabbat,200 (fichier présent),oui,oui,
https://daattorah.com/oh/274/base/en,en,shabbat,274,,1-Base,sources/shabbat/siman-274/niveau-1-base-en.html,"Siman <bdi>רע""ד</bdi> · Level 1 — Breaking bread (lechem | Hilkhot Shabbat",200 (fichier présent),oui,oui,
https://daattorah.com/oh/274/base/he,he,shabbat,274,,1-Base,sources/shabbat/siman-274/niveau-1-base-he.html,"סימן רע""ד · רמה 1 — בציעת הפת (לחם משנה) בשבת | הלכות שבת",200 (fichier présent),oui,oui,
https://daattorah.com/oh/274/base,fr,shabbat,274,,1-Base,sources/shabbat/siman-274/niveau-1-base.html,"Siman <bdi>רע""ד</bdi> · Niveau 1 — La rupture du pain | Hilkhot Shabbat",200 (fichier présent),oui,oui,
https://daattorah.com/oh/274/lamdan/en,en,shabbat,274,,2-Lamdan,sources/shabbat/siman-274/niveau-2-lamdan-en.html,"Siman <bdi>רע""ד</bdi> · Level 2 — La rupture du pain | Hilkhot Shabbat",200 (fichier présent),oui,oui,
https://daattorah.com/oh/274/lamdan/he,he,shabbat,274,,2-Lamdan,sources/shabbat/siman-274/niveau-2-lamdan-he.html,"Siman <bdi>רע""ד</bdi> · רמה 2 — La rupture du pain | הלכות שבת",200 (fichier présent),oui,oui,
https://daattorah.com/oh/274/lamdan,fr,shabbat,274,,2-Lamdan,sources/shabbat/siman-274/niveau-2-lamdan.html,"Siman <bdi>רע""ד</bdi> · Niveau 2 — La rupture du pain | Hilkhot Shabbat",200 (fichier présent),oui,oui,
https://daattorah.com/oh/274/synthese/en,en,shabbat,274,,3-Synthese,sources/shabbat/siman-274/niveau-3-synthese-en.html,"Siman <bdi>רע""ד</bdi> · Level 3 — Breaking bread (lechem | Hilkhot Shabbat",200 (fichier présent),oui,oui,
https://daattorah.com/oh/274/synthese/he,he,shabbat,274,,3-Synthese,sources/shabbat/siman-274/niveau-3-synthese-he.html,"סימן רע""ד · רמה 3 סיכום מקיף — בציעת הפת (לחם משנה) בשבת | DAAT",200 (fichier présent),oui,oui,
https://daattorah.com/oh/274/synthese,fr,shabbat,274,,3-Synthese,sources/shabbat/siman-274/niveau-3-synthese.html,"Siman <bdi>רע""ד</bdi> · Niveau 3 — La rupture du pain | Hilkhot Shabbat",200 (fichier présent),oui,oui,
https://daattorah.com/oh/274/daat-harav/en,en,shabbat,274,,4-DaatHaRav,sources/shabbat/siman-274/niveau-4-daat-harav-en.html,Siman 274 · Level 4 — Shitah of the Alter Rebbe on | Hilkhot Shabbat,200 (fichier présent),oui,oui,
https://daattorah.com/oh/274/daat-harav/he,he,shabbat,274,,4-DaatHaRav,sources/shabbat/siman-274/niveau-4-daat-harav-he.html,"סימן רע""ד · רמה 4 דעת הרב — שיטת אדמו""ר הזקן | DAAT",200 (fichier présent),oui,oui,
https://daattorah.com/oh/274/daat-harav,fr,shabbat,274,,4-DaatHaRav,sources/shabbat/siman-274/niveau-4-daat-harav.html,Siman 274 · Niveau 4 — Chitah de l'Admour HaZaken | Hilkhot Shabbat,200 (fichier présent),oui,oui,
https://daattorah.com/oh/275/en,en,shabbat,275,,Index,sources/shabbat/siman-275/index-en.html,Siman 275 — Activities Forbidden by Shabbos | Hilkhot Shabbat,200 (fichier présent),oui,oui,
https://daattorah.com/oh/275/he,he,shabbat,275,,Index,sources/shabbat/siman-275/index-he.html,סימן רע״ה — דברים האסורים לעשות בשבת לאור הנר | הלכות שבת,200 (fichier présent),oui,oui,
https://daattorah.com/oh/275/,fr,shabbat,275,,Index,sources/shabbat/siman-275/index.html,Siman 275 — Choses interdites à la lumière de la | Hilkhot Shabbat,200 (fichier présent),oui,oui,
https://daattorah.com/oh/275/base/en,en,shabbat,275,,1-Base,sources/shabbat/siman-275/niveau-1-base-en.html,"Siman <bdi>רע""ה</bdi> · Level 1 — Things forbidden by Shabbos | Hilkhot Shabbat",200 (fichier présent),oui,oui,
https://daattorah.com/oh/275/base/he,he,shabbat,275,,1-Base,sources/shabbat/siman-275/niveau-1-base-he.html,"סימן <bdi>רע""ה</bdi> · רמה 1 — דברים האסורים לעשות לאור הנר בשבת | הלכות שבת",200 (fichier présent),oui,oui,
https://daattorah.com/oh/275/base,fr,shabbat,275,,1-Base,sources/shabbat/siman-275/niveau-1-base.html,"Siman <bdi>רע""ה</bdi> · Niveau 1 — Choses interdites à la | Hilkhot Shabbat",200 (fichier présent),oui,oui,
https://daattorah.com/oh/275/lamdan/en,en,shabbat,275,,2-Lamdan,sources/shabbat/siman-275/niveau-2-lamdan-en.html,"Siman <bdi>רע""ה</bdi> · Level 2 — Choses interdites à la | Hilkhot Shabbat",200 (fichier présent),oui,oui,
https://daattorah.com/oh/275/lamdan/he,he,shabbat,275,,2-Lamdan,sources/shabbat/siman-275/niveau-2-lamdan-he.html,"Siman <bdi>רע""ה</bdi> · רמה 2 — Choses interdites à la lumière de la | הלכות שבת",200 (fichier présent),oui,oui,
https://daattorah.com/oh/275/lamdan,fr,shabbat,275,,2-Lamdan,sources/shabbat/siman-275/niveau-2-lamdan.html,"Siman <bdi>רע""ה</bdi> · Niveau 2 — Choses interdites à la | Hilkhot Shabbat",200 (fichier présent),oui,oui,
https://daattorah.com/oh/275/synthese/en,en,shabbat,275,,3-Synthese,sources/shabbat/siman-275/niveau-3-synthese-en.html,"Siman <bdi>רע""ה</bdi> · Level 3 — Forbidden things by Shabbat | Hilkhot Shabbat",200 (fichier présent),oui,oui,
https://daattorah.com/oh/275/synthese/he,he,shabbat,275,,3-Synthese,sources/shabbat/siman-275/niveau-3-synthese-he.html,"סימן <bdi>רע""ה</bdi> · רמה 3 — דברים האסורים לעשות בשבת לאור הנר | הלכות שבת",200 (fichier présent),oui,oui,
https://daattorah.com/oh/275/synthese,fr,shabbat,275,,3-Synthese,sources/shabbat/siman-275/niveau-3-synthese.html,"Siman <bdi>רע""ה</bdi> · Niveau 3 — Choses interdites à la | Hilkhot Shabbat",200 (fichier présent),oui,oui,
https://daattorah.com/oh/275/daat-harav/en,en,shabbat,275,,4-DaatHaRav,sources/shabbat/siman-275/niveau-4-daat-harav-en.html,Siman 275 · Level 4 Daat HaRav — Shitah of the Alter Rebbe | DAAT,200 (fichier présent),oui,oui,
https://daattorah.com/oh/275/daat-harav/he,he,shabbat,275,,4-DaatHaRav,sources/shabbat/siman-275/niveau-4-daat-harav-he.html,"סימן רע""ה · רמה 4 דעת הרב — שיטת אדמו״ר הזקן | DAAT",200 (fichier présent),oui,oui,
https://daattorah.com/oh/275/daat-harav,fr,shabbat,275,,4-DaatHaRav,sources/shabbat/siman-275/niveau-4-daat-harav.html,Siman 275 · Niveau 4 — Chitah de l'Admour HaZaken | Hilkhot Shabbat,200 (fichier présent),oui,oui,
https://daattorah.com/oh/276/en,en,shabbat,276,,Index,sources/shabbat/siman-276/index-en.html,Siman 276 — Light Kindled by a Non-Jew on Shabbos | Hilkhot Shabbat,200 (fichier présent),oui,oui,
https://daattorah.com/oh/276/he,he,shabbat,276,,Index,sources/shabbat/siman-276/index-he.html,סימן רע״ו — נר שהדליק הנכרי בשבת · שולחן ערוך · לימוד בעברית | DAAT,200 (fichier présent),oui,oui,
https://daattorah.com/oh/276/,fr,shabbat,276,,Index,sources/shabbat/siman-276/index.html,Siman 276 — Bougie allumée par un non-juif Shabbat | Hilkhot Shabbat,200 (fichier présent),oui,oui,
https://daattorah.com/oh/276/base/en,en,shabbat,276,,1-Base,sources/shabbat/siman-276/niveau-1-base-en.html,"Siman <bdi>רע""ו</bdi> · Level 1 — Candle lit by a non-Jew on | Hilkhot Shabbat",200 (fichier présent),oui,oui,
https://daattorah.com/oh/276/base/he,he,shabbat,276,,1-Base,sources/shabbat/siman-276/niveau-1-base-he.html,"סימן <bdi>רע""ו</bdi> · רמה 1 בסיס — נר שהדליק הנכרי בשבת · הקדמה לימודית | DAAT",200 (fichier présent),oui,oui,
https://daattorah.com/oh/276/base,fr,shabbat,276,,1-Base,sources/shabbat/siman-276/niveau-1-base.html,"Siman <bdi>רע""ו</bdi> · Niveau 1 — Bougie allumée par un | Hilkhot Shabbat",200 (fichier présent),oui,oui,
https://daattorah.com/oh/276/lamdan/en,en,shabbat,276,,2-Lamdan,sources/shabbat/siman-276/niveau-2-lamdan-en.html,"Siman <bdi>רע""ו</bdi> · Level 2 — Bougie allumée par un | Hilkhot Shabbat",200 (fichier présent),oui,oui,
https://daattorah.com/oh/276/lamdan/he,he,shabbat,276,,2-Lamdan,sources/shabbat/siman-276/niveau-2-lamdan-he.html,"Siman <bdi>רע""ו</bdi> · רמה 2 — Bougie allumée par un non-juif | הלכות שבת",200 (fichier présent),oui,oui,
https://daattorah.com/oh/276/lamdan,fr,shabbat,276,,2-Lamdan,sources/shabbat/siman-276/niveau-2-lamdan.html,"Siman <bdi>רע""ו</bdi> · Niveau 2 — Bougie allumée par un | Hilkhot Shabbat",200 (fichier présent),oui,oui,
https://daattorah.com/oh/276/synthese/en,en,shabbat,276,,3-Synthese,sources/shabbat/siman-276/niveau-3-synthese-en.html,"Siman <bdi>רע""ו</bdi> · Level 3 — Candle lit by a non-Jew on | Hilkhot Shabbat",200 (fichier présent),oui,oui,
https://daattorah.com/oh/276/synthese/he,he,shabbat,276,,3-Synthese,sources/shabbat/siman-276/niveau-3-synthese-he.html,"סימן <bdi>רע""ו</bdi> · רמה 3 סיכום מקיף — נר שהדליק הנכרי בשבת | DAAT",200 (fichier présent),oui,oui,
https://daattorah.com/oh/276/synthese,fr,shabbat,276,,3-Synthese,sources/shabbat/siman-276/niveau-3-synthese.html,"Siman <bdi>רע""ו</bdi> · Niveau 3 — Bougie allumée par un | Hilkhot Shabbat",200 (fichier présent),oui,oui,
https://daattorah.com/oh/276/daat-harav/en,en,shabbat,276,,4-DaatHaRav,sources/shabbat/siman-276/niveau-4-daat-harav-en.html,Siman 276 · Level 4 — Shitah of the Alter Rebbe | Hilkhot Shabbat,200 (fichier présent),oui,oui,
https://daattorah.com/oh/276/daat-harav/he,he,shabbat,276,,4-DaatHaRav,sources/shabbat/siman-276/niveau-4-daat-harav-he.html,סימן 276 · רמה 4 דעת הרב — שיטת אדמו״ר הזקן | DAAT,200 (fichier présent),oui,oui,
https://daattorah.com/oh/276/daat-harav,fr,shabbat,276,,4-DaatHaRav,sources/shabbat/siman-276/niveau-4-daat-harav.html,Siman 276 · Niveau 4 — Chitah de l'Admour HaZaken | Hilkhot Shabbat,200 (fichier présent),oui,oui,
https://daattorah.com/oh/277/en,en,shabbat,277,,Index,sources/shabbat/siman-277/index-en.html,Siman 277 — Not Causing the Light to Be | Hilkhot Shabbat,200 (fichier présent),oui,oui,
https://daattorah.com/oh/277/he,he,shabbat,277,,Index,sources/shabbat/siman-277/index-he.html,סימן רע״ז — שלא לגרום כיבוי הנר · שולחן ערוך · לימוד בעברית | DAAT,200 (fichier présent),oui,oui,
https://daattorah.com/oh/277/,fr,shabbat,277,,Index,sources/shabbat/siman-277/index.html,Siman 277 — Ne pas causer l'extinction de la bougie | Hilkhot Shabbat,200 (fichier présent),oui,oui,
https://daattorah.com/oh/277/base/en,en,shabbat,277,,1-Base,sources/shabbat/siman-277/niveau-1-base-en.html,"Siman <bdi>רע""ז</bdi> · Level 1 — Not causing the Shabbos lamp | Hilkhot Shabbat",200 (fichier présent),oui,oui,
https://daattorah.com/oh/277/base/he,he,shabbat,277,,1-Base,sources/shabbat/siman-277/niveau-1-base-he.html,"סימן <bdi>רע""ז</bdi> · רמה 1 — שלא לגרום כיבוי הנר בשבת | הלכות שבת",200 (fichier présent),oui,oui,
https://daattorah.com/oh/277/base,fr,shabbat,277,,1-Base,sources/shabbat/siman-277/niveau-1-base.html,"Siman <bdi>רע""ז</bdi> · Niveau 1 — Ne pas causer l'extinction | Hilkhot Shabbat",200 (fichier présent),oui,oui,
https://daattorah.com/oh/277/lamdan/en,en,shabbat,277,,2-Lamdan,sources/shabbat/siman-277/niveau-2-lamdan-en.html,"Siman <bdi>רע""ז</bdi> · Level 2 — Ne pas causer l'extinction | Hilkhot Shabbat",200 (fichier présent),oui,oui,
https://daattorah.com/oh/277/lamdan/he,he,shabbat,277,,2-Lamdan,sources/shabbat/siman-277/niveau-2-lamdan-he.html,"Siman <bdi>רע""ז</bdi> · רמה 2 — Ne pas causer l'extinction de la | הלכות שבת",200 (fichier présent),oui,oui,
https://daattorah.com/oh/277/lamdan,fr,shabbat,277,,2-Lamdan,sources/shabbat/siman-277/niveau-2-lamdan.html,"Siman <bdi>רע""ז</bdi> · Niveau 2 — Ne pas causer l'extinction | Hilkhot Shabbat",200 (fichier présent),oui,oui,
https://daattorah.com/oh/277/synthese/en,en,shabbat,277,,3-Synthese,sources/shabbat/siman-277/niveau-3-synthese-en.html,"Siman <bdi>רע""ז</bdi> · Level 3 — Not causing the Shabbos lamp | Hilkhot Shabbat",200 (fichier présent),oui,oui,
https://daattorah.com/oh/277/synthese/he,he,shabbat,277,,3-Synthese,sources/shabbat/siman-277/niveau-3-synthese-he.html,"סימן <bdi>רע""ז</bdi> · רמה 3 סיכום מאסטרי — שלא לגרום כיבוי הנר בשבת | DAAT",200 (fichier présent),oui,oui,
https://daattorah.com/oh/277/synthese,fr,shabbat,277,,3-Synthese,sources/shabbat/siman-277/niveau-3-synthese.html,"Siman <bdi>רע""ז</bdi> · Niveau 3 — Ne pas causer l'extinction | Hilkhot Shabbat",200 (fichier présent),oui,oui,
https://daattorah.com/oh/277/daat-harav/en,en,shabbat,277,,4-DaatHaRav,sources/shabbat/siman-277/niveau-4-daat-harav-en.html,Siman 277 · Level 4 — Shitah of the Alter Rebbe | Hilkhot Shabbat,200 (fichier présent),oui,oui,
https://daattorah.com/oh/277/daat-harav/he,he,shabbat,277,,4-DaatHaRav,sources/shabbat/siman-277/niveau-4-daat-harav-he.html,"סימן (סימן) 277 · רמה 4 דעת הרב — שיטת אדמו""ר הזקן | DAAT",200 (fichier présent),oui,oui,
https://daattorah.com/oh/277/daat-harav,fr,shabbat,277,,4-DaatHaRav,sources/shabbat/siman-277/niveau-4-daat-harav.html,Siman 277 · Niveau 4 — Chitah de l'Admour HaZaken | Hilkhot Shabbat,200 (fichier présent),oui,oui,
https://daattorah.com/oh/278/en,en,shabbat,278,,Index,sources/shabbat/siman-278/index-en.html,Siman 278 — Extinguishing the Light for a Sick | Hilkhot Shabbat,200 (fichier présent),oui,oui,
https://daattorah.com/oh/278/he,he,shabbat,278,,Index,sources/shabbat/siman-278/index-he.html,סימן רע״ח — מותר לכבות הנר בשביל החולה | הלכות שבת,200 (fichier présent),oui,oui,
https://daattorah.com/oh/278/,fr,shabbat,278,,Index,sources/shabbat/siman-278/index.html,Siman 278 — Permission d'éteindre la bougie pour un | Hilkhot Shabbat,200 (fichier présent),oui,oui,
https://daattorah.com/oh/278/base/en,en,shabbat,278,,1-Base,sources/shabbat/siman-278/niveau-1-base-en.html,"Siman <bdi>רע""ח</bdi> · Level 1 — Permission to extinguish the | Hilkhot Shabbat",200 (fichier présent),oui,oui,
https://daattorah.com/oh/278/base/he,he,shabbat,278,,1-Base,sources/shabbat/siman-278/niveau-1-base-he.html,"סימן <bdi>רע""ח</bdi> · רמה 1 — היתר כיבוי הנר בשביל החולה | הלכות שבת",200 (fichier présent),oui,oui,
https://daattorah.com/oh/278/base,fr,shabbat,278,,1-Base,sources/shabbat/siman-278/niveau-1-base.html,"Siman <bdi>רע""ח</bdi> · Niveau 1 — Permission d'éteindre la | Hilkhot Shabbat",200 (fichier présent),oui,oui,
https://daattorah.com/oh/278/lamdan/en,en,shabbat,278,,2-Lamdan,sources/shabbat/siman-278/niveau-2-lamdan-en.html,"Siman <bdi>רע""ח</bdi> · Level 2 — Permission d'éteindre la | Hilkhot Shabbat",200 (fichier présent),oui,oui,
https://daattorah.com/oh/278/lamdan/he,he,shabbat,278,,2-Lamdan,sources/shabbat/siman-278/niveau-2-lamdan-he.html,"Siman <bdi>רע""ח</bdi> · רמה 2 — Permission d'éteindre la bougie pour | הלכות שבת",200 (fichier présent),oui,oui,
https://daattorah.com/oh/278/lamdan,fr,shabbat,278,,2-Lamdan,sources/shabbat/siman-278/niveau-2-lamdan.html,"Siman <bdi>רע""ח</bdi> · Niveau 2 — Permission d'éteindre la | Hilkhot Shabbat",200 (fichier présent),oui,oui,
https://daattorah.com/oh/278/synthese/en,en,shabbat,278,,3-Synthese,sources/shabbat/siman-278/niveau-3-synthese-en.html,"Siman <bdi>רע""ח</bdi> · Level 3 — Permission to extinguish the | Hilkhot Shabbat",200 (fichier présent),oui,oui,
https://daattorah.com/oh/278/synthese/he,he,shabbat,278,,3-Synthese,sources/shabbat/siman-278/niveau-3-synthese-he.html,"סימן <bdi>רע""ח</bdi> · רמה 3 סיכום מקיף — היתר כיבוי הנר בשביל החולה | דעת",200 (fichier présent),oui,oui,
https://daattorah.com/oh/278/synthese,fr,shabbat,278,,3-Synthese,sources/shabbat/siman-278/niveau-3-synthese.html,"Siman <bdi>רע""ח</bdi> · Niveau 3 — Permission d'éteindre la | Hilkhot Shabbat",200 (fichier présent),oui,oui,
https://daattorah.com/oh/278/daat-harav/en,en,shabbat,278,,4-DaatHaRav,sources/shabbat/siman-278/niveau-4-daat-harav-en.html,Siman 278 · Level 4 — Shitah of the Alter Rebbe | Hilkhot Shabbat,200 (fichier présent),oui,oui,
https://daattorah.com/oh/278/daat-harav/he,he,shabbat,278,,4-DaatHaRav,sources/shabbat/siman-278/niveau-4-daat-harav-he.html,סימן 278 · רמה 4 דעת הרב — שיטת אדמו״ר הזקן | דעת,200 (fichier présent),oui,oui,
https://daattorah.com/oh/278/daat-harav,fr,shabbat,278,,4-DaatHaRav,sources/shabbat/siman-278/niveau-4-daat-harav.html,Siman 278 · Niveau 4 — Chitah de l'Admour HaZaken | Hilkhot Shabbat,200 (fichier présent),oui,oui,
https://daattorah.com/oh/279/en,en,shabbat,279,,Index,sources/shabbat/siman-279/index-en.html,Siman 279 — Moving the Shabbos Light (Muktzeh) | Hilkhot Shabbat,200 (fichier présent),oui,oui,
https://daattorah.com/oh/279/he,he,shabbat,279,,Index,sources/shabbat/siman-279/index-he.html,סימן רע״ט — טלטול הנר בשבת (מוקצה) · שולחן ערוך · לימוד בעברית | DAAT,200 (fichier présent),oui,oui,
https://daattorah.com/oh/279/,fr,shabbat,279,,Index,sources/shabbat/siman-279/index.html,Siman 279 — Déplacement de la bougie Shabbat | Hilkhot Shabbat,200 (fichier présent),oui,oui,
https://daattorah.com/oh/279/base/en,en,shabbat,279,,1-Base,sources/shabbat/siman-279/niveau-1-base-en.html,"Siman <bdi>רע""ט</bdi> · Level 1 — Moving the Shabbat Candle | Hilkhot Shabbat",200 (fichier présent),oui,oui,
https://daattorah.com/oh/279/base/he,he,shabbat,279,,1-Base,sources/shabbat/siman-279/niveau-1-base-he.html,"סימן רע""ט · רמה 1 בסיס — טלטול נר שבת (מוקצה) · מבוא לימודי | דעת",200 (fichier présent),oui,oui,
https://daattorah.com/oh/279/base,fr,shabbat,279,,1-Base,sources/shabbat/siman-279/niveau-1-base.html,"Siman <bdi>רע""ט</bdi> · Niveau 1 — Déplacement de la bougie | Hilkhot Shabbat",200 (fichier présent),oui,oui,
https://daattorah.com/oh/279/lamdan/en,en,shabbat,279,,2-Lamdan,sources/shabbat/siman-279/niveau-2-lamdan-en.html,"Siman <bdi>רע""ט</bdi> · Level 2 — Déplacement de la bougie | Hilkhot Shabbat",200 (fichier présent),oui,oui,
https://daattorah.com/oh/279/lamdan/he,he,shabbat,279,,2-Lamdan,sources/shabbat/siman-279/niveau-2-lamdan-he.html,"Siman <bdi>רע""ט</bdi> · רמה 2 — Déplacement de la bougie Shabbat | הלכות שבת",200 (fichier présent),oui,oui,
https://daattorah.com/oh/279/lamdan,fr,shabbat,279,,2-Lamdan,sources/shabbat/siman-279/niveau-2-lamdan.html,"Siman <bdi>רע""ט</bdi> · Niveau 2 — Déplacement de la bougie | Hilkhot Shabbat",200 (fichier présent),oui,oui,
https://daattorah.com/oh/279/synthese/en,en,shabbat,279,,3-Synthese,sources/shabbat/siman-279/niveau-3-synthese-en.html,"Siman <bdi>רע""ט</bdi> · Level 3 — Moving the Shabbat Candle | Hilkhot Shabbat",200 (fichier présent),oui,oui,
https://daattorah.com/oh/279/synthese/he,he,shabbat,279,,3-Synthese,sources/shabbat/siman-279/niveau-3-synthese-he.html,"סימן רע""ט · רמה 3 סיכום מקיף — טלטול נר שבת (מוקצה) | דעת",200 (fichier présent),oui,oui,
https://daattorah.com/oh/279/synthese,fr,shabbat,279,,3-Synthese,sources/shabbat/siman-279/niveau-3-synthese.html,"Siman <bdi>רע""ט</bdi> · Niveau 3 — Déplacement de la bougie | Hilkhot Shabbat",200 (fichier présent),oui,oui,
https://daattorah.com/oh/279/daat-harav/en,en,shabbat,279,,4-DaatHaRav,sources/shabbat/siman-279/niveau-4-daat-harav-en.html,Siman 279 · Level 4 Daat HaRav — Shittah of the Alter Rebbe | DAAT,200 (fichier présent),oui,oui,
https://daattorah.com/oh/279/daat-harav/he,he,shabbat,279,,4-DaatHaRav,sources/shabbat/siman-279/niveau-4-daat-harav-he.html,"סימן רע""ט · רמה 4 דעת הרב — שיטת אדמו""ר הזקן | דעת",200 (fichier présent),oui,oui,
https://daattorah.com/oh/279/daat-harav,fr,shabbat,279,,4-DaatHaRav,sources/shabbat/siman-279/niveau-4-daat-harav.html,Siman 279 · Niveau 4 — Chitah de l'Admour HaZaken | Hilkhot Shabbat,200 (fichier présent),oui,oui,
https://daattorah.com/oh/280/en,en,shabbat,280,,Index,sources/shabbat/siman-280/index-en.html,Siman 280 — Marital Relations on Shabbos | Hilkhot Shabbat,200 (fichier présent),oui,oui,
https://daattorah.com/oh/280/he,he,shabbat,280,,Index,sources/shabbat/siman-280/index-he.html,סימן ר״פ — דין תשמיש המטה בשבת · שולחן ערוך · לימוד בעברית | DAAT,200 (fichier présent),oui,oui,
https://daattorah.com/oh/280/,fr,shabbat,280,,Index,sources/shabbat/siman-280/index.html,Siman 280 — Les relations conjugales à Shabbat | Hilkhot Shabbat,200 (fichier présent),oui,oui,
https://daattorah.com/oh/280/base/en,en,shabbat,280,,1-Base,sources/shabbat/siman-280/niveau-1-base-en.html,Siman <bdi>280</bdi> · Level 1 — Marital Relations on Shabbos | Hilkhot Shabbat,200 (fichier présent),oui,oui,
https://daattorah.com/oh/280/base/he,he,shabbat,280,,1-Base,sources/shabbat/siman-280/niveau-1-base-he.html,"סימן <bdi>ר""פ</bdi> · רמה 1 — יסוד · עונג שבת ודין תשמיש המטה | דעת",200 (fichier présent),oui,oui,
https://daattorah.com/oh/280/base,fr,shabbat,280,,1-Base,sources/shabbat/siman-280/niveau-1-base.html,"Siman <bdi>ר""פ</bdi> · Niveau 1 — Les relations conjugales à | Hilkhot Shabbat",200 (fichier présent),oui,oui,
https://daattorah.com/oh/280/lamdan/en,en,shabbat,280,,2-Lamdan,sources/shabbat/siman-280/niveau-2-lamdan-en.html,"Siman <bdi>ר""פ</bdi> · Level 2 — Les relations conjugales à | Hilkhot Shabbat",200 (fichier présent),oui,oui,
https://daattorah.com/oh/280/lamdan/he,he,shabbat,280,,2-Lamdan,sources/shabbat/siman-280/niveau-2-lamdan-he.html,"Siman <bdi>ר""פ</bdi> · רמה 2 — Les relations conjugales à Shabbat | הלכות שבת",200 (fichier présent),oui,oui,
https://daattorah.com/oh/280/lamdan,fr,shabbat,280,,2-Lamdan,sources/shabbat/siman-280/niveau-2-lamdan.html,"Siman <bdi>ר""פ</bdi> · Niveau 2 — Les relations conjugales à | Hilkhot Shabbat",200 (fichier présent),oui,oui,
https://daattorah.com/oh/280/synthese/en,en,shabbat,280,,3-Synthese,sources/shabbat/siman-280/niveau-3-synthese-en.html,Siman <bdi>280</bdi> · Level 3 — Marital Relations on Shabbos | Hilkhot Shabbat,200 (fichier présent),oui,oui,
https://daattorah.com/oh/280/synthese/he,he,shabbat,280,,3-Synthese,sources/shabbat/siman-280/niveau-3-synthese-he.html,"סימן <bdi>ר""פ</bdi> · רמה 3 — סיכום מקיף · דין תשמיש המטה ועונג שבת | דעת",200 (fichier présent),oui,oui,
https://daattorah.com/oh/280/synthese,fr,shabbat,280,,3-Synthese,sources/shabbat/siman-280/niveau-3-synthese.html,"Siman <bdi>ר""פ</bdi> · Niveau 3 — Les relations conjugales à | Hilkhot Shabbat",200 (fichier présent),oui,oui,
https://daattorah.com/oh/280/daat-harav/en,en,shabbat,280,,4-DaatHaRav,sources/shabbat/siman-280/niveau-4-daat-harav-en.html,Siman 280 · Level 4 Daat HaRav — The Shitah of the Alter Rebbe | DAAT,200 (fichier présent),oui,oui,
https://daattorah.com/oh/280/daat-harav/he,he,shabbat,280,,4-DaatHaRav,sources/shabbat/siman-280/niveau-4-daat-harav-he.html,סימן ר״פ · רמה 4 דעת הרב — שיטת אדמו״ר הזקן | דעת,200 (fichier présent),oui,oui,
https://daattorah.com/oh/280/daat-harav,fr,shabbat,280,,4-DaatHaRav,sources/shabbat/siman-280/niveau-4-daat-harav.html,Siman 280 · Niveau 4 — Chitah de l'Admour HaZaken | Hilkhot Shabbat,200 (fichier présent),oui,oui,
https://daattorah.com/oh/281/en,en,shabbat,281,,Index,sources/shabbat/siman-281/index-en.html,Siman 281 — Zemiros and Shacharis of Shabbos Morning | Hilkhot Shabbat,200 (fichier présent),oui,oui,
https://daattorah.com/oh/281/he,he,shabbat,281,,Index,sources/shabbat/siman-281/index-he.html,סימן רפ״א — זמירות ותפילת שחרית של שבת | הלכות שבת,200 (fichier présent),oui,oui,
https://daattorah.com/oh/281/,fr,shabbat,281,,Index,sources/shabbat/siman-281/index.html,Siman 281 — Zemirot et tefilla du matin Shabbat | Hilkhot Shabbat,200 (fichier présent),oui,oui,
https://daattorah.com/oh/281/base/en,en,shabbat,281,,1-Base,sources/shabbat/siman-281/niveau-1-base-en.html,"Siman <bdi>רפ""א</bdi> · Level 1 — Zemiros and tefilah of | Hilkhot Shabbat",200 (fichier présent),oui,oui,
https://daattorah.com/oh/281/base/he,he,shabbat,281,,1-Base,sources/shabbat/siman-281/niveau-1-base-he.html,"סימן רפ""א · רמה 1 — זמירות ותפילה של שחרית של שבת | הלכות שבת",200 (fichier présent),oui,oui,
https://daattorah.com/oh/281/base,fr,shabbat,281,,1-Base,sources/shabbat/siman-281/niveau-1-base.html,"Siman <bdi>רפ""א</bdi> · Niveau 1 — Zemirot et tefilla du matin | Hilkhot Shabbat",200 (fichier présent),oui,oui,
https://daattorah.com/oh/281/lamdan/en,en,shabbat,281,,2-Lamdan,sources/shabbat/siman-281/niveau-2-lamdan-en.html,"Siman <bdi>רפ""א</bdi> · Level 2 — Zemirot et tefilla du matin | Hilkhot Shabbat",200 (fichier présent),oui,oui,
https://daattorah.com/oh/281/lamdan/he,he,shabbat,281,,2-Lamdan,sources/shabbat/siman-281/niveau-2-lamdan-he.html,"Siman <bdi>רפ""א</bdi> · רמה 2 — Zemirot et tefilla du matin Shabbat | הלכות שבת",200 (fichier présent),oui,oui,
https://daattorah.com/oh/281/lamdan,fr,shabbat,281,,2-Lamdan,sources/shabbat/siman-281/niveau-2-lamdan.html,"Siman <bdi>רפ""א</bdi> · Niveau 2 — Zemirot et tefilla du matin | Hilkhot Shabbat",200 (fichier présent),oui,oui,
https://daattorah.com/oh/281/synthese/en,en,shabbat,281,,3-Synthese,sources/shabbat/siman-281/niveau-3-synthese-en.html,"Siman <bdi>רפ""א</bdi> · Level 3 — Zemiros and tefilah of | Hilkhot Shabbat",200 (fichier présent),oui,oui,
https://daattorah.com/oh/281/synthese/he,he,shabbat,281,,3-Synthese,sources/shabbat/siman-281/niveau-3-synthese-he.html,"סימן רפ""א · רמה 3 סיכום מאסטרי — זמירות ותפילה של שחרית של שבת | דעת",200 (fichier présent),oui,oui,
https://daattorah.com/oh/281/synthese,fr,shabbat,281,,3-Synthese,sources/shabbat/siman-281/niveau-3-synthese.html,"Siman <bdi>רפ""א</bdi> · Niveau 3 — Zemirot et tefilla du matin | Hilkhot Shabbat",200 (fichier présent),oui,oui,
https://daattorah.com/oh/281/daat-harav/en,en,shabbat,281,,4-DaatHaRav,sources/shabbat/siman-281/niveau-4-daat-harav-en.html,Siman 281 · Level 4 — Shitah of the Alter Rebbe | Hilkhot Shabbat,200 (fichier présent),oui,oui,
https://daattorah.com/oh/281/daat-harav/he,he,shabbat,281,,4-DaatHaRav,sources/shabbat/siman-281/niveau-4-daat-harav-he.html,"סימן (סימן) 281 · רמה 4 דעת הרב — שיטת אדמו""ר הזקן | דעת",200 (fichier présent),oui,oui,
https://daattorah.com/oh/281/daat-harav,fr,shabbat,281,,4-DaatHaRav,sources/shabbat/siman-281/niveau-4-daat-harav.html,Siman 281 · Niveau 4 — Chitah de l'Admour HaZaken | Hilkhot Shabbat,200 (fichier présent),oui,oui,
https://daattorah.com/oh/282/en,en,shabbat,282,,Index,sources/shabbat/siman-282/index-en.html,Siman 282 — Krias HaTorah and Maftir of Shabbos | Hilkhot Shabbat,200 (fichier présent),oui,oui,
https://daattorah.com/oh/282/he,he,shabbat,282,,Index,sources/shabbat/siman-282/index-he.html,סימן רפ״ב — קריאת התורה והמפטיר · שולחן ערוך · לימוד בעברית | DAAT,200 (fichier présent),oui,oui,
https://daattorah.com/oh/282/,fr,shabbat,282,,Index,sources/shabbat/siman-282/index.html,Siman 282 — Lecture de la Torah et Maftir Shabbat | Hilkhot Shabbat,200 (fichier présent),oui,oui,
https://daattorah.com/oh/282/base/en,en,shabbat,282,,1-Base,sources/shabbat/siman-282/niveau-1-base-en.html,"Siman <bdi>רפ""ב</bdi> · Level 1 — Krias haTorah and Maftir on | Hilkhot Shabbat",200 (fichier présent),oui,oui,
https://daattorah.com/oh/282/base/he,he,shabbat,282,,1-Base,sources/shabbat/siman-282/niveau-1-base-he.html,"סימן רפ""ב · רמה 1 בסיס — קריאת התורה והמפטיר בשבת · מבוא לימודי | דעת",200 (fichier présent),oui,oui,
https://daattorah.com/oh/282/base,fr,shabbat,282,,1-Base,sources/shabbat/siman-282/niveau-1-base.html,"Siman <bdi>רפ""ב</bdi> · Niveau 1 — Lecture de la Torah et | Hilkhot Shabbat",200 (fichier présent),oui,oui,
https://daattorah.com/oh/282/lamdan/en,en,shabbat,282,,2-Lamdan,sources/shabbat/siman-282/niveau-2-lamdan-en.html,"Siman <bdi>רפ""ב</bdi> · Level 2 — Lecture de la Torah et | Hilkhot Shabbat",200 (fichier présent),oui,oui,
https://daattorah.com/oh/282/lamdan/he,he,shabbat,282,,2-Lamdan,sources/shabbat/siman-282/niveau-2-lamdan-he.html,"Siman <bdi>רפ""ב</bdi> · רמה 2 — Lecture de la Torah et Maftir Shabbat | הלכות שבת",200 (fichier présent),oui,oui,
https://daattorah.com/oh/282/lamdan,fr,shabbat,282,,2-Lamdan,sources/shabbat/siman-282/niveau-2-lamdan.html,"Siman <bdi>רפ""ב</bdi> · Niveau 2 — Lecture de la Torah et | Hilkhot Shabbat",200 (fichier présent),oui,oui,
https://daattorah.com/oh/282/synthese/en,en,shabbat,282,,3-Synthese,sources/shabbat/siman-282/niveau-3-synthese-en.html,"Siman <bdi>רפ""ב</bdi> · Level 3 — Krias haTorah and Maftir on | Hilkhot Shabbat",200 (fichier présent),oui,oui,
https://daattorah.com/oh/282/synthese/he,he,shabbat,282,,3-Synthese,sources/shabbat/siman-282/niveau-3-synthese-he.html,"סימן רפ""ב · רמה 3 סיכום מקיף — קריאת התורה והמפטיר בשבת | דעת",200 (fichier présent),oui,oui,
https://daattorah.com/oh/282/synthese,fr,shabbat,282,,3-Synthese,sources/shabbat/siman-282/niveau-3-synthese.html,"Siman <bdi>רפ""ב</bdi> · Niveau 3 — Lecture de la Torah et | Hilkhot Shabbat",200 (fichier présent),oui,oui,
https://daattorah.com/oh/282/daat-harav/en,en,shabbat,282,,4-DaatHaRav,sources/shabbat/siman-282/niveau-4-daat-harav-en.html,Siman 282 · Level 4 Daat HaRav — Shittah (שיטה) of | Hilkhot Shabbat,200 (fichier présent),oui,oui,
https://daattorah.com/oh/282/daat-harav/he,he,shabbat,282,,4-DaatHaRav,sources/shabbat/siman-282/niveau-4-daat-harav-he.html,"סימן רפ""ב · רמה 4 דעת הרב — שיטת אדמו""ר הזקן | דעת",200 (fichier présent),oui,oui,
https://daattorah.com/oh/282/daat-harav,fr,shabbat,282,,4-DaatHaRav,sources/shabbat/siman-282/niveau-4-daat-harav.html,Siman 282 · Niveau 4 — Chitah de l'Admour HaZaken | Hilkhot Shabbat,200 (fichier présent),oui,oui,
https://daattorah.com/oh/283/en,en,shabbat,283,,Index,sources/shabbat/siman-283/index-en.html,Siman 283 — Why we don't take out 2 Sifrei Torah on | Hilkhot Shabbat,200 (fichier présent),oui,oui,
https://daattorah.com/oh/283/he,he,shabbat,283,,Index,sources/shabbat/siman-283/index-he.html,סימן רפ״ג — מדוע אין מוציאין שני ספרי תורה בשבת | הלכות שבת,200 (fichier présent),oui,oui,
https://daattorah.com/oh/283/,fr,shabbat,283,,Index,sources/shabbat/siman-283/index.html,Siman 283 — Pourquoi on ne sort pas 2 sefer torah | Hilkhot Shabbat,200 (fichier présent),oui,oui,
https://daattorah.com/oh/283/base/en,en,shabbat,283,,1-Base,sources/shabbat/siman-283/niveau-1-base-en.html,"Siman <bdi>רפ""ג</bdi> · Level 1 — Why We Don't Take Out 2 | Hilkhot Shabbat",200 (fichier présent),oui,oui,
https://daattorah.com/oh/283/base/he,he,shabbat,283,,1-Base,sources/shabbat/siman-283/niveau-1-base-he.html,סימן רפ״ג · רמה 1 — מדוע אין מוציאין שני ספרי תורה בשבת | הלכות שבת,200 (fichier présent),oui,oui,
https://daattorah.com/oh/283/base,fr,shabbat,283,,1-Base,sources/shabbat/siman-283/niveau-1-base.html,"Siman <bdi>רפ""ג</bdi> · Niveau 1 — Pourquoi on ne sort pas 2 | Hilkhot Shabbat",200 (fichier présent),oui,oui,
https://daattorah.com/oh/283/lamdan/en,en,shabbat,283,,2-Lamdan,sources/shabbat/siman-283/niveau-2-lamdan-en.html,"Siman <bdi>רפ""ג</bdi> · Level 2 — Pourquoi on ne sort pas 2 | Hilkhot Shabbat",200 (fichier présent),oui,oui,
https://daattorah.com/oh/283/lamdan/he,he,shabbat,283,,2-Lamdan,sources/shabbat/siman-283/niveau-2-lamdan-he.html,"Siman <bdi>רפ""ג</bdi> · רמה 2 — Pourquoi on ne sort pas 2 sefer | הלכות שבת",200 (fichier présent),oui,oui,
https://daattorah.com/oh/283/lamdan,fr,shabbat,283,,2-Lamdan,sources/shabbat/siman-283/niveau-2-lamdan.html,"Siman <bdi>רפ""ג</bdi> · Niveau 2 — Pourquoi on ne sort pas 2 | Hilkhot Shabbat",200 (fichier présent),oui,oui,
https://daattorah.com/oh/283/synthese/en,en,shabbat,283,,3-Synthese,sources/shabbat/siman-283/niveau-3-synthese-en.html,"Siman <bdi>רפ""ג</bdi> · Level 3 — Why We Don't Take Out 2 | Hilkhot Shabbat",200 (fichier présent),oui,oui,
https://daattorah.com/oh/283/synthese/he,he,shabbat,283,,3-Synthese,sources/shabbat/siman-283/niveau-3-synthese-he.html,סימן רפ״ג · רמה 3 סינתזה מקיפה — מדוע אין מוציאין שני | הלכות שבת,200 (fichier présent),oui,oui,
https://daattorah.com/oh/283/synthese,fr,shabbat,283,,3-Synthese,sources/shabbat/siman-283/niveau-3-synthese.html,"Siman <bdi>רפ""ג</bdi> · Niveau 3 — Pourquoi on ne sort pas 2 | Hilkhot Shabbat",200 (fichier présent),oui,oui,
https://daattorah.com/oh/283/daat-harav/en,en,shabbat,283,,4-DaatHaRav,sources/shabbat/siman-283/niveau-4-daat-harav-en.html,Siman 283 · Level 4 — Shitah of the Alter Rebbe | Hilkhot Shabbat,200 (fichier présent),oui,oui,
https://daattorah.com/oh/283/daat-harav/he,he,shabbat,283,,4-DaatHaRav,sources/shabbat/siman-283/niveau-4-daat-harav-he.html,סימן רפ״ג · רמה 4 דעת הרב — שיטת אדמו״ר הזקן | דעת,200 (fichier présent),oui,oui,
https://daattorah.com/oh/283/daat-harav,fr,shabbat,283,,4-DaatHaRav,sources/shabbat/siman-283/niveau-4-daat-harav.html,Siman 283 · Niveau 4 — Chitah de l'Admour HaZaken | Hilkhot Shabbat,200 (fichier présent),oui,oui,
https://daattorah.com/oh/284/en,en,shabbat,284,,Index,sources/shabbat/siman-284/index-en.html,Siman 284 — The Haftarah and its brachos | Hilkhot Shabbat,200 (fichier présent),oui,oui,
https://daattorah.com/oh/284/he,he,shabbat,284,,Index,sources/shabbat/siman-284/index-he.html,סימן רפ״ד — דין ההפטרה וברכותיה · שולחן ערוך · לימוד בעברית | דעת,200 (fichier présent),oui,oui,
https://daattorah.com/oh/284/,fr,shabbat,284,,Index,sources/shabbat/siman-284/index.html,Siman 284 — La haftarah et ses brakhot | Hilkhot Shabbat,200 (fichier présent),oui,oui,
https://daattorah.com/oh/284/base/en,en,shabbat,284,,1-Base,sources/shabbat/siman-284/niveau-1-base-en.html,"Siman <bdi>רפ""ד</bdi> · Level 1 — The haftarah and its brachos | Hilkhot Shabbat",200 (fichier présent),oui,oui,
https://daattorah.com/oh/284/base/he,he,shabbat,284,,1-Base,sources/shabbat/siman-284/niveau-1-base-he.html,סימן רפ״ד · רמה 1 בסיס — דין ההפטרה וברכותיה · מבוא לימודי | דעת,200 (fichier présent),oui,oui,
https://daattorah.com/oh/284/base,fr,shabbat,284,,1-Base,sources/shabbat/siman-284/niveau-1-base.html,"Siman <bdi>רפ""ד</bdi> · Niveau 1 — La haftarah et ses brakhot | Hilkhot Shabbat",200 (fichier présent),oui,oui,
https://daattorah.com/oh/284/lamdan/en,en,shabbat,284,,2-Lamdan,sources/shabbat/siman-284/niveau-2-lamdan-en.html,"Siman <bdi>רפ""ד</bdi> · Level 2 — La haftarah et ses brakhot | Hilkhot Shabbat",200 (fichier présent),oui,oui,
https://daattorah.com/oh/284/lamdan/he,he,shabbat,284,,2-Lamdan,sources/shabbat/siman-284/niveau-2-lamdan-he.html,"Siman <bdi>רפ""ד</bdi> · רמה 2 — La haftarah et ses brakhot | הלכות שבת",200 (fichier présent),oui,oui,
https://daattorah.com/oh/284/lamdan,fr,shabbat,284,,2-Lamdan,sources/shabbat/siman-284/niveau-2-lamdan.html,"Siman <bdi>רפ""ד</bdi> · Niveau 2 — La haftarah et ses brakhot | Hilkhot Shabbat",200 (fichier présent),oui,oui,
https://daattorah.com/oh/284/synthese/en,en,shabbat,284,,3-Synthese,sources/shabbat/siman-284/niveau-3-synthese-en.html,"Siman <bdi>רפ""ד</bdi> · Level 3 — The haftarah and its brachos | Hilkhot Shabbat",200 (fichier présent),oui,oui,
https://daattorah.com/oh/284/synthese/he,he,shabbat,284,,3-Synthese,sources/shabbat/siman-284/niveau-3-synthese-he.html,סימן רפ״ד · רמה 3 סיכום מאסטר — דין ההפטרה וברכותיה | דעת,200 (fichier présent),oui,oui,
https://daattorah.com/oh/284/synthese,fr,shabbat,284,,3-Synthese,sources/shabbat/siman-284/niveau-3-synthese.html,"Siman <bdi>רפ""ד</bdi> · Niveau 3 — La haftarah et ses brakhot | Hilkhot Shabbat",200 (fichier présent),oui,oui,
https://daattorah.com/oh/284/daat-harav/en,en,shabbat,284,,4-DaatHaRav,sources/shabbat/siman-284/niveau-4-daat-harav-en.html,Siman 284 · Level 4 — Shitah of the Alter Rebbe | Hilkhot Shabbat,200 (fichier présent),oui,oui,
https://daattorah.com/oh/284/daat-harav/he,he,shabbat,284,,4-DaatHaRav,sources/shabbat/siman-284/niveau-4-daat-harav-he.html,סימן רפ״ד · רמה 4 דעת הרב — שיטת אדמו״ר הזקן | דעת,200 (fichier présent),oui,oui,
https://daattorah.com/oh/284/daat-harav,fr,shabbat,284,,4-DaatHaRav,sources/shabbat/siman-284/niveau-4-daat-harav.html,Siman 284 · Niveau 4 — Chitah de l'Admour HaZaken | Hilkhot Shabbat,200 (fichier présent),oui,oui,
https://daattorah.com/oh/285/en,en,shabbat,285,,Index,sources/shabbat/siman-285/index-en.html,Siman 285 — Reading the parashah twice in Hebrew | Hilkhot Shabbat,200 (fichier présent),oui,oui,
https://daattorah.com/oh/285/he,he,shabbat,285,,Index,sources/shabbat/siman-285/index-he.html,סימן רפ״ה — לקרוא הפרשה שניים מקרא ואחד תרגום | הלכות שבת,200 (fichier présent),oui,oui,
https://daattorah.com/oh/285/,fr,shabbat,285,,Index,sources/shabbat/siman-285/index.html,Siman 285 — Lire la parasha 2 fois en hébreu | Hilkhot Shabbat,200 (fichier présent),oui,oui,
https://daattorah.com/oh/285/base/en,en,shabbat,285,,1-Base,sources/shabbat/siman-285/niveau-1-base-en.html,"Siman רפ""ה · Level 1 — Reading the parashah twice | Hilkhot Shabbat",200 (fichier présent),oui,oui,
https://daattorah.com/oh/285/base/he,he,shabbat,285,,1-Base,sources/shabbat/siman-285/niveau-1-base-he.html,סימן רפ״ה · רמה 1 — לקרוא את הפרשה שניים מקרא ואחד תרגום | הלכות שבת,200 (fichier présent),oui,oui,
https://daattorah.com/oh/285/base,fr,shabbat,285,,1-Base,sources/shabbat/siman-285/niveau-1-base.html,"Siman <bdi>רפ""ה</bdi> · Niveau 1 — Lire la parasha 2 fois en | Hilkhot Shabbat",200 (fichier présent),oui,oui,
https://daattorah.com/oh/285/lamdan/en,en,shabbat,285,,2-Lamdan,sources/shabbat/siman-285/niveau-2-lamdan-en.html,"Siman <bdi>רפ""ה</bdi> · Level 2 — Lire la parasha 2 fois en | Hilkhot Shabbat",200 (fichier présent),oui,oui,
https://daattorah.com/oh/285/lamdan/he,he,shabbat,285,,2-Lamdan,sources/shabbat/siman-285/niveau-2-lamdan-he.html,"Siman <bdi>רפ""ה</bdi> · רמה 2 — Lire la parasha 2 fois en hébreu | הלכות שבת",200 (fichier présent),oui,oui,
https://daattorah.com/oh/285/lamdan,fr,shabbat,285,,2-Lamdan,sources/shabbat/siman-285/niveau-2-lamdan.html,"Siman <bdi>רפ""ה</bdi> · Niveau 2 — Lire la parasha 2 fois en | Hilkhot Shabbat",200 (fichier présent),oui,oui,
https://daattorah.com/oh/285/synthese/en,en,shabbat,285,,3-Synthese,sources/shabbat/siman-285/niveau-3-synthese-en.html,"Siman רפ""ה · Level 3 — Reading the parashah twice | Hilkhot Shabbat",200 (fichier présent),oui,oui,
https://daattorah.com/oh/285/synthese/he,he,shabbat,285,,3-Synthese,sources/shabbat/siman-285/niveau-3-synthese-he.html,סימן רפ״ה · רמה 3 סיכום מאסטרי — לקרוא את הפרשה שניים | הלכות שבת,200 (fichier présent),oui,oui,
https://daattorah.com/oh/285/synthese,fr,shabbat,285,,3-Synthese,sources/shabbat/siman-285/niveau-3-synthese.html,"Siman <bdi>רפ""ה</bdi> · Niveau 3 — Lire la parasha 2 fois en | Hilkhot Shabbat",200 (fichier présent),oui,oui,
https://daattorah.com/oh/285/daat-harav/en,en,shabbat,285,,4-DaatHaRav,sources/shabbat/siman-285/niveau-4-daat-harav-en.html,Siman 285 · Level 4 — Shitah of the Alter Rebbe | Hilkhot Shabbat,200 (fichier présent),oui,oui,
https://daattorah.com/oh/285/daat-harav/he,he,shabbat,285,,4-DaatHaRav,sources/shabbat/siman-285/niveau-4-daat-harav-he.html,סימן רפ״ה · רמה 4 דעת הרב — שיטת אדמו״ר הזקן | דעת,200 (fichier présent),oui,oui,
https://daattorah.com/oh/285/daat-harav,fr,shabbat,285,,4-DaatHaRav,sources/shabbat/siman-285/niveau-4-daat-harav.html,Siman 285 · Niveau 4 — Chitah de l'Admour HaZaken | Hilkhot Shabbat,200 (fichier présent),oui,oui,
https://daattorah.com/oh/286/en,en,shabbat,286,,Index,sources/shabbat/siman-286/index-en.html,Siman 286 — The Mussaf Tefillah of Shabbos | Hilkhot Shabbat,200 (fichier présent),oui,oui,
https://daattorah.com/oh/286/he,he,shabbat,286,,Index,sources/shabbat/siman-286/index-he.html,סימן רפ״ו — דיני תפילת מוסף בשבת · שולחן ערוך · לימוד בעברית | דעת,200 (fichier présent),oui,oui,
https://daattorah.com/oh/286/,fr,shabbat,286,,Index,sources/shabbat/siman-286/index.html,Siman 286 — La tefilla de Moussaf Shabbat | Hilkhot Shabbat,200 (fichier présent),oui,oui,
https://daattorah.com/oh/286/base/en,en,shabbat,286,,1-Base,sources/shabbat/siman-286/niveau-1-base-en.html,Siman <bdi>רפ״ו</bdi> · Level 1 — The Musaf tefilah of Shabbos | Hilkhot Shabbat,200 (fichier présent),oui,oui,
https://daattorah.com/oh/286/base/he,he,shabbat,286,,1-Base,sources/shabbat/siman-286/niveau-1-base-he.html,סימן <bdi>רפ״ו</bdi> · רמה 1 בסיס — תפילת מוסף של שבת · מבוא לימודי | דעת,200 (fichier présent),oui,oui,
https://daattorah.com/oh/286/base,fr,shabbat,286,,1-Base,sources/shabbat/siman-286/niveau-1-base.html,"Siman <bdi>רפ""ו</bdi> · Niveau 1 — La tefilla de Moussaf | Hilkhot Shabbat",200 (fichier présent),oui,oui,
https://daattorah.com/oh/286/lamdan/en,en,shabbat,286,,2-Lamdan,sources/shabbat/siman-286/niveau-2-lamdan-en.html,"Siman <bdi>רפ""ו</bdi> · Level 2 — La tefilla de Moussaf Shabbat | Hilkhot Shabbat",200 (fichier présent),oui,oui,
https://daattorah.com/oh/286/lamdan/he,he,shabbat,286,,2-Lamdan,sources/shabbat/siman-286/niveau-2-lamdan-he.html,"Siman <bdi>רפ""ו</bdi> · רמה 2 — La tefilla de Moussaf Shabbat | הלכות שבת",200 (fichier présent),oui,oui,
https://daattorah.com/oh/286/lamdan,fr,shabbat,286,,2-Lamdan,sources/shabbat/siman-286/niveau-2-lamdan.html,"Siman <bdi>רפ""ו</bdi> · Niveau 2 — La tefilla de Moussaf | Hilkhot Shabbat",200 (fichier présent),oui,oui,
https://daattorah.com/oh/286/synthese/en,en,shabbat,286,,3-Synthese,sources/shabbat/siman-286/niveau-3-synthese-en.html,Siman <bdi>רפ״ו</bdi> · Level 3 Synthesis — The Musaf tefilah of Shabbos | DAAT,200 (fichier présent),oui,oui,
https://daattorah.com/oh/286/synthese/he,he,shabbat,286,,3-Synthese,sources/shabbat/siman-286/niveau-3-synthese-he.html,סימן <bdi>רפ״ו</bdi> · רמה 3 סיכום — תפילת מוסף של שבת | דעת,200 (fichier présent),oui,oui,
https://daattorah.com/oh/286/synthese,fr,shabbat,286,,3-Synthese,sources/shabbat/siman-286/niveau-3-synthese.html,"Siman <bdi>רפ""ו</bdi> · Niveau 3 — La tefilla de Moussaf | Hilkhot Shabbat",200 (fichier présent),oui,oui,
https://daattorah.com/oh/286/daat-harav/en,en,shabbat,286,,4-DaatHaRav,sources/shabbat/siman-286/niveau-4-daat-harav-en.html,Siman 286 · Level 4 — Shitah of the Alter Rebbe on | Hilkhot Shabbat,200 (fichier présent),oui,oui,
https://daattorah.com/oh/286/daat-harav/he,he,shabbat,286,,4-DaatHaRav,sources/shabbat/siman-286/niveau-4-daat-harav-he.html,סימן רפ״ו · רמה 4 דעת הרב — שיטת אדמו״ר הזקן | דעת,200 (fichier présent),oui,oui,
https://daattorah.com/oh/286/daat-harav,fr,shabbat,286,,4-DaatHaRav,sources/shabbat/siman-286/niveau-4-daat-harav.html,Siman 286 · Niveau 4 — Chitah de l'Admour HaZaken | Hilkhot Shabbat,200 (fichier présent),oui,oui,
https://daattorah.com/oh/287/en,en,shabbat,287,,Index,sources/shabbat/siman-287/index-en.html,Siman 287 — Nichum Aveilim and Bikkur Cholim on | Hilkhot Shabbat,200 (fichier présent),oui,oui,
https://daattorah.com/oh/287/he,he,shabbat,287,,Index,sources/shabbat/siman-287/index-he.html,סימן רפ״ז — ניחום אבלים וביקור חולים בשבת | הלכות שבת,200 (fichier présent),oui,oui,
https://daattorah.com/oh/287/,fr,shabbat,287,,Index,sources/shabbat/siman-287/index.html,Siman 287 — Visite des malades et consolation des | Hilkhot Shabbat,200 (fichier présent),oui,oui,
https://daattorah.com/oh/287/base/en,en,shabbat,287,,1-Base,sources/shabbat/siman-287/niveau-1-base-en.html,Siman <bdi>רפ״ז</bdi> · Level 1 — Nichum Aveilim and Bikur | Hilkhot Shabbat,200 (fichier présent),oui,oui,
https://daattorah.com/oh/287/base/he,he,shabbat,287,,1-Base,sources/shabbat/siman-287/niveau-1-base-he.html,סימן <bdi>רפ״ז</bdi> · רמה 1 בסיס — ניחום אבלים וביקור חולים בשבת | דעת,200 (fichier présent),oui,oui,
https://daattorah.com/oh/287/base,fr,shabbat,287,,1-Base,sources/shabbat/siman-287/niveau-1-base.html,"Siman <bdi>רפ""ז</bdi> · Niveau 1 — Visite des malades et | Hilkhot Shabbat",200 (fichier présent),oui,oui,
https://daattorah.com/oh/287/lamdan/en,en,shabbat,287,,2-Lamdan,sources/shabbat/siman-287/niveau-2-lamdan-en.html,"Siman <bdi>רפ""ז</bdi> · Level 2 — Visite des malades et | Hilkhot Shabbat",200 (fichier présent),oui,oui,
https://daattorah.com/oh/287/lamdan/he,he,shabbat,287,,2-Lamdan,sources/shabbat/siman-287/niveau-2-lamdan-he.html,"Siman <bdi>רפ""ז</bdi> · רמה 2 — Visite des malades et consolation | הלכות שבת",200 (fichier présent),oui,oui,
https://daattorah.com/oh/287/lamdan,fr,shabbat,287,,2-Lamdan,sources/shabbat/siman-287/niveau-2-lamdan.html,"Siman <bdi>רפ""ז</bdi> · Niveau 2 — Visite des malades et | Hilkhot Shabbat",200 (fichier présent),oui,oui,
https://daattorah.com/oh/287/synthese/en,en,shabbat,287,,3-Synthese,sources/shabbat/siman-287/niveau-3-synthese-en.html,Siman <bdi>רפ״ז</bdi> · Level 3 — Nichum Aveilim and Bikur | Hilkhot Shabbat,200 (fichier présent),oui,oui,
https://daattorah.com/oh/287/synthese/he,he,shabbat,287,,3-Synthese,sources/shabbat/siman-287/niveau-3-synthese-he.html,סימן <bdi>רפ״ז</bdi> · רמה 3 סיכום מגיסטרלי — ניחום אבלים וביקור חולים בשבת | דעת,200 (fichier présent),oui,oui,
https://daattorah.com/oh/287/synthese,fr,shabbat,287,,3-Synthese,sources/shabbat/siman-287/niveau-3-synthese.html,"Siman <bdi>רפ""ז</bdi> · Niveau 3 — Visite des malades et | Hilkhot Shabbat",200 (fichier présent),oui,oui,
https://daattorah.com/oh/287/daat-harav/en,en,shabbat,287,,4-DaatHaRav,sources/shabbat/siman-287/niveau-4-daat-harav-en.html,Siman רפ״ז · Level 4 Daat HaRav — Shitah of the Alter Rebbe | DAAT,200 (fichier présent),oui,oui,
https://daattorah.com/oh/287/daat-harav/he,he,shabbat,287,,4-DaatHaRav,sources/shabbat/siman-287/niveau-4-daat-harav-he.html,סימן רפ״ז · רמה 4 דעת הרב — שיטת אדמו״ר הזקן | דעת,200 (fichier présent),oui,oui,
https://daattorah.com/oh/287/daat-harav,fr,shabbat,287,,4-DaatHaRav,sources/shabbat/siman-287/niveau-4-daat-harav.html,Siman 287 · Niveau 4 — Chitah de l'Admour HaZaken | Hilkhot Shabbat,200 (fichier présent),oui,oui,
https://daattorah.com/oh/288/en,en,shabbat,288,,Index,sources/shabbat/siman-288/index-en.html,Siman 288 — Fasting and Ta'anis Chalom on Shabbos | Hilkhot Shabbat,200 (fichier présent),oui,oui,
https://daattorah.com/oh/288/he,he,shabbat,288,,Index,sources/shabbat/siman-288/index-he.html,סימן רפ״ח — דין תענית ודין תענית חלום בשבת | הלכות שבת,200 (fichier présent),oui,oui,
https://daattorah.com/oh/288/,fr,shabbat,288,,Index,sources/shabbat/siman-288/index.html,Siman 288 — Jeûne et jeûne suite à un rêve à Shabbat | Hilkhot Shabbat,200 (fichier présent),oui,oui,
https://daattorah.com/oh/288/base/en,en,shabbat,288,,1-Base,sources/shabbat/siman-288/niveau-1-base-en.html,"Siman <bdi>רפ""ח</bdi> · Level 1 — Fasting and Fasting Due to a | Hilkhot Shabbat",200 (fichier présent),oui,oui,
https://daattorah.com/oh/288/base/he,he,shabbat,288,,1-Base,sources/shabbat/siman-288/niveau-1-base-he.html,"סימן רפ""ח · רמה 1 — דין תענית ודין תענית חלום בשבת | הלכות שבת",200 (fichier présent),oui,oui,
https://daattorah.com/oh/288/base,fr,shabbat,288,,1-Base,sources/shabbat/siman-288/niveau-1-base.html,"Siman <bdi>רפ""ח</bdi> · Niveau 1 — Jeûne et jeûne suite à un | Hilkhot Shabbat",200 (fichier présent),oui,oui,
https://daattorah.com/oh/288/lamdan/en,en,shabbat,288,,2-Lamdan,sources/shabbat/siman-288/niveau-2-lamdan-en.html,"Siman <bdi>רפ""ח</bdi> · Level 2 — Jeûne et jeûne suite à un | Hilkhot Shabbat",200 (fichier présent),oui,oui,
https://daattorah.com/oh/288/lamdan/he,he,shabbat,288,,2-Lamdan,sources/shabbat/siman-288/niveau-2-lamdan-he.html,"Siman <bdi>רפ""ח</bdi> · רמה 2 — Jeûne et jeûne suite à un rêve à | הלכות שבת",200 (fichier présent),oui,oui,
https://daattorah.com/oh/288/lamdan,fr,shabbat,288,,2-Lamdan,sources/shabbat/siman-288/niveau-2-lamdan.html,"Siman <bdi>רפ""ח</bdi> · Niveau 2 — Jeûne et jeûne suite à un | Hilkhot Shabbat",200 (fichier présent),oui,oui,
https://daattorah.com/oh/288/synthese/en,en,shabbat,288,,3-Synthese,sources/shabbat/siman-288/niveau-3-synthese-en.html,"Siman <bdi>רפ""ח</bdi> · Level 3 — Fasting and Fasting Due to a | Hilkhot Shabbat",200 (fichier présent),oui,oui,
https://daattorah.com/oh/288/synthese/he,he,shabbat,288,,3-Synthese,sources/shabbat/siman-288/niveau-3-synthese-he.html,"סימן רפ""ח · רמה 3 סיכום מורה — דין תענית ודין תענית חלום בשבת | דעת",200 (fichier présent),oui,oui,
https://daattorah.com/oh/288/synthese,fr,shabbat,288,,3-Synthese,sources/shabbat/siman-288/niveau-3-synthese.html,"Siman <bdi>רפ""ח</bdi> · Niveau 3 — Jeûne et jeûne suite à un | Hilkhot Shabbat",200 (fichier présent),oui,oui,
https://daattorah.com/oh/288/daat-harav/en,en,shabbat,288,,4-DaatHaRav,sources/shabbat/siman-288/niveau-4-daat-harav-en.html,Siman 288 · Level 4 Daat HaRav — Shittah (שיטה) of | Hilkhot Shabbat,200 (fichier présent),oui,oui,
https://daattorah.com/oh/288/daat-harav/he,he,shabbat,288,,4-DaatHaRav,sources/shabbat/siman-288/niveau-4-daat-harav-he.html,"סימן רפ""ח · רמה 4 דעת הרב — שיטת אדמו""ר הזקן | דעת",200 (fichier présent),oui,oui,
https://daattorah.com/oh/288/daat-harav,fr,shabbat,288,,4-DaatHaRav,sources/shabbat/siman-288/niveau-4-daat-harav.html,Siman 288 · Niveau 4 — Chitah de l'Admour HaZaken | Hilkhot Shabbat,200 (fichier présent),oui,oui,
https://daattorah.com/oh/289/en,en,shabbat,289,,Index,sources/shabbat/siman-289/index-en.html,Siman 289 — Seder of the Shabbos Shacharis Seudah | Hilkhot Shabbat,200 (fichier présent),oui,oui,
https://daattorah.com/oh/289/he,he,shabbat,289,,Index,sources/shabbat/siman-289/index-he.html,סימן רפ״ט — סדר סעודת שחרית של שבת · שולחן ערוך · לימוד בעברית | דעת,200 (fichier présent),oui,oui,
https://daattorah.com/oh/289/,fr,shabbat,289,,Index,sources/shabbat/siman-289/index.html,Siman 289 — L'ordre du repas du matin Shabbat | Hilkhot Shabbat,200 (fichier présent),oui,oui,
https://daattorah.com/oh/289/base/en,en,shabbat,289,,1-Base,sources/shabbat/siman-289/niveau-1-base-en.html,"Siman <bdi>רפ""ט</bdi> · DAAT · Level 1 — Order of the Shabbos | Hilkhot Shabbat",200 (fichier présent),oui,oui,
https://daattorah.com/oh/289/base/he,he,shabbat,289,,1-Base,sources/shabbat/siman-289/niveau-1-base-he.html,"סימן <bdi>רפ""ט</bdi> · דעת · רמה 1 — סדר סעודת שחרית של שבת | הלכות שבת",200 (fichier présent),oui,oui,
https://daattorah.com/oh/289/base,fr,shabbat,289,,1-Base,sources/shabbat/siman-289/niveau-1-base.html,"Siman <bdi>רפ""ט</bdi> · Niveau 1 — L'ordre du repas du matin | Hilkhot Shabbat",200 (fichier présent),oui,oui,
https://daattorah.com/oh/289/lamdan/en,en,shabbat,289,,2-Lamdan,sources/shabbat/siman-289/niveau-2-lamdan-en.html,"Siman <bdi>רפ""ט</bdi> · Level 2 — L'ordre du repas du matin | Hilkhot Shabbat",200 (fichier présent),oui,oui,
https://daattorah.com/oh/289/lamdan/he,he,shabbat,289,,2-Lamdan,sources/shabbat/siman-289/niveau-2-lamdan-he.html,"Siman <bdi>רפ""ט</bdi> · רמה 2 — L'ordre du repas du matin Shabbat | הלכות שבת",200 (fichier présent),oui,oui,
https://daattorah.com/oh/289/lamdan,fr,shabbat,289,,2-Lamdan,sources/shabbat/siman-289/niveau-2-lamdan.html,"Siman <bdi>רפ""ט</bdi> · Niveau 2 — L'ordre du repas du matin | Hilkhot Shabbat",200 (fichier présent),oui,oui,
https://daattorah.com/oh/289/synthese/en,en,shabbat,289,,3-Synthese,sources/shabbat/siman-289/niveau-3-synthese-en.html,"Siman <bdi>רפ""ט</bdi> · DAAT · Level 3 — Master Synthesis | Hilkhot Shabbat",200 (fichier présent),oui,oui,
https://daattorah.com/oh/289/synthese/he,he,shabbat,289,,3-Synthese,sources/shabbat/siman-289/niveau-3-synthese-he.html,"סימן <bdi>רפ""ט</bdi> · דעת · רמה 3 — סינתזה — סדר סעודת שחרית של שבת | DAAT",200 (fichier présent),oui,oui,
https://daattorah.com/oh/289/synthese,fr,shabbat,289,,3-Synthese,sources/shabbat/siman-289/niveau-3-synthese.html,"Siman <bdi>רפ""ט</bdi> · Niveau 3 — L'ordre du repas du matin | Hilkhot Shabbat",200 (fichier présent),oui,oui,
https://daattorah.com/oh/289/daat-harav/en,en,shabbat,289,,4-DaatHaRav,sources/shabbat/siman-289/niveau-4-daat-harav-en.html,Siman 289 · DAAT · Level 4 — Daat HaRav — Shitah | Hilkhot Shabbat,200 (fichier présent),oui,oui,
https://daattorah.com/oh/289/daat-harav/he,he,shabbat,289,,4-DaatHaRav,sources/shabbat/siman-289/niveau-4-daat-harav-he.html,"סימן רפ""ט · דעת · רמה 4 — דעת הרב — שיטת אדמו""ר הזקן | DAAT",200 (fichier présent),oui,oui,
https://daattorah.com/oh/289/daat-harav,fr,shabbat,289,,4-DaatHaRav,sources/shabbat/siman-289/niveau-4-daat-harav.html,Siman 289 · Niveau 4 — Chitah de l'Admour HaZaken | Hilkhot Shabbat,200 (fichier présent),oui,oui,
https://daattorah.com/oh/290/en,en,shabbat,290,,Index,sources/shabbat/siman-290/index-en.html,Siman 290 — Completing the 100 brachos on Shabbos | Hilkhot Shabbat,200 (fichier présent),oui,oui,
https://daattorah.com/oh/290/he,he,shabbat,290,,Index,sources/shabbat/siman-290/index-he.html,סימן ר״צ — לְהַשְׁלִים מֵאָה בְּרָכוֹת בְּשַׁבָּת עַל | הלכות שבת,200 (fichier présent),oui,oui,
https://daattorah.com/oh/290/,fr,shabbat,290,,Index,sources/shabbat/siman-290/index.html,Siman 290 — Compléter les 100 brakhot Shabbat avec | Hilkhot Shabbat,200 (fichier présent),oui,oui,
https://daattorah.com/oh/290/base/en,en,shabbat,290,,1-Base,sources/shabbat/siman-290/niveau-1-base-en.html,"Siman <bdi>ר""צ</bdi> · Level 1 — Completing the 100 berachos | Hilkhot Shabbat",200 (fichier présent),oui,oui,
https://daattorah.com/oh/290/base/he,he,shabbat,290,,1-Base,sources/shabbat/siman-290/niveau-1-base-he.html,"סימן ר""צ · רמה 1 — להשלים מאה ברכות בשבת בפירות | הלכות שבת",200 (fichier présent),oui,oui,
https://daattorah.com/oh/290/base,fr,shabbat,290,,1-Base,sources/shabbat/siman-290/niveau-1-base.html,"Siman <bdi>ר""צ</bdi> · Niveau 1 — Compléter les 100 brakhot | Hilkhot Shabbat",200 (fichier présent),oui,oui,
https://daattorah.com/oh/290/lamdan/en,en,shabbat,290,,2-Lamdan,sources/shabbat/siman-290/niveau-2-lamdan-en.html,"Siman <bdi>ר""צ</bdi> · Level 2 — Compléter les 100 brakhot | Hilkhot Shabbat",200 (fichier présent),oui,oui,
https://daattorah.com/oh/290/lamdan/he,he,shabbat,290,,2-Lamdan,sources/shabbat/siman-290/niveau-2-lamdan-he.html,"Siman <bdi>ר""צ</bdi> · רמה 2 — Compléter les 100 brakhot Shabbat | הלכות שבת",200 (fichier présent),oui,oui,
https://daattorah.com/oh/290/lamdan,fr,shabbat,290,,2-Lamdan,sources/shabbat/siman-290/niveau-2-lamdan.html,"Siman <bdi>ר""צ</bdi> · Niveau 2 — Compléter les 100 brakhot | Hilkhot Shabbat",200 (fichier présent),oui,oui,
https://daattorah.com/oh/290/synthese/en,en,shabbat,290,,3-Synthese,sources/shabbat/siman-290/niveau-3-synthese-en.html,"Siman <bdi>ר""צ</bdi> · Level 3 — Completing the 100 berachos | Hilkhot Shabbat",200 (fichier présent),oui,oui,
https://daattorah.com/oh/290/synthese/he,he,shabbat,290,,3-Synthese,sources/shabbat/siman-290/niveau-3-synthese-he.html,"סימן ר""צ · רמה 3 סיכום מאסטר — להשלים מאה ברכות בשבת בפירות | דעת",200 (fichier présent),oui,oui,
https://daattorah.com/oh/290/synthese,fr,shabbat,290,,3-Synthese,sources/shabbat/siman-290/niveau-3-synthese.html,"Siman <bdi>ר""צ</bdi> · Niveau 3 — Compléter les 100 brakhot | Hilkhot Shabbat",200 (fichier présent),oui,oui,
https://daattorah.com/oh/290/daat-harav/en,en,shabbat,290,,4-DaatHaRav,sources/shabbat/siman-290/niveau-4-daat-harav-en.html,Siman 290 · Level 4 — Shitah of the Alter Rebbe | Hilkhot Shabbat,200 (fichier présent),oui,oui,
https://daattorah.com/oh/290/daat-harav/he,he,shabbat,290,,4-DaatHaRav,sources/shabbat/siman-290/niveau-4-daat-harav-he.html,"סימן (סימן) ר""צ · רמה 4 דעת הרב — שיטת אדמו""ר הזקן | דעת",200 (fichier présent),oui,oui,
https://daattorah.com/oh/290/daat-harav,fr,shabbat,290,,4-DaatHaRav,sources/shabbat/siman-290/niveau-4-daat-harav.html,Siman 290 · Niveau 4 — Chitah de l'Admour HaZaken | Hilkhot Shabbat,200 (fichier présent),oui,oui,
https://daattorah.com/oh/291/en,en,shabbat,291,,Index,sources/shabbat/siman-291/index-en.html,Siman 291 — The third Shabbos meal (Seudah Shlishis) | Hilkhot Shabbat,200 (fichier présent),oui,oui,
https://daattorah.com/oh/291/he,he,shabbat,291,,Index,sources/shabbat/siman-291/index-he.html,סימן רצ״א — סְעוּדָה שְׁלִישִׁית שֶׁל שַׁבָּת | הלכות שבת,200 (fichier présent),oui,oui,
https://daattorah.com/oh/291/,fr,shabbat,291,,Index,sources/shabbat/siman-291/index.html,Siman 291 — Le 3e repas de Shabbat (סעודה שלישית) | Hilkhot Shabbat,200 (fichier présent),oui,oui,
https://daattorah.com/oh/291/base/en,en,shabbat,291,,1-Base,sources/shabbat/siman-291/niveau-1-base-en.html,"Siman <bdi>רצ""א</bdi> · Level 1 — Seudah Shlishis of Shabbat | Hilkhot Shabbat",200 (fichier présent),oui,oui,
https://daattorah.com/oh/291/base/he,he,shabbat,291,,1-Base,sources/shabbat/siman-291/niveau-1-base-he.html,"סימן רצ""א · רמה 1 יסוד — סעודה שלישית · לימוד למתחילים | דעת",200 (fichier présent),oui,oui,
https://daattorah.com/oh/291/base,fr,shabbat,291,,1-Base,sources/shabbat/siman-291/niveau-1-base.html,"Siman <bdi>רצ""א</bdi> · Niveau 1 — Le 3e repas de Shabbat | Hilkhot Shabbat",200 (fichier présent),oui,oui,
https://daattorah.com/oh/291/lamdan/en,en,shabbat,291,,2-Lamdan,sources/shabbat/siman-291/niveau-2-lamdan-en.html,"Siman <bdi>רצ""א</bdi> · Level 2 — Le 3e repas de Shabbat | Hilkhot Shabbat",200 (fichier présent),oui,oui,
https://daattorah.com/oh/291/lamdan/he,he,shabbat,291,,2-Lamdan,sources/shabbat/siman-291/niveau-2-lamdan-he.html,"Siman <bdi>רצ""א</bdi> · רמה 2 — Le 3e repas de Shabbat (סעודה שלישית) | הלכות שבת",200 (fichier présent),oui,oui,
https://daattorah.com/oh/291/lamdan,fr,shabbat,291,,2-Lamdan,sources/shabbat/siman-291/niveau-2-lamdan.html,"Siman <bdi>רצ""א</bdi> · Niveau 2 — Le 3e repas de Shabbat | Hilkhot Shabbat",200 (fichier présent),oui,oui,
https://daattorah.com/oh/291/synthese/en,en,shabbat,291,,3-Synthese,sources/shabbat/siman-291/niveau-3-synthese-en.html,"Siman <bdi>רצ""א</bdi> · Level 3 — Seudah Shlishis of Shabbat | Hilkhot Shabbat",200 (fichier présent),oui,oui,
https://daattorah.com/oh/291/synthese/he,he,shabbat,291,,3-Synthese,sources/shabbat/siman-291/niveau-3-synthese-he.html,"סימן רצ""א · רמה 3 סינתזה מסודרת — סעודה שלישית | דעת",200 (fichier présent),oui,oui,
https://daattorah.com/oh/291/synthese,fr,shabbat,291,,3-Synthese,sources/shabbat/siman-291/niveau-3-synthese.html,"Siman <bdi>רצ""א</bdi> · Niveau 3 — Le 3e repas de Shabbat | Hilkhot Shabbat",200 (fichier présent),oui,oui,
https://daattorah.com/oh/291/daat-harav/en,en,shabbat,291,,4-DaatHaRav,sources/shabbat/siman-291/niveau-4-daat-harav-en.html,Siman 291 · Level 4 — Shitah of the Alter Rebbe | Hilkhot Shabbat,200 (fichier présent),oui,oui,
https://daattorah.com/oh/291/daat-harav/he,he,shabbat,291,,4-DaatHaRav,sources/shabbat/siman-291/niveau-4-daat-harav-he.html,"סימן רצ""א · רמה 4 דעת הרב — שיטת אדמו""ר הזקן | דעת",200 (fichier présent),oui,oui,
https://daattorah.com/oh/291/daat-harav,fr,shabbat,291,,4-DaatHaRav,sources/shabbat/siman-291/niveau-4-daat-harav.html,Siman 291 · Niveau 4 — Chitah de l'Admour HaZaken | Hilkhot Shabbat,200 (fichier présent),oui,oui,
https://daattorah.com/oh/292/en,en,shabbat,292,,Index,sources/shabbat/siman-292/index-en.html,Siman 292 — The Mincha tefillah of Shabbos | Hilkhot Shabbat,200 (fichier présent),oui,oui,
https://daattorah.com/oh/292/he,he,shabbat,292,,Index,sources/shabbat/siman-292/index-he.html,סימן רצ״ב — תְּפִלַּת מִנְחָה שֶׁל שַׁבָּת | הלכות שבת,200 (fichier présent),oui,oui,
https://daattorah.com/oh/292/,fr,shabbat,292,,Index,sources/shabbat/siman-292/index.html,Siman 292 — La tefilla de Minha Shabbat | Hilkhot Shabbat,200 (fichier présent),oui,oui,
https://daattorah.com/oh/292/base/en,en,shabbat,292,,1-Base,sources/shabbat/siman-292/niveau-1-base-en.html,"Siman <bdi>רצ""ב</bdi> · Level 1 — Minchah of Shabbat | Hilkhot Shabbat",200 (fichier présent),oui,oui,
https://daattorah.com/oh/292/base/he,he,shabbat,292,,1-Base,sources/shabbat/siman-292/niveau-1-base-he.html,"סימן רצ""ב · רמה 1 יסוד — תפילת מנחה של שבת · לימוד למתחילים | דעת",200 (fichier présent),oui,oui,
https://daattorah.com/oh/292/base,fr,shabbat,292,,1-Base,sources/shabbat/siman-292/niveau-1-base.html,"Siman <bdi>רצ""ב</bdi> · Niveau 1 — La tefilla de Minha Shabbat | Hilkhot Shabbat",200 (fichier présent),oui,oui,
https://daattorah.com/oh/292/lamdan/en,en,shabbat,292,,2-Lamdan,sources/shabbat/siman-292/niveau-2-lamdan-en.html,"Siman <bdi>רצ""ב</bdi> · Level 2 — La tefilla de Minha Shabbat | Hilkhot Shabbat",200 (fichier présent),oui,oui,
https://daattorah.com/oh/292/lamdan/he,he,shabbat,292,,2-Lamdan,sources/shabbat/siman-292/niveau-2-lamdan-he.html,"Siman <bdi>רצ""ב</bdi> · רמה 2 — La tefilla de Minha Shabbat | הלכות שבת",200 (fichier présent),oui,oui,
https://daattorah.com/oh/292/lamdan,fr,shabbat,292,,2-Lamdan,sources/shabbat/siman-292/niveau-2-lamdan.html,"Siman <bdi>רצ""ב</bdi> · Niveau 2 — La tefilla de Minha Shabbat | Hilkhot Shabbat",200 (fichier présent),oui,oui,
https://daattorah.com/oh/292/synthese/en,en,shabbat,292,,3-Synthese,sources/shabbat/siman-292/niveau-3-synthese-en.html,"Siman <bdi>רצ""ב</bdi> · Level 3 Master Synthesis — Minchah of Shabbat | DAAT",200 (fichier présent),oui,oui,
https://daattorah.com/oh/292/synthese/he,he,shabbat,292,,3-Synthese,sources/shabbat/siman-292/niveau-3-synthese-he.html,"סימן רצ""ב · רמה 3 סינתזה מסודרת — מנחה של שבת | דעת",200 (fichier présent),oui,oui,
https://daattorah.com/oh/292/synthese,fr,shabbat,292,,3-Synthese,sources/shabbat/siman-292/niveau-3-synthese.html,"Siman <bdi>רצ""ב</bdi> · Niveau 3 — La tefilla de Minha Shabbat | Hilkhot Shabbat",200 (fichier présent),oui,oui,
https://daattorah.com/oh/292/daat-harav/en,en,shabbat,292,,4-DaatHaRav,sources/shabbat/siman-292/niveau-4-daat-harav-en.html,Siman 292 · Level 4 — Shitah of the Alter Rebbe | Hilkhot Shabbat,200 (fichier présent),oui,oui,
https://daattorah.com/oh/292/daat-harav/he,he,shabbat,292,,4-DaatHaRav,sources/shabbat/siman-292/niveau-4-daat-harav-he.html,"סימן רצ""ב · רמה 4 דעת הרב — שיטת אדמו""ר הזקן | דעת",200 (fichier présent),oui,oui,
https://daattorah.com/oh/292/daat-harav,fr,shabbat,292,,4-DaatHaRav,sources/shabbat/siman-292/niveau-4-daat-harav.html,Siman 292 · Niveau 4 — Chitah de l'Admour HaZaken | Hilkhot Shabbat,200 (fichier présent),oui,oui,
https://daattorah.com/oh/293/en,en,shabbat,293,,Index,sources/shabbat/siman-293/index-en.html,Siman 293 — Maariv of Motzei Shabbos | Hilkhot Shabbat,200 (fichier présent),oui,oui,
https://daattorah.com/oh/293/he,he,shabbat,293,,Index,sources/shabbat/siman-293/index-he.html,סימן רצ״ג — עַרְבִית בְּמוֹצָאֵי שַׁבָּת | הלכות שבת,200 (fichier présent),oui,oui,
https://daattorah.com/oh/293/,fr,shabbat,293,,Index,sources/shabbat/siman-293/index.html,Siman 293 — Arvit du soir de la sortie de Shabbat | Hilkhot Shabbat,200 (fichier présent),oui,oui,
https://daattorah.com/oh/293/base/en,en,shabbat,293,,1-Base,sources/shabbat/siman-293/niveau-1-base-en.html,"Siman <bdi>רצ""ג</bdi> · Level 1 — Maariv of Motzaei Shabbat | Hilkhot Shabbat",200 (fichier présent),oui,oui,
https://daattorah.com/oh/293/base/he,he,shabbat,293,,1-Base,sources/shabbat/siman-293/niveau-1-base-he.html,"סימן רצ""ג · רמה 1 יסוד — ערבית של מוצאי שבת · לימוד למתחילים | דעת",200 (fichier présent),oui,oui,
https://daattorah.com/oh/293/base,fr,shabbat,293,,1-Base,sources/shabbat/siman-293/niveau-1-base.html,"Siman <bdi>רצ""ג</bdi> · Niveau 1 — Arvit du soir de la sortie | Hilkhot Shabbat",200 (fichier présent),oui,oui,
https://daattorah.com/oh/293/lamdan/en,en,shabbat,293,,2-Lamdan,sources/shabbat/siman-293/niveau-2-lamdan-en.html,"Siman <bdi>רצ""ג</bdi> · Level 2 — Arvit du soir de la sortie | Hilkhot Shabbat",200 (fichier présent),oui,oui,
https://daattorah.com/oh/293/lamdan/he,he,shabbat,293,,2-Lamdan,sources/shabbat/siman-293/niveau-2-lamdan-he.html,"Siman <bdi>רצ""ג</bdi> · רמה 2 — Arvit du soir de la sortie de | הלכות שבת",200 (fichier présent),oui,oui,
https://daattorah.com/oh/293/lamdan,fr,shabbat,293,,2-Lamdan,sources/shabbat/siman-293/niveau-2-lamdan.html,"Siman <bdi>רצ""ג</bdi> · Niveau 2 — Arvit du soir de la sortie | Hilkhot Shabbat",200 (fichier présent),oui,oui,
https://daattorah.com/oh/293/synthese/en,en,shabbat,293,,3-Synthese,sources/shabbat/siman-293/niveau-3-synthese-en.html,"Siman <bdi>רצ""ג</bdi> · Level 3 — Maariv of Motzaei Shabbat | Hilkhot Shabbat",200 (fichier présent),oui,oui,
https://daattorah.com/oh/293/synthese/he,he,shabbat,293,,3-Synthese,sources/shabbat/siman-293/niveau-3-synthese-he.html,"סימן רצ""ג · רמה 3 סינתזה מסודרת — ערבית של מוצאי שבת | דעת",200 (fichier présent),oui,oui,
https://daattorah.com/oh/293/synthese,fr,shabbat,293,,3-Synthese,sources/shabbat/siman-293/niveau-3-synthese.html,"Siman <bdi>רצ""ג</bdi> · Niveau 3 — Arvit du soir de la sortie | Hilkhot Shabbat",200 (fichier présent),oui,oui,
https://daattorah.com/oh/293/daat-harav/en,en,shabbat,293,,4-DaatHaRav,sources/shabbat/siman-293/niveau-4-daat-harav-en.html,Siman 293 · Level 4 — Shitah of the Alter Rebbe | Hilkhot Shabbat,200 (fichier présent),oui,oui,
https://daattorah.com/oh/293/daat-harav/he,he,shabbat,293,,4-DaatHaRav,sources/shabbat/siman-293/niveau-4-daat-harav-he.html,"סימן רצ""ג · רמה 4 דעת הרב — שיטת אדמו""ר הזקן | דעת",200 (fichier présent),oui,oui,
https://daattorah.com/oh/293/daat-harav,fr,shabbat,293,,4-DaatHaRav,sources/shabbat/siman-293/niveau-4-daat-harav.html,Siman 293 · Niveau 4 — Chitah de l'Admour HaZaken | Hilkhot Shabbat,200 (fichier présent),oui,oui,
https://daattorah.com/oh/294/en,en,shabbat,294,,Index,sources/shabbat/siman-294/index-en.html,Siman 294 — Havdalah in the tefillah | Hilkhot Shabbat,200 (fichier présent),oui,oui,
https://daattorah.com/oh/294/he,he,shabbat,294,,Index,sources/shabbat/siman-294/index-he.html,סימן רצ״ד — הַבְדָּלָה בִּתְפִלָּה · שולחן ערוך · לימוד בעברית | DAAT,200 (fichier présent),oui,oui,
https://daattorah.com/oh/294/,fr,shabbat,294,,Index,sources/shabbat/siman-294/index.html,Siman 294 — Avdala dans la tefilla | Hilkhot Shabbat,200 (fichier présent),oui,oui,
https://daattorah.com/oh/294/base/en,en,shabbat,294,,1-Base,sources/shabbat/siman-294/niveau-1-base-en.html,"Siman <bdi>רצ""ד</bdi> · Level 1 — Havdalah in tefillah | Hilkhot Shabbat",200 (fichier présent),oui,oui,
https://daattorah.com/oh/294/base/he,he,shabbat,294,,1-Base,sources/shabbat/siman-294/niveau-1-base-he.html,"סימן רצ""ד · רמה 1 בסיס — הבדלה בתפילה · יסוד לימודי | דעת",200 (fichier présent),oui,oui,
https://daattorah.com/oh/294/base,fr,shabbat,294,,1-Base,sources/shabbat/siman-294/niveau-1-base.html,"Siman <bdi>רצ""ד</bdi> · Niveau 1 — Avdala dans la tefilla | Hilkhot Shabbat",200 (fichier présent),oui,oui,
https://daattorah.com/oh/294/lamdan/en,en,shabbat,294,,2-Lamdan,sources/shabbat/siman-294/niveau-2-lamdan-en.html,"Siman <bdi>רצ""ד</bdi> · Level 2 — Avdala dans la tefilla | Hilkhot Shabbat",200 (fichier présent),oui,oui,
https://daattorah.com/oh/294/lamdan/he,he,shabbat,294,,2-Lamdan,sources/shabbat/siman-294/niveau-2-lamdan-he.html,"Siman <bdi>רצ""ד</bdi> · רמה 2 — Avdala dans la tefilla | הלכות שבת",200 (fichier présent),oui,oui,
https://daattorah.com/oh/294/lamdan,fr,shabbat,294,,2-Lamdan,sources/shabbat/siman-294/niveau-2-lamdan.html,"Siman <bdi>רצ""ד</bdi> · Niveau 2 — Avdala dans la tefilla | Hilkhot Shabbat",200 (fichier présent),oui,oui,
https://daattorah.com/oh/294/synthese/en,en,shabbat,294,,3-Synthese,sources/shabbat/siman-294/niveau-3-synthese-en.html,"Siman <bdi>רצ""ד</bdi> · Level 3 Master Synthesis — Havdalah in tefillah | DAAT",200 (fichier présent),oui,oui,
https://daattorah.com/oh/294/synthese/he,he,shabbat,294,,3-Synthese,sources/shabbat/siman-294/niveau-3-synthese-he.html,"סימן רצ""ד · רמה 3 סינתזה מאסטרית — הבדלה בתפילה | דעת",200 (fichier présent),oui,oui,
https://daattorah.com/oh/294/synthese,fr,shabbat,294,,3-Synthese,sources/shabbat/siman-294/niveau-3-synthese.html,"Siman <bdi>רצ""ד</bdi> · Niveau 3 — Avdala dans la tefilla | Hilkhot Shabbat",200 (fichier présent),oui,oui,
https://daattorah.com/oh/294/daat-harav/en,en,shabbat,294,,4-DaatHaRav,sources/shabbat/siman-294/niveau-4-daat-harav-en.html,Siman 294 · Level 4 — Shitah of the Alter Rebbe | Hilkhot Shabbat,200 (fichier présent),oui,oui,
https://daattorah.com/oh/294/daat-harav/he,he,shabbat,294,,4-DaatHaRav,sources/shabbat/siman-294/niveau-4-daat-harav-he.html,"סימן רצ""ד · רמה 4 דעת הרב — שיטת אדמו""ר הזקן | דעת",200 (fichier présent),oui,oui,
https://daattorah.com/oh/294/daat-harav,fr,shabbat,294,,4-DaatHaRav,sources/shabbat/siman-294/niveau-4-daat-harav.html,Siman 294 · Niveau 4 — Chitah de l'Admour HaZaken | Hilkhot Shabbat,200 (fichier présent),oui,oui,
https://daattorah.com/oh/295/en,en,shabbat,295,,Index,sources/shabbat/siman-295/index-en.html,Siman 295 — Havdalah said by the shliach tzibbur in | Hilkhot Shabbat,200 (fichier présent),oui,oui,
https://daattorah.com/oh/295/he,he,shabbat,295,,Index,sources/shabbat/siman-295/index-he.html,סימן רצ״ה — הַבְדָּלָה שֶׁעוֹשֶׂה שְׁלִיחַ צִבּוּר | הלכות שבת,200 (fichier présent),oui,oui,
https://daattorah.com/oh/295/,fr,shabbat,295,,Index,sources/shabbat/siman-295/index.html,Siman 295 — Avdala faite par le chliach tsibour à | Hilkhot Shabbat,200 (fichier présent),oui,oui,
https://daattorah.com/oh/295/base/en,en,shabbat,295,,1-Base,sources/shabbat/siman-295/niveau-1-base-en.html,"Siman <bdi>רצ""ה</bdi> · Level 1 — Havdalah by the chazzan in | Hilkhot Shabbat",200 (fichier présent),oui,oui,
https://daattorah.com/oh/295/base/he,he,shabbat,295,,1-Base,sources/shabbat/siman-295/niveau-1-base-he.html,"סימן רצ""ה · רמה 1 בסיס — הבדלת הש""ץ בבית הכנסת · יסוד לימודי | דעת",200 (fichier présent),oui,oui,
https://daattorah.com/oh/295/base,fr,shabbat,295,,1-Base,sources/shabbat/siman-295/niveau-1-base.html,"Siman <bdi>רצ""ה</bdi> · Niveau 1 — Avdala faite par le chliach | Hilkhot Shabbat",200 (fichier présent),oui,oui,
https://daattorah.com/oh/295/lamdan/en,en,shabbat,295,,2-Lamdan,sources/shabbat/siman-295/niveau-2-lamdan-en.html,"Siman <bdi>רצ""ה</bdi> · Level 2 — Avdala faite par le chliach | Hilkhot Shabbat",200 (fichier présent),oui,oui,
https://daattorah.com/oh/295/lamdan/he,he,shabbat,295,,2-Lamdan,sources/shabbat/siman-295/niveau-2-lamdan-he.html,"Siman <bdi>רצ""ה</bdi> · רמה 2 — Avdala faite par le chliach tsibour | הלכות שבת",200 (fichier présent),oui,oui,
https://daattorah.com/oh/295/lamdan,fr,shabbat,295,,2-Lamdan,sources/shabbat/siman-295/niveau-2-lamdan.html,"Siman <bdi>רצ""ה</bdi> · Niveau 2 — Avdala faite par le chliach | Hilkhot Shabbat",200 (fichier présent),oui,oui,
https://daattorah.com/oh/295/synthese/en,en,shabbat,295,,3-Synthese,sources/shabbat/siman-295/niveau-3-synthese-en.html,"Siman <bdi>רצ""ה</bdi> · Level 3 — Havdalah by the chazzan in | Hilkhot Shabbat",200 (fichier présent),oui,oui,
https://daattorah.com/oh/295/synthese/he,he,shabbat,295,,3-Synthese,sources/shabbat/siman-295/niveau-3-synthese-he.html,"סימן רצ""ה · רמה 3 סינתזה מאסטרית — הבדלת הש""ץ בבית הכנסת | דעת",200 (fichier présent),oui,oui,
https://daattorah.com/oh/295/synthese,fr,shabbat,295,,3-Synthese,sources/shabbat/siman-295/niveau-3-synthese.html,"Siman <bdi>רצ""ה</bdi> · Niveau 3 — Avdala faite par le chliach | Hilkhot Shabbat",200 (fichier présent),oui,oui,
https://daattorah.com/oh/295/daat-harav/en,en,shabbat,295,,4-DaatHaRav,sources/shabbat/siman-295/niveau-4-daat-harav-en.html,Siman 295 · Level 4 — Shitah of the Alter Rebbe | Hilkhot Shabbat,200 (fichier présent),oui,oui,
https://daattorah.com/oh/295/daat-harav/he,he,shabbat,295,,4-DaatHaRav,sources/shabbat/siman-295/niveau-4-daat-harav-he.html,"סימן רצ""ה · רמה 4 דעת הרב — שיטת אדמו""ר הזקן | דעת",200 (fichier présent),oui,oui,
https://daattorah.com/oh/295/daat-harav,fr,shabbat,295,,4-DaatHaRav,sources/shabbat/siman-295/niveau-4-daat-harav.html,Siman 295 · Niveau 4 — Chitah de l'Admour HaZaken | Hilkhot Shabbat,200 (fichier présent),oui,oui,
https://daattorah.com/oh/296/en,en,shabbat,296,,Index,sources/shabbat/siman-296/index-en.html,Siman 296 — Havdalah on wine (Motzei Shabbos) | Hilkhot Shabbat,200 (fichier présent),oui,oui,
https://daattorah.com/oh/296/he,he,shabbat,296,,Index,sources/shabbat/siman-296/index-he.html,סימן רצ״ו — הַבְדָּלָה עַל הַיַּיִן בְּמוֹצָאֵי שַׁבָּת | הלכות שבת,200 (fichier présent),oui,oui,
https://daattorah.com/oh/296/,fr,shabbat,296,,Index,sources/shabbat/siman-296/index.html,Siman 296 — L'avdala sur le vin (motsei Shabbat) | Hilkhot Shabbat,200 (fichier présent),oui,oui,
https://daattorah.com/oh/296/base/en,en,shabbat,296,,1-Base,sources/shabbat/siman-296/niveau-1-base-en.html,"Siman <bdi>רצ""ו</bdi> · Level 1 — Havdalah on wine | Hilkhot Shabbat",200 (fichier présent),oui,oui,
https://daattorah.com/oh/296/base/he,he,shabbat,296,,1-Base,sources/shabbat/siman-296/niveau-1-base-he.html,"סימן רצ""ו · רמה 1 בסיס — הבדלה על הכוס (מוצאי שבת) · יסוד לימודי | דעת",200 (fichier présent),oui,oui,
https://daattorah.com/oh/296/base,fr,shabbat,296,,1-Base,sources/shabbat/siman-296/niveau-1-base.html,"Siman <bdi>רצ""ו</bdi> · Niveau 1 — L'avdala sur le vin | Hilkhot Shabbat",200 (fichier présent),oui,oui,
https://daattorah.com/oh/296/lamdan/en,en,shabbat,296,,2-Lamdan,sources/shabbat/siman-296/niveau-2-lamdan-en.html,"Siman <bdi>רצ""ו</bdi> · Level 2 — L'avdala sur le vin | Hilkhot Shabbat",200 (fichier présent),oui,oui,
https://daattorah.com/oh/296/lamdan/he,he,shabbat,296,,2-Lamdan,sources/shabbat/siman-296/niveau-2-lamdan-he.html,"Siman <bdi>רצ""ו</bdi> · רמה 2 — L'avdala sur le vin (motsei Shabbat) | הלכות שבת",200 (fichier présent),oui,oui,
https://daattorah.com/oh/296/lamdan,fr,shabbat,296,,2-Lamdan,sources/shabbat/siman-296/niveau-2-lamdan.html,"Siman <bdi>רצ""ו</bdi> · Niveau 2 — L'avdala sur le vin | Hilkhot Shabbat",200 (fichier présent),oui,oui,
https://daattorah.com/oh/296/synthese/en,en,shabbat,296,,3-Synthese,sources/shabbat/siman-296/niveau-3-synthese-en.html,"Siman <bdi>רצ""ו</bdi> · Level 3 Master Synthesis — Havdalah on wine | DAAT",200 (fichier présent),oui,oui,
https://daattorah.com/oh/296/synthese/he,he,shabbat,296,,3-Synthese,sources/shabbat/siman-296/niveau-3-synthese-he.html,"סימן רצ""ו · רמה 3 סינתזה מאסטרית — הבדלה על הכוס | דעת",200 (fichier présent),oui,oui,
https://daattorah.com/oh/296/synthese,fr,shabbat,296,,3-Synthese,sources/shabbat/siman-296/niveau-3-synthese.html,"Siman <bdi>רצ""ו</bdi> · Niveau 3 — L'avdala sur le vin | Hilkhot Shabbat",200 (fichier présent),oui,oui,
https://daattorah.com/oh/296/daat-harav/en,en,shabbat,296,,4-DaatHaRav,sources/shabbat/siman-296/niveau-4-daat-harav-en.html,Siman 296 · Level 4 — Shitah of the Alter Rebbe | Hilkhot Shabbat,200 (fichier présent),oui,oui,
https://daattorah.com/oh/296/daat-harav/he,he,shabbat,296,,4-DaatHaRav,sources/shabbat/siman-296/niveau-4-daat-harav-he.html,"סימן רצ""ו · רמה 4 דעת הרב — שיטת אדמו""ר הזקן | דעת",200 (fichier présent),oui,oui,
https://daattorah.com/oh/296/daat-harav,fr,shabbat,296,,4-DaatHaRav,sources/shabbat/siman-296/niveau-4-daat-harav.html,Siman 296 · Niveau 4 — Chitah de l'Admour HaZaken | Hilkhot Shabbat,200 (fichier présent),oui,oui,
https://daattorah.com/oh/297/en,en,shabbat,297,,Index,sources/shabbat/siman-297/index-en.html,Siman 297 — Besamim for Havdalah | Hilkhot Shabbat,200 (fichier présent),oui,oui,
https://daattorah.com/oh/297/he,he,shabbat,297,,Index,sources/shabbat/siman-297/index-he.html,סימן רצ״ז — דִּין בְּשָׂמִים לְהַבְדָּלָה | הלכות שבת,200 (fichier présent),oui,oui,
https://daattorah.com/oh/297/,fr,shabbat,297,,Index,sources/shabbat/siman-297/index.html,Siman 297 — Les besamim (épices) pour l'avdala | Hilkhot Shabbat,200 (fichier présent),oui,oui,
https://daattorah.com/oh/297/base/en,en,shabbat,297,,1-Base,sources/shabbat/siman-297/niveau-1-base-en.html,Siman 297 · Level 1 — Besamim for Havdalah | Hilkhot Shabbat,200 (fichier présent),oui,oui,
https://daattorah.com/oh/297/base/he,he,shabbat,297,,1-Base,sources/shabbat/siman-297/niveau-1-base-he.html,"סימן רצ""ז · רמה 1 בסיס — דיני בשמים להבדלה · לימוד מקדים | DAAT",200 (fichier présent),oui,oui,
https://daattorah.com/oh/297/base,fr,shabbat,297,,1-Base,sources/shabbat/siman-297/niveau-1-base.html,"Siman <bdi>רצ""ז</bdi> · Niveau 1 — Les besamim (épices) pour | Hilkhot Shabbat",200 (fichier présent),oui,oui,
https://daattorah.com/oh/297/lamdan/en,en,shabbat,297,,2-Lamdan,sources/shabbat/siman-297/niveau-2-lamdan-en.html,"Siman <bdi>רצ""ז</bdi> · Level 2 — Les besamim (épices) pour | Hilkhot Shabbat",200 (fichier présent),oui,oui,
https://daattorah.com/oh/297/lamdan/he,he,shabbat,297,,2-Lamdan,sources/shabbat/siman-297/niveau-2-lamdan-he.html,"Siman <bdi>רצ""ז</bdi> · רמה 2 — Les besamim (épices) pour l'avdala | הלכות שבת",200 (fichier présent),oui,oui,
https://daattorah.com/oh/297/lamdan,fr,shabbat,297,,2-Lamdan,sources/shabbat/siman-297/niveau-2-lamdan.html,"Siman <bdi>רצ""ז</bdi> · Niveau 2 — Les besamim (épices) pour | Hilkhot Shabbat",200 (fichier présent),oui,oui,
https://daattorah.com/oh/297/synthese/en,en,shabbat,297,,3-Synthese,sources/shabbat/siman-297/niveau-3-synthese-en.html,Siman 297 · Level 3 Synthesis — Besamim for Havdalah | DAAT,200 (fichier présent),oui,oui,
https://daattorah.com/oh/297/synthese/he,he,shabbat,297,,3-Synthese,sources/shabbat/siman-297/niveau-3-synthese-he.html,"סימן רצ""ז · רמה 3 סינתזה — דיני בשמים להבדלה | DAAT",200 (fichier présent),oui,oui,
https://daattorah.com/oh/297/synthese,fr,shabbat,297,,3-Synthese,sources/shabbat/siman-297/niveau-3-synthese.html,"Siman <bdi>רצ""ז</bdi> · Niveau 3 — Les besamim (épices) pour | Hilkhot Shabbat",200 (fichier présent),oui,oui,
https://daattorah.com/oh/297/daat-harav/en,en,shabbat,297,,4-DaatHaRav,sources/shabbat/siman-297/niveau-4-daat-harav-en.html,Siman 297 · Level 4 — Shitah of the Alter Rebbe | Hilkhot Shabbat,200 (fichier présent),oui,oui,
https://daattorah.com/oh/297/daat-harav/he,he,shabbat,297,,4-DaatHaRav,sources/shabbat/siman-297/niveau-4-daat-harav-he.html,סימן רצ״ז · רמה 4 דעת הרב — שיטת אדמו״ר הזקן | דעת,200 (fichier présent),oui,oui,
https://daattorah.com/oh/297/daat-harav,fr,shabbat,297,,4-DaatHaRav,sources/shabbat/siman-297/niveau-4-daat-harav.html,Siman 297 · Niveau 4 — Chitah de l'Admour HaZaken | Hilkhot Shabbat,200 (fichier présent),oui,oui,
https://daattorah.com/oh/298/en,en,shabbat,298,,Index,sources/shabbat/siman-298/index-en.html,Siman 298 — The Havdalah candle (Motzei Shabbos) | Hilkhot Shabbat,200 (fichier présent),oui,oui,
https://daattorah.com/oh/298/he,he,shabbat,298,,Index,sources/shabbat/siman-298/index-he.html,סימן רצ״ח — דִּין נֵר הַבְדָּלָה · שולחן ערוך · לימוד בעברית | DAAT,200 (fichier présent),oui,oui,
https://daattorah.com/oh/298/,fr,shabbat,298,,Index,sources/shabbat/siman-298/index.html,Siman 298 — La bougie d'avdala (motsei Shabbat) | Hilkhot Shabbat,200 (fichier présent),oui,oui,
https://daattorah.com/oh/298/base/en,en,shabbat,298,,1-Base,sources/shabbat/siman-298/niveau-1-base-en.html,"Siman <bdi>רצ""ח</bdi> · Level 1 — The Havdalah Candle | Hilkhot Shabbat",200 (fichier présent),oui,oui,
https://daattorah.com/oh/298/base/he,he,shabbat,298,,1-Base,sources/shabbat/siman-298/niveau-1-base-he.html,"סימן רצ""ח · רמה 1 יסוד — נר הבדלה (מוצאי שבת) · לימוד יסודי | דעת",200 (fichier présent),oui,oui,
https://daattorah.com/oh/298/base,fr,shabbat,298,,1-Base,sources/shabbat/siman-298/niveau-1-base.html,"Siman <bdi>רצ""ח</bdi> · Niveau 1 — La bougie d'avdala | Hilkhot Shabbat",200 (fichier présent),oui,oui,
https://daattorah.com/oh/298/lamdan/en,en,shabbat,298,,2-Lamdan,sources/shabbat/siman-298/niveau-2-lamdan-en.html,"Siman <bdi>רצ""ח</bdi> · Level 2 — La bougie d'avdala | Hilkhot Shabbat",200 (fichier présent),oui,oui,
https://daattorah.com/oh/298/lamdan/he,he,shabbat,298,,2-Lamdan,sources/shabbat/siman-298/niveau-2-lamdan-he.html,"Siman <bdi>רצ""ח</bdi> · רמה 2 — La bougie d'avdala (motsei Shabbat) | הלכות שבת",200 (fichier présent),oui,oui,
https://daattorah.com/oh/298/lamdan,fr,shabbat,298,,2-Lamdan,sources/shabbat/siman-298/niveau-2-lamdan.html,"Siman <bdi>רצ""ח</bdi> · Niveau 2 — La bougie d'avdala | Hilkhot Shabbat",200 (fichier présent),oui,oui,
https://daattorah.com/oh/298/synthese/en,en,shabbat,298,,3-Synthese,sources/shabbat/siman-298/niveau-3-synthese-en.html,"Siman <bdi>רצ""ח</bdi> · Level 3 — The Havdala Candle | Hilkhot Shabbat",200 (fichier présent),oui,oui,
https://daattorah.com/oh/298/synthese/he,he,shabbat,298,,3-Synthese,sources/shabbat/siman-298/niveau-3-synthese-he.html,סימן רצ״ח · רמה 3 סיכום מגיסטרלי — נר ההבדלה (מוצאי שבת) | דעת,200 (fichier présent),oui,oui,
https://daattorah.com/oh/298/synthese,fr,shabbat,298,,3-Synthese,sources/shabbat/siman-298/niveau-3-synthese.html,"Siman <bdi>רצ""ח</bdi> · Niveau 3 — La bougie d'avdala | Hilkhot Shabbat",200 (fichier présent),oui,oui,
https://daattorah.com/oh/298/daat-harav/en,en,shabbat,298,,4-DaatHaRav,sources/shabbat/siman-298/niveau-4-daat-harav-en.html,Siman 298 · Level 4 Daat HaRav — Shitah of the Alter Rebbe | DAAT,200 (fichier présent),oui,oui,
https://daattorah.com/oh/298/daat-harav/he,he,shabbat,298,,4-DaatHaRav,sources/shabbat/siman-298/niveau-4-daat-harav-he.html,סימן רצ״ח · רמה 4 דעת הרב — שיטת אדמו״ר הזקן | DAAT,200 (fichier présent),oui,oui,
https://daattorah.com/oh/298/daat-harav,fr,shabbat,298,,4-DaatHaRav,sources/shabbat/siman-298/niveau-4-daat-harav.html,Siman 298 · Niveau 4 — Chitah de l'Admour HaZaken | Hilkhot Shabbat,200 (fichier présent),oui,oui,
https://daattorah.com/oh/299/en,en,shabbat,299,,Index,sources/shabbat/siman-299/index-en.html,"Siman 299 — No eating, drinking | Hilkhot Shabbat",200 (fichier présent),oui,oui,
https://daattorah.com/oh/299/he,he,shabbat,299,,Index,sources/shabbat/siman-299/index-he.html,סימן רצ״ט — שֶׁלֹּא לֶאֱכוֹל וְשֶׁלֹּא לִשְׁתּוֹת וְלֹא | הלכות שבת,200 (fichier présent),oui,oui,
https://daattorah.com/oh/299/,fr,shabbat,299,,Index,sources/shabbat/siman-299/index.html,Siman 299 — Ne pas manger / boire / travailler | Hilkhot Shabbat,200 (fichier présent),oui,oui,
https://daattorah.com/oh/299/base/en,en,shabbat,299,,1-Base,sources/shabbat/siman-299/niveau-1-base-en.html,"Siman <bdi>רצ""ט</bdi> · Level 1 — Not Eating / Drinking / | Hilkhot Shabbat",200 (fichier présent),oui,oui,
https://daattorah.com/oh/299/base/he,he,shabbat,299,,1-Base,sources/shabbat/siman-299/niveau-1-base-he.html,"סימן רצ""ט · רמה 1 — שלא לאכול / לשתות / לעשות מלאכה קודם | הלכות שבת",200 (fichier présent),oui,oui,
https://daattorah.com/oh/299/base,fr,shabbat,299,,1-Base,sources/shabbat/siman-299/niveau-1-base.html,"Siman <bdi>רצ""ט</bdi> · Niveau 1 — Ne pas manger / boire / | Hilkhot Shabbat",200 (fichier présent),oui,oui,
https://daattorah.com/oh/299/lamdan/en,en,shabbat,299,,2-Lamdan,sources/shabbat/siman-299/niveau-2-lamdan-en.html,"Siman <bdi>רצ""ט</bdi> · Level 2 — Ne pas manger / boire / | Hilkhot Shabbat",200 (fichier présent),oui,oui,
https://daattorah.com/oh/299/lamdan/he,he,shabbat,299,,2-Lamdan,sources/shabbat/siman-299/niveau-2-lamdan-he.html,"Siman <bdi>רצ""ט</bdi> · רמה 2 — Ne pas manger / boire / travailler | הלכות שבת",200 (fichier présent),oui,oui,
https://daattorah.com/oh/299/lamdan,fr,shabbat,299,,2-Lamdan,sources/shabbat/siman-299/niveau-2-lamdan.html,"Siman <bdi>רצ""ט</bdi> · Niveau 2 — Ne pas manger / boire / | Hilkhot Shabbat",200 (fichier présent),oui,oui,
https://daattorah.com/oh/299/synthese/en,en,shabbat,299,,3-Synthese,sources/shabbat/siman-299/niveau-3-synthese-en.html,"Siman <bdi>רצ""ט</bdi> · Level 3 — Hilkhos Havdala (No | Hilkhot Shabbat",200 (fichier présent),oui,oui,
https://daattorah.com/oh/299/synthese/he,he,shabbat,299,,3-Synthese,sources/shabbat/siman-299/niveau-3-synthese-he.html,סימן רצ״ט · רמה 3 — איסור אכילה ושתייה ומלאכה קודם הבדלה | הלכות שבת,200 (fichier présent),oui,oui,
https://daattorah.com/oh/299/synthese,fr,shabbat,299,,3-Synthese,sources/shabbat/siman-299/niveau-3-synthese.html,"Siman <bdi>רצ""ט</bdi> · Niveau 3 — Ne pas manger / boire / | Hilkhot Shabbat",200 (fichier présent),oui,oui,
https://daattorah.com/oh/299/daat-harav/en,en,shabbat,299,,4-DaatHaRav,sources/shabbat/siman-299/niveau-4-daat-harav-en.html,Siman 299 · Level 4 Daat Harav — Shitah of the Alter | Hilkhot Shabbat,200 (fichier présent),oui,oui,
https://daattorah.com/oh/299/daat-harav/he,he,shabbat,299,,4-DaatHaRav,sources/shabbat/siman-299/niveau-4-daat-harav-he.html,סימן רצ״ט · רמה 4 דעת הרב — שיטת אדמו״ר הזקן | דעת,200 (fichier présent),oui,oui,
https://daattorah.com/oh/299/daat-harav,fr,shabbat,299,,4-DaatHaRav,sources/shabbat/siman-299/niveau-4-daat-harav.html,Siman 299 · Niveau 4 — Chitah de l'Admour HaZaken | Hilkhot Shabbat,200 (fichier présent),oui,oui,
https://daattorah.com/oh/300/en,en,shabbat,300,,Index,sources/shabbat/siman-300/index-en.html,Siman 300 — Melaveh Malkah — the escorting meal of | Hilkhot Shabbat,200 (fichier présent),oui,oui,
https://daattorah.com/oh/300/he,he,shabbat,300,,Index,sources/shabbat/siman-300/index-he.html,סימן ש׳ — שֶׁיְּסַדֵּר שֻׁלְחָנוֹ בְּמוֹצָאֵי שַׁבָּת | הלכות שבת,200 (fichier présent),oui,oui,
https://daattorah.com/oh/300/,fr,shabbat,300,,Index,sources/shabbat/siman-300/index.html,Siman 300 — Mélavé Malka — le repas | Hilkhot Shabbat,200 (fichier présent),oui,oui,
https://daattorah.com/oh/300/base/en,en,shabbat,300,,1-Base,sources/shabbat/siman-300/niveau-1-base-en.html,Siman ש · Level 1 — Melaveh Malka / 4th Seudah | Hilkhot Shabbat,200 (fichier présent),oui,oui,
https://daattorah.com/oh/300/base/he,he,shabbat,300,,1-Base,sources/shabbat/siman-300/niveau-1-base-he.html,סימן ש · רמה 1 בסיסית — מלוה מלכה / סעודה רביעית · הכנה לימודית | DAAT,200 (fichier présent),oui,oui,
https://daattorah.com/oh/300/base,fr,shabbat,300,,1-Base,sources/shabbat/siman-300/niveau-1-base.html,Siman <bdi>ש</bdi> · Niveau 1 — Mélavé Malka — le repas | Hilkhot Shabbat,200 (fichier présent),oui,oui,
https://daattorah.com/oh/300/lamdan/en,en,shabbat,300,,2-Lamdan,sources/shabbat/siman-300/niveau-2-lamdan-en.html,Siman <bdi>ש</bdi> · Level 2 — Mélavé Malka — le repas | Hilkhot Shabbat,200 (fichier présent),oui,oui,
https://daattorah.com/oh/300/lamdan/he,he,shabbat,300,,2-Lamdan,sources/shabbat/siman-300/niveau-2-lamdan-he.html,Siman <bdi>ש</bdi> · רמה 2 — Mélavé Malka — le repas | הלכות שבת,200 (fichier présent),oui,oui,
https://daattorah.com/oh/300/lamdan,fr,shabbat,300,,2-Lamdan,sources/shabbat/siman-300/niveau-2-lamdan.html,Siman <bdi>ש</bdi> · Niveau 2 — Mélavé Malka — le repas | Hilkhot Shabbat,200 (fichier présent),oui,oui,
https://daattorah.com/oh/300/synthese/en,en,shabbat,300,,3-Synthese,sources/shabbat/siman-300/niveau-3-synthese-en.html,Siman ש · Level 3 Synthesis — Melaveh Malka / 4th Seudah | DAAT,200 (fichier présent),oui,oui,
https://daattorah.com/oh/300/synthese/he,he,shabbat,300,,3-Synthese,sources/shabbat/siman-300/niveau-3-synthese-he.html,סימן ש · רמה 3 סינתזה — מלוה מלכה / סעודה רביעית | DAAT,200 (fichier présent),oui,oui,
https://daattorah.com/oh/300/synthese,fr,shabbat,300,,3-Synthese,sources/shabbat/siman-300/niveau-3-synthese.html,Siman <bdi>ש</bdi> · Niveau 3 — Mélavé Malka — le repas | Hilkhot Shabbat,200 (fichier présent),oui,oui,
https://daattorah.com/oh/300/daat-harav/en,en,shabbat,300,,4-DaatHaRav,sources/shabbat/siman-300/niveau-4-daat-harav-en.html,Siman ש · Level 4 Daas HaRav — Shitah of the Alter Rebbe | DAAT,200 (fichier présent),oui,oui,
https://daattorah.com/oh/300/daat-harav/he,he,shabbat,300,,4-DaatHaRav,sources/shabbat/siman-300/niveau-4-daat-harav-he.html,"סימן ש · רמה 4 דעת הרב — שיטת אדמו""ר הזקן | DAAT",200 (fichier présent),oui,oui,
https://daattorah.com/oh/300/daat-harav,fr,shabbat,300,,4-DaatHaRav,sources/shabbat/siman-300/niveau-4-daat-harav.html,Siman 300 · Niveau 4 — Chitah de l'Admour HaZaken | Hilkhot Shabbat,200 (fichier présent),oui,oui,
https://daattorah.com/oh/301/en,en,shabbat,301,,Index,sources/shabbat/siman-301/index-en.html,Siman 301 — Going out on Shabbos with clothing and | Hilkhot Shabbat,200 (fichier présent),oui,oui,
https://daattorah.com/oh/301/he,he,shabbat,301,,Index,sources/shabbat/siman-301/index-he.html,סימן ש״א — הַאֵיךְ יְהֵא הִלּוּכוֹ בְּשַׁבָּת | הלכות שבת,200 (fichier présent),oui,oui,
https://daattorah.com/oh/301/,fr,shabbat,301,,Index,sources/shabbat/siman-301/index.html,Siman 301 — Sortir avec vêtements et objets Shabbat | Hilkhot Shabbat,200 (fichier présent),oui,oui,
https://daattorah.com/oh/301/base/en,en,shabbat,301,,1-Base,sources/shabbat/siman-301/niveau-1-base-en.html,"Siman ש""א · Level 1 — Going out with clothing and | Hilkhot Shabbat",200 (fichier présent),oui,oui,
https://daattorah.com/oh/301/base/he,he,shabbat,301,,1-Base,sources/shabbat/siman-301/niveau-1-base-he.html,"סימן ש""א · רמה 1 בסיסית — לצאת עם בגדים וחפצים בשבת | DAAT",200 (fichier présent),oui,oui,
https://daattorah.com/oh/301/base,fr,shabbat,301,,1-Base,sources/shabbat/siman-301/niveau-1-base.html,"Siman <bdi>ש""א</bdi> · Niveau 1 — Sortir avec vêtements et | Hilkhot Shabbat",200 (fichier présent),oui,oui,
https://daattorah.com/oh/301/lamdan/en,en,shabbat,301,,2-Lamdan,sources/shabbat/siman-301/niveau-2-lamdan-en.html,"Siman <bdi>ש""א</bdi> · Level 2 — Sortir avec vêtements et | Hilkhot Shabbat",200 (fichier présent),oui,oui,
https://daattorah.com/oh/301/lamdan/he,he,shabbat,301,,2-Lamdan,sources/shabbat/siman-301/niveau-2-lamdan-he.html,"Siman <bdi>ש""א</bdi> · רמה 2 — Sortir avec vêtements et objets | הלכות שבת",200 (fichier présent),oui,oui,
https://daattorah.com/oh/301/lamdan,fr,shabbat,301,,2-Lamdan,sources/shabbat/siman-301/niveau-2-lamdan.html,"Siman <bdi>ש""א</bdi> · Niveau 2 — Sortir avec vêtements et | Hilkhot Shabbat",200 (fichier présent),oui,oui,
https://daattorah.com/oh/301/synthese/en,en,shabbat,301,,3-Synthese,sources/shabbat/siman-301/niveau-3-synthese-en.html,"Siman ש""א · Level 3 Synthesis — Going out with cloth | Hilkhot Shabbat",200 (fichier présent),oui,oui,
https://daattorah.com/oh/301/synthese/he,he,shabbat,301,,3-Synthese,sources/shabbat/siman-301/niveau-3-synthese-he.html,"סימן ש""א · רמה 3 סינתזה — לצאת עם בגדים וחפצים בשבת | DAAT",200 (fichier présent),oui,oui,
https://daattorah.com/oh/301/synthese,fr,shabbat,301,,3-Synthese,sources/shabbat/siman-301/niveau-3-synthese.html,"Siman <bdi>ש""א</bdi> · Niveau 3 — Sortir avec vêtements et | Hilkhot Shabbat",200 (fichier présent),oui,oui,
https://daattorah.com/oh/301/daat-harav/en,en,shabbat,301,,4-DaatHaRav,sources/shabbat/siman-301/niveau-4-daat-harav-en.html,Siman 301 · Level 4 Daas HaRav — Shitah of the Alter Rebbe | DAAT,200 (fichier présent),oui,oui,
https://daattorah.com/oh/301/daat-harav/he,he,shabbat,301,,4-DaatHaRav,sources/shabbat/siman-301/niveau-4-daat-harav-he.html,"סימן ש""א · רמה 4 דעת הרב — שיטת אדמו""ר הזקן | DAAT",200 (fichier présent),oui,oui,
https://daattorah.com/oh/301/daat-harav,fr,shabbat,301,,4-DaatHaRav,sources/shabbat/siman-301/niveau-4-daat-harav.html,Siman 301 · Niveau 4 — Chitah de l'Admour HaZaken | Hilkhot Shabbat,200 (fichier présent),oui,oui,
https://daattorah.com/oh/302/en,en,shabbat,302,,Index,sources/shabbat/siman-302/index-en.html,Siman 302 — Cleaning and folding clothing on Shabbos | Hilkhot Shabbat,200 (fichier présent),oui,oui,
https://daattorah.com/oh/302/he,he,shabbat,302,,Index,sources/shabbat/siman-302/index-he.html,סימן ש״ב — דִּינֵי נִקּוּי וְקִפּוּל הַבְּגָדִים | הלכות שבת,200 (fichier présent),oui,oui,
https://daattorah.com/oh/302/,fr,shabbat,302,,Index,sources/shabbat/siman-302/index.html,Siman 302 — Nettoyer et plier les vêtements Shabbat | Hilkhot Shabbat,200 (fichier présent),oui,oui,
https://daattorah.com/oh/302/base/en,en,shabbat,302,,1-Base,sources/shabbat/siman-302/niveau-1-base-en.html,"Siman ש""ב · Level 1 — Folding and cleaning clothes | Hilkhot Shabbat",200 (fichier présent),oui,oui,
https://daattorah.com/oh/302/base/he,he,shabbat,302,,1-Base,sources/shabbat/siman-302/niveau-1-base-he.html,"סימן ש""ב · רמה 1 בסיסית — דיני ניקוי וקיפול הבגדים בשבת | DAAT",200 (fichier présent),oui,oui,
https://daattorah.com/oh/302/base,fr,shabbat,302,,1-Base,sources/shabbat/siman-302/niveau-1-base.html,"Siman <bdi>ש""ב</bdi> · Niveau 1 — Nettoyer et plier les | Hilkhot Shabbat",200 (fichier présent),oui,oui,
https://daattorah.com/oh/302/lamdan/en,en,shabbat,302,,2-Lamdan,sources/shabbat/siman-302/niveau-2-lamdan-en.html,"Siman <bdi>ש""ב</bdi> · Level 2 — Nettoyer et plier les | Hilkhot Shabbat",200 (fichier présent),oui,oui,
https://daattorah.com/oh/302/lamdan/he,he,shabbat,302,,2-Lamdan,sources/shabbat/siman-302/niveau-2-lamdan-he.html,"Siman <bdi>ש""ב</bdi> · רמה 2 — Nettoyer et plier les vêtements | הלכות שבת",200 (fichier présent),oui,oui,
https://daattorah.com/oh/302/lamdan,fr,shabbat,302,,2-Lamdan,sources/shabbat/siman-302/niveau-2-lamdan.html,"Siman <bdi>ש""ב</bdi> · Niveau 2 — Nettoyer et plier les | Hilkhot Shabbat",200 (fichier présent),oui,oui,
https://daattorah.com/oh/302/synthese/en,en,shabbat,302,,3-Synthese,sources/shabbat/siman-302/niveau-3-synthese-en.html,"Siman ש""ב · Level 3 Synthesis — Cleaning and folding | Hilkhot Shabbat",200 (fichier présent),oui,oui,
https://daattorah.com/oh/302/synthese/he,he,shabbat,302,,3-Synthese,sources/shabbat/siman-302/niveau-3-synthese-he.html,"סימן ש""ב · רמה 3 סינתזה — דיני ניקוי וקיפול הבגדים בשבת | DAAT",200 (fichier présent),oui,oui,
https://daattorah.com/oh/302/synthese,fr,shabbat,302,,3-Synthese,sources/shabbat/siman-302/niveau-3-synthese.html,"Siman <bdi>ש""ב</bdi> · Niveau 3 — Nettoyer et plier les | Hilkhot Shabbat",200 (fichier présent),oui,oui,
https://daattorah.com/oh/302/daat-harav/en,en,shabbat,302,,4-DaatHaRav,sources/shabbat/siman-302/niveau-4-daat-harav-en.html,"Siman ש""ב · Level 4 Daas HaRav — Shitah of the Alter Rebbe | DAAT",200 (fichier présent),oui,oui,
https://daattorah.com/oh/302/daat-harav/he,he,shabbat,302,,4-DaatHaRav,sources/shabbat/siman-302/niveau-4-daat-harav-he.html,"סימן ש""ב · רמה 4 דעת הרב — שיטת אדמו""ר הזקן | DAAT",200 (fichier présent),oui,oui,
https://daattorah.com/oh/302/daat-harav,fr,shabbat,302,,4-DaatHaRav,sources/shabbat/siman-302/niveau-4-daat-harav.html,Siman 302 · Niveau 4 — Chitah de l'Admour HaZaken | Hilkhot Shabbat,200 (fichier présent),oui,oui,
https://daattorah.com/oh/303/en,en,shabbat,303,,Index,sources/shabbat/siman-303/index-en.html,Siman 303 — A woman's tachshitim | Hilkhot Shabbat,200 (fichier présent),oui,oui,
https://daattorah.com/oh/303/he,he,shabbat,303,,Index,sources/shabbat/siman-303/index-he.html,סימן ש״ג — דִּינֵי תַּכְשִׁיטֵי אִשָּׁה | הלכות שבת,200 (fichier présent),oui,oui,
https://daattorah.com/oh/303/,fr,shabbat,303,,Index,sources/shabbat/siman-303/index.html,Siman 303 — Les bijoux de la femme Shabbat | Hilkhot Shabbat,200 (fichier présent),oui,oui,
https://daattorah.com/oh/303/base/en,en,shabbat,303,,1-Base,sources/shabbat/siman-303/niveau-1-base-en.html,"Siman <bdi>ש""ג</bdi> · Level 1 — Women's Jewelry on Shabbos | Hilkhot Shabbat",200 (fichier présent),oui,oui,
https://daattorah.com/oh/303/base/he,he,shabbat,303,,1-Base,sources/shabbat/siman-303/niveau-1-base-he.html,"סימן ש""ג · רמה 1 בסיס — תכשיטי אשה בשבת · פתיחה חינוכית | DAAT",200 (fichier présent),oui,oui,
https://daattorah.com/oh/303/base,fr,shabbat,303,,1-Base,sources/shabbat/siman-303/niveau-1-base.html,"Siman <bdi>ש""ג</bdi> · Niveau 1 — Les bijoux de la femme | Hilkhot Shabbat",200 (fichier présent),oui,oui,
https://daattorah.com/oh/303/lamdan/en,en,shabbat,303,,2-Lamdan,sources/shabbat/siman-303/niveau-2-lamdan-en.html,"Siman <bdi>ש""ג</bdi> · Level 2 — Les bijoux de la femme Shabbat | Hilkhot Shabbat",200 (fichier présent),oui,oui,
https://daattorah.com/oh/303/lamdan/he,he,shabbat,303,,2-Lamdan,sources/shabbat/siman-303/niveau-2-lamdan-he.html,"Siman <bdi>ש""ג</bdi> · רמה 2 — Les bijoux de la femme Shabbat | הלכות שבת",200 (fichier présent),oui,oui,
https://daattorah.com/oh/303/lamdan,fr,shabbat,303,,2-Lamdan,sources/shabbat/siman-303/niveau-2-lamdan.html,"Siman <bdi>ש""ג</bdi> · Niveau 2 — Les bijoux de la femme | Hilkhot Shabbat",200 (fichier présent),oui,oui,
https://daattorah.com/oh/303/synthese/en,en,shabbat,303,,3-Synthese,sources/shabbat/siman-303/niveau-3-synthese-en.html,"Siman <bdi>ש""ג</bdi> · Level 3 — Women's Jewelry on Shabbos | Hilkhot Shabbat",200 (fichier présent),oui,oui,
https://daattorah.com/oh/303/synthese/he,he,shabbat,303,,3-Synthese,sources/shabbat/siman-303/niveau-3-synthese-he.html,"סימן ש""ג · רמה 3 סינתזה מגיסטרלית — תכשיטי אשה בשבת | DAAT",200 (fichier présent),oui,oui,
https://daattorah.com/oh/303/synthese,fr,shabbat,303,,3-Synthese,sources/shabbat/siman-303/niveau-3-synthese.html,"Siman <bdi>ש""ג</bdi> · Niveau 3 — Les bijoux de la femme | Hilkhot Shabbat",200 (fichier présent),oui,oui,
https://daattorah.com/oh/303/daat-harav/en,en,shabbat,303,,4-DaatHaRav,sources/shabbat/siman-303/niveau-4-daat-harav-en.html,Siman 303 · Level 4 Daat HaRav — Shittah of the Alter Rebbe | DAAT,200 (fichier présent),oui,oui,
https://daattorah.com/oh/303/daat-harav/he,he,shabbat,303,,4-DaatHaRav,sources/shabbat/siman-303/niveau-4-daat-harav-he.html,"סימן 303 · רמה 4 דעת הרב — שיטת אדמו""ר הזקן | DAAT",200 (fichier présent),oui,oui,
https://daattorah.com/oh/303/daat-harav,fr,shabbat,303,,4-DaatHaRav,sources/shabbat/siman-303/niveau-4-daat-harav.html,Siman 303 · Niveau 4 — Chitah de l'Admour HaZaken | Hilkhot Shabbat,200 (fichier présent),oui,oui,
https://daattorah.com/oh/304/en,en,shabbat,304,,Index,sources/shabbat/siman-304/index-en.html,Siman 304 — Le repos du serviteur et de l'esclave | Hilkhot Shabbat,200 (fichier présent),oui,oui,
https://daattorah.com/oh/304/he,he,shabbat,304,,Index,sources/shabbat/siman-304/index-he.html,Siman 304 — Le repos du serviteur et de l'esclave le | הלכות שבת,200 (fichier présent),oui,oui,
https://daattorah.com/oh/304/,fr,shabbat,304,,Index,sources/shabbat/siman-304/index.html,Siman 304 — Le repos du serviteur et de l'esclave | Hilkhot Shabbat,200 (fichier présent),oui,oui,
https://daattorah.com/oh/304/base/en,en,shabbat,304,,1-Base,sources/shabbat/siman-304/niveau-1-base-en.html,"Siman <bdi>ש""ד</bdi> · Level 1 — Le repos du serviteur et de | Hilkhot Shabbat",200 (fichier présent),oui,oui,
https://daattorah.com/oh/304/base/he,he,shabbat,304,,1-Base,sources/shabbat/siman-304/niveau-1-base-he.html,"Siman <bdi>ש""ד</bdi> · רמה 1 — Le repos du serviteur et de l'esclave | הלכות שבת",200 (fichier présent),oui,oui,
https://daattorah.com/oh/304/base,fr,shabbat,304,,1-Base,sources/shabbat/siman-304/niveau-1-base.html,"Siman <bdi>ש""ד</bdi> · Niveau 1 — Le repos du serviteur et de | Hilkhot Shabbat",200 (fichier présent),oui,oui,
https://daattorah.com/oh/304/lamdan/en,en,shabbat,304,,2-Lamdan,sources/shabbat/siman-304/niveau-2-lamdan-en.html,"Siman <bdi>ש""ד</bdi> · Level 2 — Le repos du serviteur et de | Hilkhot Shabbat",200 (fichier présent),oui,oui,
https://daattorah.com/oh/304/lamdan/he,he,shabbat,304,,2-Lamdan,sources/shabbat/siman-304/niveau-2-lamdan-he.html,"Siman <bdi>ש""ד</bdi> · רמה 2 — Le repos du serviteur et de l'esclave | הלכות שבת",200 (fichier présent),oui,oui,
https://daattorah.com/oh/304/lamdan,fr,shabbat,304,,2-Lamdan,sources/shabbat/siman-304/niveau-2-lamdan.html,"Siman <bdi>ש""ד</bdi> · Niveau 2 — Le repos du serviteur et de | Hilkhot Shabbat",200 (fichier présent),oui,oui,
https://daattorah.com/oh/304/synthese/en,en,shabbat,304,,3-Synthese,sources/shabbat/siman-304/niveau-3-synthese-en.html,"Siman <bdi>ש""ד</bdi> · Level 3 — Le repos du serviteur et de | Hilkhot Shabbat",200 (fichier présent),oui,oui,
https://daattorah.com/oh/304/synthese/he,he,shabbat,304,,3-Synthese,sources/shabbat/siman-304/niveau-3-synthese-he.html,"Siman <bdi>ש""ד</bdi> · רמה 3 — Le repos du serviteur et de l'esclave | הלכות שבת",200 (fichier présent),oui,oui,
https://daattorah.com/oh/304/synthese,fr,shabbat,304,,3-Synthese,sources/shabbat/siman-304/niveau-3-synthese.html,"Siman <bdi>ש""ד</bdi> · Niveau 3 — Le repos du serviteur et de | Hilkhot Shabbat",200 (fichier présent),oui,oui,
https://daattorah.com/oh/304/daat-harav/en,en,shabbat,304,,4-DaatHaRav,sources/shabbat/siman-304/niveau-4-daat-harav-en.html,Siman 304 · Level 4 Daas HaRav — Shitah of the Alter Rebbe | DAAT,200 (fichier présent),oui,oui,
https://daattorah.com/oh/304/daat-harav/he,he,shabbat,304,,4-DaatHaRav,sources/shabbat/siman-304/niveau-4-daat-harav-he.html,"סימן ש""ד · רמה 4 דעת הרב — שיטת אדמו״ר הזקן | DAAT",200 (fichier présent),oui,oui,
https://daattorah.com/oh/304/daat-harav,fr,shabbat,304,,4-DaatHaRav,sources/shabbat/siman-304/niveau-4-daat-harav.html,Siman 304 · Niveau 4 — Chitah de l'Admour HaZaken | Hilkhot Shabbat,200 (fichier présent),oui,oui,
https://daattorah.com/oh/305/en,en,shabbat,305,,Index,sources/shabbat/siman-305/index-en.html,Siman 305 — With what an animal may go out on | Hilkhot Shabbat,200 (fichier présent),oui,oui,
https://daattorah.com/oh/305/he,he,shabbat,305,,Index,sources/shabbat/siman-305/index-he.html,סימן ש״ה — בַּמֶּה בְּהֵמָה יוֹצֵאת בְּשַׁבָּת | הלכות שבת,200 (fichier présent),oui,oui,
https://daattorah.com/oh/305/,fr,shabbat,305,,Index,sources/shabbat/siman-305/index.html,Siman 305 — Avec quoi un animal peut sortir Shabbat | Hilkhot Shabbat,200 (fichier présent),oui,oui,
https://daattorah.com/oh/305/base/en,en,shabbat,305,,1-Base,sources/shabbat/siman-305/niveau-1-base-en.html,"Siman <bdi>ש""ה</bdi> · Level 1 — What an Animal May Go Out | Hilkhot Shabbat",200 (fichier présent),oui,oui,
https://daattorah.com/oh/305/base/he,he,shabbat,305,,1-Base,sources/shabbat/siman-305/niveau-1-base-he.html,"סימן ש""ה · רמה 1 בסיס — במה בהמה יוצאה בשבת · פתיחה חינוכית | DAAT",200 (fichier présent),oui,oui,
https://daattorah.com/oh/305/base,fr,shabbat,305,,1-Base,sources/shabbat/siman-305/niveau-1-base.html,"Siman <bdi>ש""ה</bdi> · Niveau 1 — Avec quoi un animal peut | Hilkhot Shabbat",200 (fichier présent),oui,oui,
https://daattorah.com/oh/305/lamdan/en,en,shabbat,305,,2-Lamdan,sources/shabbat/siman-305/niveau-2-lamdan-en.html,"Siman <bdi>ש""ה</bdi> · Level 2 — Avec quoi un animal peut | Hilkhot Shabbat",200 (fichier présent),oui,oui,
https://daattorah.com/oh/305/lamdan/he,he,shabbat,305,,2-Lamdan,sources/shabbat/siman-305/niveau-2-lamdan-he.html,"Siman <bdi>ש""ה</bdi> · רמה 2 — Avec quoi un animal peut sortir | הלכות שבת",200 (fichier présent),oui,oui,
https://daattorah.com/oh/305/lamdan,fr,shabbat,305,,2-Lamdan,sources/shabbat/siman-305/niveau-2-lamdan.html,"Siman <bdi>ש""ה</bdi> · Niveau 2 — Avec quoi un animal peut | Hilkhot Shabbat",200 (fichier présent),oui,oui,
https://daattorah.com/oh/305/synthese/en,en,shabbat,305,,3-Synthese,sources/shabbat/siman-305/niveau-3-synthese-en.html,"Siman <bdi>ש""ה</bdi> · Level 3 — What an Animal May Go Out | Hilkhot Shabbat",200 (fichier présent),oui,oui,
https://daattorah.com/oh/305/synthese/he,he,shabbat,305,,3-Synthese,sources/shabbat/siman-305/niveau-3-synthese-he.html,"סימן ש""ה · רמה 3 סינתזה מגיסטרלית — במה בהמה יוצאה בשבת | DAAT",200 (fichier présent),oui,oui,
https://daattorah.com/oh/305/synthese,fr,shabbat,305,,3-Synthese,sources/shabbat/siman-305/niveau-3-synthese.html,"Siman <bdi>ש""ה</bdi> · Niveau 3 — Avec quoi un animal peut | Hilkhot Shabbat",200 (fichier présent),oui,oui,
https://daattorah.com/oh/305/daat-harav/en,en,shabbat,305,,4-DaatHaRav,sources/shabbat/siman-305/niveau-4-daat-harav-en.html,Siman 305 · Level 4 Daat HaRav — Shittah of the Alter Rebbe | DAAT,200 (fichier présent),oui,oui,
https://daattorah.com/oh/305/daat-harav/he,he,shabbat,305,,4-DaatHaRav,sources/shabbat/siman-305/niveau-4-daat-harav-he.html,"סימן 305 · רמה 4 דעת הרב — שיטת אדמו""ר הזקן | DAAT",200 (fichier présent),oui,oui,
https://daattorah.com/oh/305/daat-harav,fr,shabbat,305,,4-DaatHaRav,sources/shabbat/siman-305/niveau-4-daat-harav.html,Siman 305 · Niveau 4 — Chitah de l'Admour HaZaken | Hilkhot Shabbat,200 (fichier présent),oui,oui,
https://daattorah.com/oh/306/en,en,shabbat,306,,Index,sources/shabbat/siman-306/index-en.html,Siman 306 — Forbidden weekday matters on Shabbos | Hilkhot Shabbat,200 (fichier présent),oui,oui,
https://daattorah.com/oh/306/he,he,shabbat,306,,Index,sources/shabbat/siman-306/index-he.html,סימן ש״ו — בְּאֵיזֶה חֲפָצִים מֻתָּר לְדַבֵּר בְּשַׁבָּת | הלכות שבת,200 (fichier présent),oui,oui,
https://daattorah.com/oh/306/,fr,shabbat,306,,Index,sources/shabbat/siman-306/index.html,Siman 306 — Sur quels sujets parler à Shabbat | Hilkhot Shabbat,200 (fichier présent),oui,oui,
https://daattorah.com/oh/306/base/en,en,shabbat,306,,1-Base,sources/shabbat/siman-306/niveau-1-base-en.html,"Siman <bdi>ש""ו</bdi> · Level 1 — Forbidden Activities on | Hilkhot Shabbat",200 (fichier présent),oui,oui,
https://daattorah.com/oh/306/base/he,he,shabbat,306,,1-Base,sources/shabbat/siman-306/niveau-1-base-he.html,"סימן ש""ו · רמה 1 — דברים האסורים בשבת (דיבור ומקח וממכר) | הלכות שבת",200 (fichier présent),oui,oui,
https://daattorah.com/oh/306/base,fr,shabbat,306,,1-Base,sources/shabbat/siman-306/niveau-1-base.html,"Siman <bdi>ש""ו</bdi> · Niveau 1 — Sur quels sujets parler à | Hilkhot Shabbat",200 (fichier présent),oui,oui,
https://daattorah.com/oh/306/lamdan/en,en,shabbat,306,,2-Lamdan,sources/shabbat/siman-306/niveau-2-lamdan-en.html,"Siman <bdi>ש""ו</bdi> · Level 2 — Sur quels sujets parler à | Hilkhot Shabbat",200 (fichier présent),oui,oui,
https://daattorah.com/oh/306/lamdan/he,he,shabbat,306,,2-Lamdan,sources/shabbat/siman-306/niveau-2-lamdan-he.html,"Siman <bdi>ש""ו</bdi> · רמה 2 — Sur quels sujets parler à Shabbat | הלכות שבת",200 (fichier présent),oui,oui,
https://daattorah.com/oh/306/lamdan,fr,shabbat,306,,2-Lamdan,sources/shabbat/siman-306/niveau-2-lamdan.html,"Siman <bdi>ש""ו</bdi> · Niveau 2 — Sur quels sujets parler à | Hilkhot Shabbat",200 (fichier présent),oui,oui,
https://daattorah.com/oh/306/synthese/en,en,shabbat,306,,3-Synthese,sources/shabbat/siman-306/niveau-3-synthese-en.html,"Siman <bdi>ש""ו</bdi> · Level 3 — Forbidden Activities on | Hilkhot Shabbat",200 (fichier présent),oui,oui,
https://daattorah.com/oh/306/synthese/he,he,shabbat,306,,3-Synthese,sources/shabbat/siman-306/niveau-3-synthese-he.html,"סימן ש""ו · רמה 3 סינתזה מגיסטרלית — דברים האסורים בשבת | DAAT",200 (fichier présent),oui,oui,
https://daattorah.com/oh/306/synthese,fr,shabbat,306,,3-Synthese,sources/shabbat/siman-306/niveau-3-synthese.html,"Siman <bdi>ש""ו</bdi> · Niveau 3 — Sur quels sujets parler à | Hilkhot Shabbat",200 (fichier présent),oui,oui,
https://daattorah.com/oh/306/daat-harav/en,en,shabbat,306,,4-DaatHaRav,sources/shabbat/siman-306/niveau-4-daat-harav-en.html,Siman 306 · Level 4 Daat HaRav — Shitah of the Alter Rebbe | DAAT,200 (fichier présent),oui,oui,
https://daattorah.com/oh/306/daat-harav/he,he,shabbat,306,,4-DaatHaRav,sources/shabbat/siman-306/niveau-4-daat-harav-he.html,"סימן ש""ו · רמה 4 דעת הרב — שיטת אדמו״ר הזקן | דעת",200 (fichier présent),oui,oui,
https://daattorah.com/oh/306/daat-harav,fr,shabbat,306,,4-DaatHaRav,sources/shabbat/siman-306/niveau-4-daat-harav.html,Siman 306 · Niveau 4 — Chitah de l'Admour HaZaken | Hilkhot Shabbat,200 (fichier présent),oui,oui,
https://daattorah.com/oh/307/en,en,shabbat,307,,Index,sources/shabbat/siman-307/index-en.html,Siman 307 — Shabbos halachos that hinge on speech | Hilkhot Shabbat,200 (fichier présent),oui,oui,
https://daattorah.com/oh/307/he,he,shabbat,307,,Index,sources/shabbat/siman-307/index-he.html,סימן ש״ז — דִּינֵי שַׁבָּת הַתְּלוּיִים בְּדִבּוּר | הלכות שבת,200 (fichier présent),oui,oui,
https://daattorah.com/oh/307/,fr,shabbat,307,,Index,sources/shabbat/siman-307/index.html,Siman 307 — Règles Shabbat liées à la parole | Hilkhot Shabbat,200 (fichier présent),oui,oui,
https://daattorah.com/oh/307/base/en,en,shabbat,307,,1-Base,sources/shabbat/siman-307/niveau-1-base-en.html,"Siman <bdi>ש""ז</bdi> · Level 1 — Shabbos Halachos of Speech | Hilkhot Shabbat",200 (fichier présent),oui,oui,
https://daattorah.com/oh/307/base/he,he,shabbat,307,,1-Base,sources/shabbat/siman-307/niveau-1-base-he.html,"סימן ש""ז · רמה 1 — דיני שבת התלויים בדיבור | הלכות שבת",200 (fichier présent),oui,oui,
https://daattorah.com/oh/307/base,fr,shabbat,307,,1-Base,sources/shabbat/siman-307/niveau-1-base.html,"Siman <bdi>ש""ז</bdi> · Niveau 1 — Règles Shabbat liées à la | Hilkhot Shabbat",200 (fichier présent),oui,oui,
https://daattorah.com/oh/307/lamdan/en,en,shabbat,307,,2-Lamdan,sources/shabbat/siman-307/niveau-2-lamdan-en.html,"Siman <bdi>ש""ז</bdi> · Level 2 — Règles Shabbat liées à la | Hilkhot Shabbat",200 (fichier présent),oui,oui,
https://daattorah.com/oh/307/lamdan/he,he,shabbat,307,,2-Lamdan,sources/shabbat/siman-307/niveau-2-lamdan-he.html,"Siman <bdi>ש""ז</bdi> · רמה 2 — Règles Shabbat liées à la parole | הלכות שבת",200 (fichier présent),oui,oui,
https://daattorah.com/oh/307/lamdan,fr,shabbat,307,,2-Lamdan,sources/shabbat/siman-307/niveau-2-lamdan.html,"Siman <bdi>ש""ז</bdi> · Niveau 2 — Règles Shabbat liées à la | Hilkhot Shabbat",200 (fichier présent),oui,oui,
https://daattorah.com/oh/307/synthese/en,en,shabbat,307,,3-Synthese,sources/shabbat/siman-307/niveau-3-synthese-en.html,"Siman <bdi>ש""ז</bdi> · Level 3 — Halachos of dibbur on Shabbos | Hilkhot Shabbat",200 (fichier présent),oui,oui,
https://daattorah.com/oh/307/synthese/he,he,shabbat,307,,3-Synthese,sources/shabbat/siman-307/niveau-3-synthese-he.html,"סימן <bdi>ש""ז</bdi> · רמה 3 סיכום מגיסטרלי — הלכות דיבור בשבת | דעת",200 (fichier présent),oui,oui,
https://daattorah.com/oh/307/synthese,fr,shabbat,307,,3-Synthese,sources/shabbat/siman-307/niveau-3-synthese.html,"Siman <bdi>ש""ז</bdi> · Niveau 3 — Règles Shabbat liées à la | Hilkhot Shabbat",200 (fichier présent),oui,oui,
https://daattorah.com/oh/307/daat-harav/en,en,shabbat,307,,4-DaatHaRav,sources/shabbat/siman-307/niveau-4-daat-harav-en.html,Siman 307 · Level 4 Daat HaRav — Shitah of the Alter Rebbe | DAAT,200 (fichier présent),oui,oui,
https://daattorah.com/oh/307/daat-harav/he,he,shabbat,307,,4-DaatHaRav,sources/shabbat/siman-307/niveau-4-daat-harav-he.html,"סימן ש""ז · רמה 4 — דעת הרב · שיטת אדמו""ר הזקן | דעת",200 (fichier présent),oui,oui,
https://daattorah.com/oh/307/daat-harav,fr,shabbat,307,,4-DaatHaRav,sources/shabbat/siman-307/niveau-4-daat-harav.html,Siman 307 · Niveau 4 — Chitah de l'Admour HaZaken | Hilkhot Shabbat,200 (fichier présent),oui,oui,
https://daattorah.com/oh/308/en,en,shabbat,308,,Index,sources/shabbat/siman-308/index-en.html,Siman 308 — Muktzeh: things permitted and forbidden | Hilkhot Shabbat,200 (fichier présent),oui,oui,
https://daattorah.com/oh/308/he,he,shabbat,308,,Index,sources/shabbat/siman-308/index-he.html,סימן ש״ח — דְּבָרִים הַמֻּתָּרִים וְהָאֲסוּרִים לְטַלְטֵל | הלכות שבת,200 (fichier présent),oui,oui,
https://daattorah.com/oh/308/,fr,shabbat,308,,Index,sources/shabbat/siman-308/index.html,Siman 308 — Muktsé : choses permises et interdites | Hilkhot Shabbat,200 (fichier présent),oui,oui,
https://daattorah.com/oh/308/base/en,en,shabbat,308,,1-Base,sources/shabbat/siman-308/niveau-1-base-en.html,"Siman <bdi>ש""ח</bdi> · Level 1 — Muktzeh: Items Permitted and | Hilkhot Shabbat",200 (fichier présent),oui,oui,
https://daattorah.com/oh/308/base/he,he,shabbat,308,,1-Base,sources/shabbat/siman-308/niveau-1-base-he.html,"סימן ש""ח · רמה 1 — מוקצה: דברים המותרים והאסורים לטלטל | הלכות שבת",200 (fichier présent),oui,oui,
https://daattorah.com/oh/308/base,fr,shabbat,308,,1-Base,sources/shabbat/siman-308/niveau-1-base.html,"Siman <bdi>ש""ח</bdi> · Niveau 1 — Muktsé : choses permises et | Hilkhot Shabbat",200 (fichier présent),oui,oui,
https://daattorah.com/oh/308/lamdan/en,en,shabbat,308,,2-Lamdan,sources/shabbat/siman-308/niveau-2-lamdan-en.html,"Siman <bdi>ש""ח</bdi> · Level 2 — Muktsé : choses permises et | Hilkhot Shabbat",200 (fichier présent),oui,oui,
https://daattorah.com/oh/308/lamdan/he,he,shabbat,308,,2-Lamdan,sources/shabbat/siman-308/niveau-2-lamdan-he.html,"Siman <bdi>ש""ח</bdi> · רמה 2 — Muktsé : choses permises et | הלכות שבת",200 (fichier présent),oui,oui,
https://daattorah.com/oh/308/lamdan,fr,shabbat,308,,2-Lamdan,sources/shabbat/siman-308/niveau-2-lamdan.html,"Siman <bdi>ש""ח</bdi> · Niveau 2 — Muktsé : choses permises et | Hilkhot Shabbat",200 (fichier présent),oui,oui,
https://daattorah.com/oh/308/synthese/en,en,shabbat,308,,3-Synthese,sources/shabbat/siman-308/niveau-3-synthese-en.html,"Siman <bdi>ש""ח</bdi> · Level 3 — Hilchos Muktzah on Shabbos | Hilkhot Shabbat",200 (fichier présent),oui,oui,
https://daattorah.com/oh/308/synthese/he,he,shabbat,308,,3-Synthese,sources/shabbat/siman-308/niveau-3-synthese-he.html,"סימן <bdi>ש""ח</bdi> · רמה 3 סיכום מגיסטרלי — הלכות מוקצה בשבת | דעת",200 (fichier présent),oui,oui,
https://daattorah.com/oh/308/synthese,fr,shabbat,308,,3-Synthese,sources/shabbat/siman-308/niveau-3-synthese.html,"Siman <bdi>ש""ח</bdi> · Niveau 3 — Muktsé : choses permises et | Hilkhot Shabbat",200 (fichier présent),oui,oui,
https://daattorah.com/oh/308/daat-harav/en,en,shabbat,308,,4-DaatHaRav,sources/shabbat/siman-308/niveau-4-daat-harav-en.html,"Siman <bdi>ש""ח</bdi> · Level 4 Daat HaRav — Shittah of the Alter Rebbe | DAAT",200 (fichier présent),oui,oui,
https://daattorah.com/oh/308/daat-harav/he,he,shabbat,308,,4-DaatHaRav,sources/shabbat/siman-308/niveau-4-daat-harav-he.html,"סימן ש""ח · רמה 4 דעת הרב — שיטת אדמו""ר הזקן | דעת",200 (fichier présent),oui,oui,
https://daattorah.com/oh/308/daat-harav,fr,shabbat,308,,4-DaatHaRav,sources/shabbat/siman-308/niveau-4-daat-harav.html,Siman 308 · Niveau 4 — Chitah de l'Admour HaZaken | Hilkhot Shabbat,200 (fichier présent),oui,oui,
https://daattorah.com/oh/309/en,en,shabbat,309,,Index,sources/shabbat/siman-309/index-en.html,Siman 309 — Moving a muktzeh object by means of | Hilkhot Shabbat,200 (fichier présent),oui,oui,
https://daattorah.com/oh/309/he,he,shabbat,309,,Index,sources/shabbat/siman-309/index-he.html,סימן ש״ט — טִלְטוּל עַל יְדֵי דָבָר אַחֵר | הלכות שבת,200 (fichier présent),oui,oui,
https://daattorah.com/oh/309/,fr,shabbat,309,,Index,sources/shabbat/siman-309/index.html,Siman 309 — Déplacer un objet muktsé via un autre | Hilkhot Shabbat,200 (fichier présent),oui,oui,
https://daattorah.com/oh/309/base/en,en,shabbat,309,,1-Base,sources/shabbat/siman-309/niveau-1-base-en.html,Siman 309 · Level 1 Base — Tiltul via Another Object | DAAT,200 (fichier présent),oui,oui,
https://daattorah.com/oh/309/base/he,he,shabbat,309,,1-Base,sources/shabbat/siman-309/niveau-1-base-he.html,"סימן ש""ט · רמה 1 בסיס — טלטול על ידי דבר אחר | דעת",200 (fichier présent),oui,oui,
https://daattorah.com/oh/309/base,fr,shabbat,309,,1-Base,sources/shabbat/siman-309/niveau-1-base.html,"Siman <bdi>ש""ט</bdi> · Niveau 1 — Déplacer un objet muktsé via | Hilkhot Shabbat",200 (fichier présent),oui,oui,
https://daattorah.com/oh/309/lamdan/en,en,shabbat,309,,2-Lamdan,sources/shabbat/siman-309/niveau-2-lamdan-en.html,"Siman <bdi>ש""ט</bdi> · Level 2 — Déplacer un objet muktsé via | Hilkhot Shabbat",200 (fichier présent),oui,oui,
https://daattorah.com/oh/309/lamdan/he,he,shabbat,309,,2-Lamdan,sources/shabbat/siman-309/niveau-2-lamdan-he.html,"Siman <bdi>ש""ט</bdi> · רמה 2 — Déplacer un objet muktsé via un autre | הלכות שבת",200 (fichier présent),oui,oui,
https://daattorah.com/oh/309/lamdan,fr,shabbat,309,,2-Lamdan,sources/shabbat/siman-309/niveau-2-lamdan.html,"Siman <bdi>ש""ט</bdi> · Niveau 2 — Déplacer un objet muktsé via | Hilkhot Shabbat",200 (fichier présent),oui,oui,
https://daattorah.com/oh/309/synthese/en,en,shabbat,309,,3-Synthese,sources/shabbat/siman-309/niveau-3-synthese-en.html,Siman 309 · Level 3 — Tiltul via Another Object | Hilkhot Shabbat,200 (fichier présent),oui,oui,
https://daattorah.com/oh/309/synthese/he,he,shabbat,309,,3-Synthese,sources/shabbat/siman-309/niveau-3-synthese-he.html,"סימן ש""ט · רמה 3 סינתזה — טלטול על ידי דבר אחר | דעת",200 (fichier présent),oui,oui,
https://daattorah.com/oh/309/synthese,fr,shabbat,309,,3-Synthese,sources/shabbat/siman-309/niveau-3-synthese.html,"Siman <bdi>ש""ט</bdi> · Niveau 3 — Déplacer un objet muktsé via | Hilkhot Shabbat",200 (fichier présent),oui,oui,
https://daattorah.com/oh/309/daat-harav/en,en,shabbat,309,,4-DaatHaRav,sources/shabbat/siman-309/niveau-4-daat-harav-en.html,Siman 309 · Level 4 Daat HaRav — Shita of the Alter Rebbe | DAAT,200 (fichier présent),oui,oui,
https://daattorah.com/oh/309/daat-harav/he,he,shabbat,309,,4-DaatHaRav,sources/shabbat/siman-309/niveau-4-daat-harav-he.html,"סימן ש""ט · רמה 4 דעת הרב — שיטת אדמו""ר הזקן | דעת",200 (fichier présent),oui,oui,
https://daattorah.com/oh/309/daat-harav,fr,shabbat,309,,4-DaatHaRav,sources/shabbat/siman-309/niveau-4-daat-harav.html,Siman 309 · Niveau 4 — Chitah de l'Admour HaZaken | Hilkhot Shabbat,200 (fichier présent),oui,oui,
https://daattorah.com/oh/310/en,en,shabbat,310,,Index,sources/shabbat/siman-310/index-en.html,Siman 310 — Further halachos of muktzeh on Shabbos | Hilkhot Shabbat,200 (fichier présent),oui,oui,
https://daattorah.com/oh/310/he,he,shabbat,310,,Index,sources/shabbat/siman-310/index-he.html,סימן ש״י — דִּינֵי מֻקְצֶה בְּשַׁבָּת | הלכות שבת,200 (fichier présent),oui,oui,
https://daattorah.com/oh/310/,fr,shabbat,310,,Index,sources/shabbat/siman-310/index.html,Siman 310 — Suite des règles de muktsé Shabbat | Hilkhot Shabbat,200 (fichier présent),oui,oui,
https://daattorah.com/oh/310/base/en,en,shabbat,310,,1-Base,sources/shabbat/siman-310/niveau-1-base-en.html,Siman 310 · Level 1 Base — Muktzeh (Continued) | DAAT,200 (fichier présent),oui,oui,
https://daattorah.com/oh/310/base/he,he,shabbat,310,,1-Base,sources/shabbat/siman-310/niveau-1-base-he.html,"סימן ש""י · רמה 1 בסיס — דיני מוקצה (המשך) | דעת",200 (fichier présent),oui,oui,
https://daattorah.com/oh/310/base,fr,shabbat,310,,1-Base,sources/shabbat/siman-310/niveau-1-base.html,"Siman <bdi>ש""י</bdi> · Niveau 1 — Suite des règles de muktsé | Hilkhot Shabbat",200 (fichier présent),oui,oui,
https://daattorah.com/oh/310/lamdan/en,en,shabbat,310,,2-Lamdan,sources/shabbat/siman-310/niveau-2-lamdan-en.html,"Siman <bdi>ש""י</bdi> · Level 2 — Suite des règles de muktsé | Hilkhot Shabbat",200 (fichier présent),oui,oui,
https://daattorah.com/oh/310/lamdan/he,he,shabbat,310,,2-Lamdan,sources/shabbat/siman-310/niveau-2-lamdan-he.html,"Siman <bdi>ש""י</bdi> · רמה 2 — Suite des règles de muktsé Shabbat | הלכות שבת",200 (fichier présent),oui,oui,
https://daattorah.com/oh/310/lamdan,fr,shabbat,310,,2-Lamdan,sources/shabbat/siman-310/niveau-2-lamdan.html,"Siman <bdi>ש""י</bdi> · Niveau 2 — Suite des règles de muktsé | Hilkhot Shabbat",200 (fichier présent),oui,oui,
https://daattorah.com/oh/310/synthese/en,en,shabbat,310,,3-Synthese,sources/shabbat/siman-310/niveau-3-synthese-en.html,Siman 310 · Level 3 Master Synthesis — Muktzeh (Continued) | DAAT,200 (fichier présent),oui,oui,
https://daattorah.com/oh/310/synthese/he,he,shabbat,310,,3-Synthese,sources/shabbat/siman-310/niveau-3-synthese-he.html,"סימן ש""י · רמה 3 סינתזה — דיני מוקצה (המשך) | דעת",200 (fichier présent),oui,oui,
https://daattorah.com/oh/310/synthese,fr,shabbat,310,,3-Synthese,sources/shabbat/siman-310/niveau-3-synthese.html,"Siman <bdi>ש""י</bdi> · Niveau 3 — Suite des règles de muktsé | Hilkhot Shabbat",200 (fichier présent),oui,oui,
https://daattorah.com/oh/310/daat-harav/en,en,shabbat,310,,4-DaatHaRav,sources/shabbat/siman-310/niveau-4-daat-harav-en.html,Siman 310 · Level 4 Daat HaRav — Shita of the Alter Rebbe | DAAT,200 (fichier présent),oui,oui,
https://daattorah.com/oh/310/daat-harav/he,he,shabbat,310,,4-DaatHaRav,sources/shabbat/siman-310/niveau-4-daat-harav-he.html,"סימן ש""י · רמה 4 דעת הרב — שיטת אדמו""ר הזקן | דעת",200 (fichier présent),oui,oui,
https://daattorah.com/oh/310/daat-harav,fr,shabbat,310,,4-DaatHaRav,sources/shabbat/siman-310/niveau-4-daat-harav.html,Siman 310 · Niveau 4 — Chitah de l'Admour HaZaken | Hilkhot Shabbat,200 (fichier présent),oui,oui,
https://daattorah.com/oh/311/en,en,shabbat,311,,Index,sources/shabbat/siman-311/index-en.html,Siman 311 — A meis on Shabbos — halachos of tiltul | Hilkhot Shabbat,200 (fichier présent),oui,oui,
https://daattorah.com/oh/311/he,he,shabbat,311,,Index,sources/shabbat/siman-311/index-he.html,סימן שי״א — דִּין מֵת בְּשַׁבָּת · שולחן ערוך · לימוד בעברית | DAAT,200 (fichier présent),oui,oui,
https://daattorah.com/oh/311/,fr,shabbat,311,,Index,sources/shabbat/siman-311/index.html,Siman 311 — Décès à Shabbat — règles de tiltoul | Hilkhot Shabbat,200 (fichier présent),oui,oui,
https://daattorah.com/oh/311/base/en,en,shabbat,311,,1-Base,sources/shabbat/siman-311/niveau-1-base-en.html,Siman 311 · Level 1 Base — Tiltul for the Needs of a Corpse | DAAT,200 (fichier présent),oui,oui,
https://daattorah.com/oh/311/base/he,he,shabbat,311,,1-Base,sources/shabbat/siman-311/niveau-1-base-he.html,"סימן שי""א · רמה 1 בסיס — דיני מת בשבת | דעת",200 (fichier présent),oui,oui,
https://daattorah.com/oh/311/base,fr,shabbat,311,,1-Base,sources/shabbat/siman-311/niveau-1-base.html,"Siman <bdi>שי""א</bdi> · Niveau 1 — Décès à Shabbat — règles de | Hilkhot Shabbat",200 (fichier présent),oui,oui,
https://daattorah.com/oh/311/lamdan/en,en,shabbat,311,,2-Lamdan,sources/shabbat/siman-311/niveau-2-lamdan-en.html,"Siman <bdi>שי""א</bdi> · Level 2 — Décès à Shabbat — règles de | Hilkhot Shabbat",200 (fichier présent),oui,oui,
https://daattorah.com/oh/311/lamdan/he,he,shabbat,311,,2-Lamdan,sources/shabbat/siman-311/niveau-2-lamdan-he.html,"Siman <bdi>שי""א</bdi> · רמה 2 — Décès à Shabbat — règles de tiltoul | הלכות שבת",200 (fichier présent),oui,oui,
https://daattorah.com/oh/311/lamdan,fr,shabbat,311,,2-Lamdan,sources/shabbat/siman-311/niveau-2-lamdan.html,"Siman <bdi>שי""א</bdi> · Niveau 2 — Décès à Shabbat — règles de | Hilkhot Shabbat",200 (fichier présent),oui,oui,
https://daattorah.com/oh/311/synthese/en,en,shabbat,311,,3-Synthese,sources/shabbat/siman-311/niveau-3-synthese-en.html,Siman 311 · Level 3 — Laws of a Corpse on Shabbat | Hilkhot Shabbat,200 (fichier présent),oui,oui,
https://daattorah.com/oh/311/synthese/he,he,shabbat,311,,3-Synthese,sources/shabbat/siman-311/niveau-3-synthese-he.html,"סימן שי""א · רמה 3 סינתזה — דיני מת בשבת | דעת",200 (fichier présent),oui,oui,
https://daattorah.com/oh/311/synthese,fr,shabbat,311,,3-Synthese,sources/shabbat/siman-311/niveau-3-synthese.html,"Siman <bdi>שי""א</bdi> · Niveau 3 — Décès à Shabbat — règles de | Hilkhot Shabbat",200 (fichier présent),oui,oui,
https://daattorah.com/oh/311/daat-harav/en,en,shabbat,311,,4-DaatHaRav,sources/shabbat/siman-311/niveau-4-daat-harav-en.html,Siman 311 · Level 4 Daat HaRav — Shita of the Alter Rebbe | DAAT,200 (fichier présent),oui,oui,
https://daattorah.com/oh/311/daat-harav/he,he,shabbat,311,,4-DaatHaRav,sources/shabbat/siman-311/niveau-4-daat-harav-he.html,"סימן שי""א · רמה 4 דעת הרב — שיטת אדמו""ר הזקן | דעת",200 (fichier présent),oui,oui,
https://daattorah.com/oh/311/daat-harav,fr,shabbat,311,,4-DaatHaRav,sources/shabbat/siman-311/niveau-4-daat-harav.html,Siman 311 · Niveau 4 — Chitah de l'Admour HaZaken | Hilkhot Shabbat,200 (fichier présent),oui,oui,
https://daattorah.com/oh/312/en,en,shabbat,312,,Index,sources/shabbat/siman-312/index-en.html,Siman 312 — Personal hygiene on Shabbos | Hilkhot Shabbat,200 (fichier présent),oui,oui,
https://daattorah.com/oh/312/he,he,shabbat,312,,Index,sources/shabbat/siman-312/index-he.html,סימן שי״ב — הַנִּצְרָךְ לִנְקָבָיו בַּמֶּה מְקַנֵּחַ | הלכות שבת,200 (fichier présent),oui,oui,
https://daattorah.com/oh/312/,fr,shabbat,312,,Index,sources/shabbat/siman-312/index.html,Siman 312 — Hygiène intime à Shabbat | Hilkhot Shabbat,200 (fichier présent),oui,oui,
https://daattorah.com/oh/312/base/en,en,shabbat,312,,1-Base,sources/shabbat/siman-312/niveau-1-base-en.html,Siman 312 · Level 1 — Personal Hygiene on Shabbos | Hilkhot Shabbat,200 (fichier présent),oui,oui,
https://daattorah.com/oh/312/base/he,he,shabbat,312,,1-Base,sources/shabbat/siman-312/niveau-1-base-he.html,"סימן שי""ב · רמה 1 — הַנִּצְרָךְ לִנְקָבָיו בַּמֶּה | הלכות שבת",200 (fichier présent),oui,oui,
https://daattorah.com/oh/312/base,fr,shabbat,312,,1-Base,sources/shabbat/siman-312/niveau-1-base.html,"Siman <bdi>שי""ב</bdi> · Niveau 1 — Hygiène intime à Shabbat | Hilkhot Shabbat",200 (fichier présent),oui,oui,
https://daattorah.com/oh/312/lamdan/en,en,shabbat,312,,2-Lamdan,sources/shabbat/siman-312/niveau-2-lamdan-en.html,"Siman <bdi>שי""ב</bdi> · Level 2 — Hygiène intime à Shabbat | Hilkhot Shabbat",200 (fichier présent),oui,oui,
https://daattorah.com/oh/312/lamdan/he,he,shabbat,312,,2-Lamdan,sources/shabbat/siman-312/niveau-2-lamdan-he.html,"Siman <bdi>שי""ב</bdi> · רמה 2 — Hygiène intime à Shabbat | הלכות שבת",200 (fichier présent),oui,oui,
https://daattorah.com/oh/312/lamdan,fr,shabbat,312,,2-Lamdan,sources/shabbat/siman-312/niveau-2-lamdan.html,"Siman <bdi>שי""ב</bdi> · Niveau 2 — Hygiène intime à Shabbat | Hilkhot Shabbat",200 (fichier présent),oui,oui,
https://daattorah.com/oh/312/synthese/en,en,shabbat,312,,3-Synthese,sources/shabbat/siman-312/niveau-3-synthese-en.html,Siman 312 · Level 3 — Personal Hygiene on Shabbos | Hilkhot Shabbat,200 (fichier présent),oui,oui,
https://daattorah.com/oh/312/synthese/he,he,shabbat,312,,3-Synthese,sources/shabbat/siman-312/niveau-3-synthese-he.html,"סימן שי""ב · רמה 3 סינתזה מאסטרית — הַנִּצְרָךְ לִנְקָבָיו | הלכות שבת",200 (fichier présent),oui,oui,
https://daattorah.com/oh/312/synthese,fr,shabbat,312,,3-Synthese,sources/shabbat/siman-312/niveau-3-synthese.html,"Siman <bdi>שי""ב</bdi> · Niveau 3 — Hygiène intime à Shabbat | Hilkhot Shabbat",200 (fichier présent),oui,oui,
https://daattorah.com/oh/312/daat-harav/en,en,shabbat,312,,4-DaatHaRav,sources/shabbat/siman-312/niveau-4-daat-harav-en.html,Siman 312 · Level 4 Daat HaRav — Shitah of the Alter Rebbe | DAAT,200 (fichier présent),oui,oui,
https://daattorah.com/oh/312/daat-harav/he,he,shabbat,312,,4-DaatHaRav,sources/shabbat/siman-312/niveau-4-daat-harav-he.html,"סימן שי""ב · רמה 4 דעת הרב — שיטת אדמו""ר הזקן | דעת",200 (fichier présent),oui,oui,
https://daattorah.com/oh/312/daat-harav,fr,shabbat,312,,4-DaatHaRav,sources/shabbat/siman-312/niveau-4-daat-harav.html,Siman 312 · Niveau 4 — Chitah de l'Admour HaZaken | Hilkhot Shabbat,200 (fichier présent),oui,oui,
https://daattorah.com/oh/313/en,en,shabbat,313,,Index,sources/shabbat/siman-313/index-en.html,"Siman 313 — Moving doors, windows, locks on Shabbos | Hilkhot Shabbat",200 (fichier présent),oui,oui,
https://daattorah.com/oh/313/he,he,shabbat,313,,Index,sources/shabbat/siman-313/index-he.html,סימן שי״ג — טִלְטוּל דֶּלֶת וְחַלּוֹן וְהַמַּנְעוּל | הלכות שבת,200 (fichier présent),oui,oui,
https://daattorah.com/oh/313/,fr,shabbat,313,,Index,sources/shabbat/siman-313/index.html,"Siman 313 — Déplacement de portes, fenêtres | Hilkhot Shabbat",200 (fichier présent),oui,oui,
https://daattorah.com/oh/313/base/en,en,shabbat,313,,1-Base,sources/shabbat/siman-313/niveau-1-base-en.html,"Siman 313 · Level 1 — Moving Doors, Windows | Hilkhot Shabbat",200 (fichier présent),oui,oui,
https://daattorah.com/oh/313/base/he,he,shabbat,313,,1-Base,sources/shabbat/siman-313/niveau-1-base-he.html,"סימן שי""ג · רמה 1 בסיס — טִלְטוּל דֶּלֶת וְחַלּוֹן וְהַמַּנְעוּל | דעת",200 (fichier présent),oui,oui,
https://daattorah.com/oh/313/base,fr,shabbat,313,,1-Base,sources/shabbat/siman-313/niveau-1-base.html,"Siman <bdi>שי""ג</bdi> · Niveau 1 — Déplacement de portes | Hilkhot Shabbat",200 (fichier présent),oui,oui,
https://daattorah.com/oh/313/lamdan/en,en,shabbat,313,,2-Lamdan,sources/shabbat/siman-313/niveau-2-lamdan-en.html,"Siman <bdi>שי""ג</bdi> · Level 2 — Déplacement de portes | Hilkhot Shabbat",200 (fichier présent),oui,oui,
https://daattorah.com/oh/313/lamdan/he,he,shabbat,313,,2-Lamdan,sources/shabbat/siman-313/niveau-2-lamdan-he.html,"Siman <bdi>שי""ג</bdi> · רמה 2 — Déplacement de portes, fenêtres | הלכות שבת",200 (fichier présent),oui,oui,
https://daattorah.com/oh/313/lamdan,fr,shabbat,313,,2-Lamdan,sources/shabbat/siman-313/niveau-2-lamdan.html,"Siman <bdi>שי""ג</bdi> · Niveau 2 — Déplacement de portes | Hilkhot Shabbat",200 (fichier présent),oui,oui,
https://daattorah.com/oh/313/synthese/en,en,shabbat,313,,3-Synthese,sources/shabbat/siman-313/niveau-3-synthese-en.html,"Siman 313 · Level 3 — Moving Doors, Windows, Locks | Hilkhot Shabbat",200 (fichier présent),oui,oui,
https://daattorah.com/oh/313/synthese/he,he,shabbat,313,,3-Synthese,sources/shabbat/siman-313/niveau-3-synthese-he.html,"סימן שי""ג · רמה 3 סינתזה מאסטרית — טִלְטוּל דֶּלֶת וְחַלּו | הלכות שבת",200 (fichier présent),oui,oui,
https://daattorah.com/oh/313/synthese,fr,shabbat,313,,3-Synthese,sources/shabbat/siman-313/niveau-3-synthese.html,"Siman <bdi>שי""ג</bdi> · Niveau 3 — Déplacement de portes | Hilkhot Shabbat",200 (fichier présent),oui,oui,
https://daattorah.com/oh/313/daat-harav/en,en,shabbat,313,,4-DaatHaRav,sources/shabbat/siman-313/niveau-4-daat-harav-en.html,Siman 313 · Level 4 Daat HaRav — Shitah of the Alter Rebbe | DAAT,200 (fichier présent),oui,oui,
https://daattorah.com/oh/313/daat-harav/he,he,shabbat,313,,4-DaatHaRav,sources/shabbat/siman-313/niveau-4-daat-harav-he.html,"סימן שי""ג · רמה 4 דעת הרב — שיטת אדמו""ר הזקן | דעת",200 (fichier présent),oui,oui,
https://daattorah.com/oh/313/daat-harav,fr,shabbat,313,,4-DaatHaRav,sources/shabbat/siman-313/niveau-4-daat-harav.html,Siman 313 · Niveau 4 — Chitah de l'Admour HaZaken | Hilkhot Shabbat,200 (fichier présent),oui,oui,
https://daattorah.com/oh/314/en,en,shabbat,314,,Index,sources/shabbat/siman-314/index-en.html,Siman 314 — Things forbidden on Shabbos due to | Hilkhot Shabbat,200 (fichier présent),oui,oui,
https://daattorah.com/oh/314/he,he,shabbat,314,,Index,sources/shabbat/siman-314/index-he.html,סימן שי״ד — דְּבָרִים הָאֲסוּרִים מִשּׁוּם בִּנְיָן | הלכות שבת,200 (fichier présent),oui,oui,
https://daattorah.com/oh/314/,fr,shabbat,314,,Index,sources/shabbat/siman-314/index.html,Siman 314 — Construction et démolition à Shabbat | Hilkhot Shabbat,200 (fichier présent),oui,oui,
https://daattorah.com/oh/314/base/en,en,shabbat,314,,1-Base,sources/shabbat/siman-314/niveau-1-base-en.html,Siman 314 · Level 1 — Building and Demolishing on | Hilkhot Shabbat,200 (fichier présent),oui,oui,
https://daattorah.com/oh/314/base/he,he,shabbat,314,,1-Base,sources/shabbat/siman-314/niveau-1-base-he.html,"סימן שי""ד · רמה 1 — דְּבָרִים הָאֲסוּרִים מִשּׁוּם | הלכות שבת",200 (fichier présent),oui,oui,
https://daattorah.com/oh/314/base,fr,shabbat,314,,1-Base,sources/shabbat/siman-314/niveau-1-base.html,"Siman <bdi>שי""ד</bdi> · Niveau 1 — Construction et démolition | Hilkhot Shabbat",200 (fichier présent),oui,oui,
https://daattorah.com/oh/314/lamdan/en,en,shabbat,314,,2-Lamdan,sources/shabbat/siman-314/niveau-2-lamdan-en.html,"Siman <bdi>שי""ד</bdi> · Level 2 — Construction et démolition à | Hilkhot Shabbat",200 (fichier présent),oui,oui,
https://daattorah.com/oh/314/lamdan/he,he,shabbat,314,,2-Lamdan,sources/shabbat/siman-314/niveau-2-lamdan-he.html,"Siman <bdi>שי""ד</bdi> · רמה 2 — Construction et démolition à Shabbat | הלכות שבת",200 (fichier présent),oui,oui,
https://daattorah.com/oh/314/lamdan,fr,shabbat,314,,2-Lamdan,sources/shabbat/siman-314/niveau-2-lamdan.html,"Siman <bdi>שי""ד</bdi> · Niveau 2 — Construction et démolition | Hilkhot Shabbat",200 (fichier présent),oui,oui,
https://daattorah.com/oh/314/synthese/en,en,shabbat,314,,3-Synthese,sources/shabbat/siman-314/niveau-3-synthese-en.html,Siman 314 · Level 3 Master Synthesis — Building and Demolishing | DAAT,200 (fichier présent),oui,oui,
https://daattorah.com/oh/314/synthese/he,he,shabbat,314,,3-Synthese,sources/shabbat/siman-314/niveau-3-synthese-he.html,"סימן שי""ד · רמה 3 סינתזה מאסטרית — דְּבָרִים הָאֲסוּרִים | הלכות שבת",200 (fichier présent),oui,oui,
https://daattorah.com/oh/314/synthese,fr,shabbat,314,,3-Synthese,sources/shabbat/siman-314/niveau-3-synthese.html,"Siman <bdi>שי""ד</bdi> · Niveau 3 — Construction et démolition | Hilkhot Shabbat",200 (fichier présent),oui,oui,
https://daattorah.com/oh/314/daat-harav/en,en,shabbat,314,,4-DaatHaRav,sources/shabbat/siman-314/niveau-4-daat-harav-en.html,Siman 314 · Level 4 Daat HaRav — Shitah of the Alter Rebbe | DAAT,200 (fichier présent),oui,oui,
https://daattorah.com/oh/314/daat-harav/he,he,shabbat,314,,4-DaatHaRav,sources/shabbat/siman-314/niveau-4-daat-harav-he.html,"סימן שי""ד · רמה 4 דעת הרב — שיטת אדמו""ר הזקן | דעת",200 (fichier présent),oui,oui,
https://daattorah.com/oh/314/daat-harav,fr,shabbat,314,,4-DaatHaRav,sources/shabbat/siman-314/niveau-4-daat-harav.html,Siman 314 · Niveau 4 — Chitah de l'Admour HaZaken | Hilkhot Shabbat,200 (fichier présent),oui,oui,
https://daattorah.com/oh/315/en,en,shabbat,315,,Index,sources/shabbat/siman-315/index-en.html,Siman 315 — Things forbidden on Shabbos due to ohel | Hilkhot Shabbat,200 (fichier présent),oui,oui,
https://daattorah.com/oh/315/he,he,shabbat,315,,Index,sources/shabbat/siman-315/index-he.html,סימן שט״ו — דְּבָרִים הָאֲסוּרִים מִשּׁוּם אֹהֶל | הלכות שבת,200 (fichier présent),oui,oui,
https://daattorah.com/oh/315/,fr,shabbat,315,,Index,sources/shabbat/siman-315/index.html,Siman 315 — Faire un אהל (toit/abri) à Shabbat | Hilkhot Shabbat,200 (fichier présent),oui,oui,
https://daattorah.com/oh/315/base/en,en,shabbat,315,,1-Base,sources/shabbat/siman-315/niveau-1-base-en.html,"Siman <bdi>שט""ו</bdi> · Level 1 — Making an ohel (roof/shelter) | Hilkhot Shabbat",200 (fichier présent),oui,oui,
https://daattorah.com/oh/315/base/he,he,shabbat,315,,1-Base,sources/shabbat/siman-315/niveau-1-base-he.html,סימן שט״ו · רמה 1 התחלה — עשיית אֹהֶל בשבת · לימוד יסודות | דעת,200 (fichier présent),oui,oui,
https://daattorah.com/oh/315/base,fr,shabbat,315,,1-Base,sources/shabbat/siman-315/niveau-1-base.html,"Siman <bdi>שט""ו</bdi> · Niveau 1 — Faire un אהל (toit/abri) à | Hilkhot Shabbat",200 (fichier présent),oui,oui,
https://daattorah.com/oh/315/lamdan/en,en,shabbat,315,,2-Lamdan,sources/shabbat/siman-315/niveau-2-lamdan-en.html,"Siman <bdi>שט""ו</bdi> · Level 2 — Faire un אהל (toit/abri) à | Hilkhot Shabbat",200 (fichier présent),oui,oui,
https://daattorah.com/oh/315/lamdan/he,he,shabbat,315,,2-Lamdan,sources/shabbat/siman-315/niveau-2-lamdan-he.html,"Siman <bdi>שט""ו</bdi> · רמה 2 — Faire un אהל (toit/abri) à Shabbat | הלכות שבת",200 (fichier présent),oui,oui,
https://daattorah.com/oh/315/lamdan,fr,shabbat,315,,2-Lamdan,sources/shabbat/siman-315/niveau-2-lamdan.html,"Siman <bdi>שט""ו</bdi> · Niveau 2 — Faire un אהל (toit/abri) à | Hilkhot Shabbat",200 (fichier présent),oui,oui,
https://daattorah.com/oh/315/synthese/en,en,shabbat,315,,3-Synthese,sources/shabbat/siman-315/niveau-3-synthese-en.html,"Siman <bdi>שט""ו</bdi> · Level 3 — Making an Ohel (Roof / | Hilkhot Shabbat",200 (fichier présent),oui,oui,
https://daattorah.com/oh/315/synthese/he,he,shabbat,315,,3-Synthese,sources/shabbat/siman-315/niveau-3-synthese-he.html,"סימן <bdi>שט""ו</bdi> · רמה 3 סיכום מגיסטרלי — עשיית אֹהֶל (גג / מחסה) בשבת | דעת",200 (fichier présent),oui,oui,
https://daattorah.com/oh/315/synthese,fr,shabbat,315,,3-Synthese,sources/shabbat/siman-315/niveau-3-synthese.html,"Siman <bdi>שט""ו</bdi> · Niveau 3 — Faire un אהל (toit/abri) à | Hilkhot Shabbat",200 (fichier présent),oui,oui,
https://daattorah.com/oh/315/daat-harav/en,en,shabbat,315,,4-DaatHaRav,sources/shabbat/siman-315/niveau-4-daat-harav-en.html,Siman 315 · Level 4 — Shitah of the Alter Rebbe | Hilkhot Shabbat,200 (fichier présent),oui,oui,
https://daattorah.com/oh/315/daat-harav/he,he,shabbat,315,,4-DaatHaRav,sources/shabbat/siman-315/niveau-4-daat-harav-he.html,סימן (סי׳) שט״ו · רמה 4 דעת הרב — שיטת אדמו״ר הזקן | דעת,200 (fichier présent),oui,oui,
https://daattorah.com/oh/315/daat-harav,fr,shabbat,315,,4-DaatHaRav,sources/shabbat/siman-315/niveau-4-daat-harav.html,Siman 315 · Niveau 4 — Chitah de l'Admour HaZaken | Hilkhot Shabbat,200 (fichier présent),oui,oui,
https://daattorah.com/oh/316/en,en,shabbat,316,,Index,sources/shabbat/siman-316/index-en.html,Siman 316 — Tzidah (trapping) | Hilkhot Shabbat,200 (fichier présent),oui,oui,
https://daattorah.com/oh/316/he,he,shabbat,316,,Index,sources/shabbat/siman-316/index-he.html,סימן שט״ז — צֵידָה הָאֲסוּרָה וְהַמֻּתֶּרֶת בְּשַׁבָּת | הלכות שבת,200 (fichier présent),oui,oui,
https://daattorah.com/oh/316/,fr,shabbat,316,,Index,sources/shabbat/siman-316/index.html,Siman 316 — Tsida (chasse) — capturer animaux | Hilkhot Shabbat,200 (fichier présent),oui,oui,
https://daattorah.com/oh/316/base/en,en,shabbat,316,,1-Base,sources/shabbat/siman-316/niveau-1-base-en.html,Siman שט״ז · Level 1 — Tzidah (Trapping) on Shabbos | DAAT,200 (fichier présent),oui,oui,
https://daattorah.com/oh/316/base/he,he,shabbat,316,,1-Base,sources/shabbat/siman-316/niveau-1-base-he.html,סימן שט״ז · רמה 1 — צידה בשבת | דעת,200 (fichier présent),oui,oui,
https://daattorah.com/oh/316/base,fr,shabbat,316,,1-Base,sources/shabbat/siman-316/niveau-1-base.html,"Siman <bdi>שט""ז</bdi> · Niveau 1 — Tsida (chasse) — capturer | Hilkhot Shabbat",200 (fichier présent),oui,oui,
https://daattorah.com/oh/316/lamdan/en,en,shabbat,316,,2-Lamdan,sources/shabbat/siman-316/niveau-2-lamdan-en.html,"Siman <bdi>שט""ז</bdi> · Level 2 — Tsida (chasse) — capturer | Hilkhot Shabbat",200 (fichier présent),oui,oui,
https://daattorah.com/oh/316/lamdan/he,he,shabbat,316,,2-Lamdan,sources/shabbat/siman-316/niveau-2-lamdan-he.html,"Siman <bdi>שט""ז</bdi> · רמה 2 — Tsida (chasse) — capturer animaux | הלכות שבת",200 (fichier présent),oui,oui,
https://daattorah.com/oh/316/lamdan,fr,shabbat,316,,2-Lamdan,sources/shabbat/siman-316/niveau-2-lamdan.html,"Siman <bdi>שט""ז</bdi> · Niveau 2 — Tsida (chasse) — capturer | Hilkhot Shabbat",200 (fichier présent),oui,oui,
https://daattorah.com/oh/316/synthese/en,en,shabbat,316,,3-Synthese,sources/shabbat/siman-316/niveau-3-synthese-en.html,"Siman <bdi>שט""ז</bdi> · Level 3 — Tzeida (Trapping Animals) on | Hilkhot Shabbat",200 (fichier présent),oui,oui,
https://daattorah.com/oh/316/synthese/he,he,shabbat,316,,3-Synthese,sources/shabbat/siman-316/niveau-3-synthese-he.html,"סימן <bdi>שט""ז</bdi> · רמה 3 סיכום מגיסטרלי — צידה (לכוד בעלי חיים) בשבת | דעת",200 (fichier présent),oui,oui,
https://daattorah.com/oh/316/synthese,fr,shabbat,316,,3-Synthese,sources/shabbat/siman-316/niveau-3-synthese.html,"Siman <bdi>שט""ז</bdi> · Niveau 3 — Tsida (chasse) — capturer | Hilkhot Shabbat",200 (fichier présent),oui,oui,
https://daattorah.com/oh/316/daat-harav/en,en,shabbat,316,,4-DaatHaRav,sources/shabbat/siman-316/niveau-4-daat-harav-en.html,Siman 316 · Level 4 — Shitah of the Alter Rebbe | Hilkhot Shabbat,200 (fichier présent),oui,oui,
https://daattorah.com/oh/316/daat-harav/he,he,shabbat,316,,4-DaatHaRav,sources/shabbat/siman-316/niveau-4-daat-harav-he.html,סימן שט״ז · רמה 4 דעת הרב — שיטת אדמו״ר הזקן | DAAT,200 (fichier présent),oui,oui,
https://daattorah.com/oh/316/daat-harav,fr,shabbat,316,,4-DaatHaRav,sources/shabbat/siman-316/niveau-4-daat-harav.html,Siman 316 · Niveau 4 — Chitah de l'Admour HaZaken | Hilkhot Shabbat,200 (fichier présent),oui,oui,
https://daattorah.com/oh/317/en,en,shabbat,317,,Index,sources/shabbat/siman-317/index-en.html,Siman 317 — Tying and untying | Hilkhot Shabbat,200 (fichier présent),oui,oui,
https://daattorah.com/oh/317/he,he,shabbat,317,,Index,sources/shabbat/siman-317/index-he.html,סימן שי״ז — דִּין קְשִׁירָה וַעֲנִיבָה | הלכות שבת,200 (fichier présent),oui,oui,
https://daattorah.com/oh/317/,fr,shabbat,317,,Index,sources/shabbat/siman-317/index.html,Siman 317 — Nouer et dénouer (קשירה / עניבה) Shabbat | Hilkhot Shabbat,200 (fichier présent),oui,oui,
https://daattorah.com/oh/317/base/en,en,shabbat,317,,1-Base,sources/shabbat/siman-317/niveau-1-base-en.html,Siman <bdi>שי״ז</bdi> · Level 1 — Tying and untying | Hilkhot Shabbat,200 (fichier présent),oui,oui,
https://daattorah.com/oh/317/base/he,he,shabbat,317,,1-Base,sources/shabbat/siman-317/niveau-1-base-he.html,סימן שי״ז · רמה 1 בסיס — קשירה ועניבה בשבת · לימוד התחלתי | דעת,200 (fichier présent),oui,oui,
https://daattorah.com/oh/317/base,fr,shabbat,317,,1-Base,sources/shabbat/siman-317/niveau-1-base.html,"Siman <bdi>שי""ז</bdi> · Niveau 1 — Nouer et dénouer | Hilkhot Shabbat",200 (fichier présent),oui,oui,
https://daattorah.com/oh/317/lamdan/en,en,shabbat,317,,2-Lamdan,sources/shabbat/siman-317/niveau-2-lamdan-en.html,"Siman <bdi>שי""ז</bdi> · Level 2 — Nouer et dénouer | Hilkhot Shabbat",200 (fichier présent),oui,oui,
https://daattorah.com/oh/317/lamdan/he,he,shabbat,317,,2-Lamdan,sources/shabbat/siman-317/niveau-2-lamdan-he.html,"Siman <bdi>שי""ז</bdi> · רמה 2 — Nouer et dénouer | הלכות שבת",200 (fichier présent),oui,oui,
https://daattorah.com/oh/317/lamdan,fr,shabbat,317,,2-Lamdan,sources/shabbat/siman-317/niveau-2-lamdan.html,"Siman <bdi>שי""ז</bdi> · Niveau 2 — Nouer et dénouer | Hilkhot Shabbat",200 (fichier présent),oui,oui,
https://daattorah.com/oh/317/synthese/en,en,shabbat,317,,3-Synthese,sources/shabbat/siman-317/niveau-3-synthese-en.html,"Siman <bdi>שי""ז</bdi> · Level 3 — Tying and Untying | Hilkhot Shabbat",200 (fichier présent),oui,oui,
https://daattorah.com/oh/317/synthese/he,he,shabbat,317,,3-Synthese,sources/shabbat/siman-317/niveau-3-synthese-he.html,"סימן <bdi>שי""ז</bdi> · רמה 3 — קשירה והתרה (קשירה / עניבה) בשבת | הלכות שבת",200 (fichier présent),oui,oui,
https://daattorah.com/oh/317/synthese,fr,shabbat,317,,3-Synthese,sources/shabbat/siman-317/niveau-3-synthese.html,"Siman <bdi>שי""ז</bdi> · Niveau 3 — Nouer et dénouer | Hilkhot Shabbat",200 (fichier présent),oui,oui,
https://daattorah.com/oh/317/daat-harav/en,en,shabbat,317,,4-DaatHaRav,sources/shabbat/siman-317/niveau-4-daat-harav-en.html,Siman 317 · Level 4 — Shitah of the Alter Rebbe | Hilkhot Shabbat,200 (fichier présent),oui,oui,
https://daattorah.com/oh/317/daat-harav/he,he,shabbat,317,,4-DaatHaRav,sources/shabbat/siman-317/niveau-4-daat-harav-he.html,סימן שי״ז · רמה 4 דעת הרב — שיטת אדמו״ר הזקן | דעת,200 (fichier présent),oui,oui,
https://daattorah.com/oh/317/daat-harav,fr,shabbat,317,,4-DaatHaRav,sources/shabbat/siman-317/niveau-4-daat-harav.html,Siman 317 · Niveau 4 — Chitah de l'Admour HaZaken | Hilkhot Shabbat,200 (fichier présent),oui,oui,
https://daattorah.com/oh/318/en,en,shabbat,318,,Index,sources/shabbat/siman-318/index-en.html,Siman 318 — Mevashel (cooking) on Shabbos | Hilkhot Shabbat,200 (fichier présent),oui,oui,
https://daattorah.com/oh/318/he,he,shabbat,318,,Index,sources/shabbat/siman-318/index-he.html,סימן שי״ח — דִּין הַמְבַשֵּׁל בְּשַׁבָּת | הלכות שבת,200 (fichier présent),oui,oui,
https://daattorah.com/oh/318/,fr,shabbat,318,,Index,sources/shabbat/siman-318/index.html,Siman 318 — Mevashel (cuisson) à Shabbat | Hilkhot Shabbat,200 (fichier présent),oui,oui,
https://daattorah.com/oh/318/base/en,en,shabbat,318,,1-Base,sources/shabbat/siman-318/niveau-1-base-en.html,"Siman <bdi>שי""ח</bdi> · Level 1 — Mevashel (Cooking) on | Hilkhot Shabbat",200 (fichier présent),oui,oui,
https://daattorah.com/oh/318/base/he,he,shabbat,318,,1-Base,sources/shabbat/siman-318/niveau-1-base-he.html,"סימן שי""ח · רמה 1 — דין המבשל בשבת — מלאכה דאורייתא | הלכות שבת",200 (fichier présent),oui,oui,
https://daattorah.com/oh/318/base,fr,shabbat,318,,1-Base,sources/shabbat/siman-318/niveau-1-base.html,"Siman <bdi>שי""ח</bdi> · Niveau 1 — Mevashel (cuisson) à | Hilkhot Shabbat",200 (fichier présent),oui,oui,
https://daattorah.com/oh/318/lamdan/en,en,shabbat,318,,2-Lamdan,sources/shabbat/siman-318/niveau-2-lamdan-en.html,"Siman <bdi>שי""ח</bdi> · Level 2 — Mevashel (cuisson) à Shabbat | Hilkhot Shabbat",200 (fichier présent),oui,oui,
https://daattorah.com/oh/318/lamdan/he,he,shabbat,318,,2-Lamdan,sources/shabbat/siman-318/niveau-2-lamdan-he.html,"Siman <bdi>שי""ח</bdi> · רמה 2 — Mevashel (cuisson) à Shabbat | הלכות שבת",200 (fichier présent),oui,oui,
https://daattorah.com/oh/318/lamdan,fr,shabbat,318,,2-Lamdan,sources/shabbat/siman-318/niveau-2-lamdan.html,"Siman <bdi>שי""ח</bdi> · Niveau 2 — Mevashel (cuisson) à | Hilkhot Shabbat",200 (fichier présent),oui,oui,
https://daattorah.com/oh/318/synthese/en,en,shabbat,318,,3-Synthese,sources/shabbat/siman-318/niveau-3-synthese-en.html,"Siman <bdi>שי""ח</bdi> · Level 3 Magisterial Summary — Mevashel | Hilkhot Shabbat",200 (fichier présent),oui,oui,
https://daattorah.com/oh/318/synthese/he,he,shabbat,318,,3-Synthese,sources/shabbat/siman-318/niveau-3-synthese-he.html,"סימן שי""ח · רמה 3 סיכום מגיסטרלי — דין המבשל בשבת | דעת",200 (fichier présent),oui,oui,
https://daattorah.com/oh/318/synthese,fr,shabbat,318,,3-Synthese,sources/shabbat/siman-318/niveau-3-synthese.html,"Siman <bdi>שי""ח</bdi> · Niveau 3 — Mevashel (cuisson) à | Hilkhot Shabbat",200 (fichier présent),oui,oui,
https://daattorah.com/oh/318/daat-harav/en,en,shabbat,318,,4-DaatHaRav,sources/shabbat/siman-318/niveau-4-daat-harav-en.html,"Siman <bdi>שי""ח</bdi> · Level 4 Daas HaRav — Shitah of the Alter Rebbe | DAAT",200 (fichier présent),oui,oui,
https://daattorah.com/oh/318/daat-harav/he,he,shabbat,318,,4-DaatHaRav,sources/shabbat/siman-318/niveau-4-daat-harav-he.html,"סימן שי""ח · רמה 4 דעת הרב — שיטת אדמו""ר הזקן | דעת",200 (fichier présent),oui,oui,
https://daattorah.com/oh/318/daat-harav,fr,shabbat,318,,4-DaatHaRav,sources/shabbat/siman-318/niveau-4-daat-harav.html,Siman 318 · Niveau 4 — Chitah de l'Admour HaZaken | Hilkhot Shabbat,200 (fichier présent),oui,oui,
https://daattorah.com/oh/319/en,en,shabbat,319,,Index,sources/shabbat/siman-319/index-en.html,Siman 319 — Borer (selecting) on Shabbos | Hilkhot Shabbat,200 (fichier présent),oui,oui,
https://daattorah.com/oh/319/he,he,shabbat,319,,Index,sources/shabbat/siman-319/index-he.html,סימן שי״ט — דִּין הַבּוֹרֵר בְּשַׁבָּת | הלכות שבת,200 (fichier présent),oui,oui,
https://daattorah.com/oh/319/,fr,shabbat,319,,Index,sources/shabbat/siman-319/index.html,Siman 319 — Borer (trier) à Shabbat | Hilkhot Shabbat,200 (fichier présent),oui,oui,
https://daattorah.com/oh/319/base/en,en,shabbat,319,,1-Base,sources/shabbat/siman-319/niveau-1-base-en.html,"Siman <bdi>שי""ט</bdi> · Level 1 — Borer (Selecting) on Shabbos | Hilkhot Shabbat",200 (fichier présent),oui,oui,
https://daattorah.com/oh/319/base/he,he,shabbat,319,,1-Base,sources/shabbat/siman-319/niveau-1-base-he.html,"סימן שי""ט · רמה 1 — דין הבורר בשבת — מלאכה דאורייתא | הלכות שבת",200 (fichier présent),oui,oui,
https://daattorah.com/oh/319/base,fr,shabbat,319,,1-Base,sources/shabbat/siman-319/niveau-1-base.html,"Siman <bdi>שי""ט</bdi> · Niveau 1 — Borer (trier) à Shabbat | Hilkhot Shabbat",200 (fichier présent),oui,oui,
https://daattorah.com/oh/319/lamdan/en,en,shabbat,319,,2-Lamdan,sources/shabbat/siman-319/niveau-2-lamdan-en.html,"Siman <bdi>שי""ט</bdi> · Level 2 — Borer (trier) à Shabbat | Hilkhot Shabbat",200 (fichier présent),oui,oui,
https://daattorah.com/oh/319/lamdan/he,he,shabbat,319,,2-Lamdan,sources/shabbat/siman-319/niveau-2-lamdan-he.html,"Siman <bdi>שי""ט</bdi> · רמה 2 — Borer (trier) à Shabbat | הלכות שבת",200 (fichier présent),oui,oui,
https://daattorah.com/oh/319/lamdan,fr,shabbat,319,,2-Lamdan,sources/shabbat/siman-319/niveau-2-lamdan.html,"Siman <bdi>שי""ט</bdi> · Niveau 2 — Borer (trier) à Shabbat | Hilkhot Shabbat",200 (fichier présent),oui,oui,
https://daattorah.com/oh/319/synthese/en,en,shabbat,319,,3-Synthese,sources/shabbat/siman-319/niveau-3-synthese-en.html,"Siman <bdi>שי""ט</bdi> · Level 3 Magisterial Summary — Borer (Se | Hilkhot Shabbat",200 (fichier présent),oui,oui,
https://daattorah.com/oh/319/synthese/he,he,shabbat,319,,3-Synthese,sources/shabbat/siman-319/niveau-3-synthese-he.html,"סימן שי""ט · רמה 3 סיכום מגיסטרלי — דין הבורר בשבת | דעת",200 (fichier présent),oui,oui,
https://daattorah.com/oh/319/synthese,fr,shabbat,319,,3-Synthese,sources/shabbat/siman-319/niveau-3-synthese.html,"Siman <bdi>שי""ט</bdi> · Niveau 3 — Borer (trier) à Shabbat | Hilkhot Shabbat",200 (fichier présent),oui,oui,
https://daattorah.com/oh/319/daat-harav/en,en,shabbat,319,,4-DaatHaRav,sources/shabbat/siman-319/niveau-4-daat-harav-en.html,"Siman <bdi>שי""ט</bdi> · Level 4 Daas HaRav — Shitah of the Alter Rebbe | DAAT",200 (fichier présent),oui,oui,
https://daattorah.com/oh/319/daat-harav/he,he,shabbat,319,,4-DaatHaRav,sources/shabbat/siman-319/niveau-4-daat-harav-he.html,"סימן שי""ט · רמה 4 דעת הרב — שיטת אדמו""ר הזקן | דעת",200 (fichier présent),oui,oui,
https://daattorah.com/oh/319/daat-harav,fr,shabbat,319,,4-DaatHaRav,sources/shabbat/siman-319/niveau-4-daat-harav.html,Siman 319 · Niveau 4 — Chitah de l'Admour HaZaken | Hilkhot Shabbat,200 (fichier présent),oui,oui,
https://daattorah.com/oh/320/en,en,shabbat,320,,Index,sources/shabbat/siman-320/index-en.html,Siman 320 — Sechitah (squeezing) on Shabbos | Hilkhot Shabbat,200 (fichier présent),oui,oui,
https://daattorah.com/oh/320/he,he,shabbat,320,,Index,sources/shabbat/siman-320/index-he.html,סימן ש״כ — דִּינֵי סְחִיטָה בְּשַׁבָּת | הלכות שבת,200 (fichier présent),oui,oui,
https://daattorah.com/oh/320/,fr,shabbat,320,,Index,sources/shabbat/siman-320/index.html,Siman 320 — Shita (presser) à Shabbat | Hilkhot Shabbat,200 (fichier présent),oui,oui,
https://daattorah.com/oh/320/base/en,en,shabbat,320,,1-Base,sources/shabbat/siman-320/niveau-1-base-en.html,"Siman <bdi>ש""כ</bdi> · Level 1 — Sechitah (Squeezing) on | Hilkhot Shabbat",200 (fichier présent),oui,oui,
https://daattorah.com/oh/320/base/he,he,shabbat,320,,1-Base,sources/shabbat/siman-320/niveau-1-base-he.html,"סימן ש""כ · רמה 1 בסיס — דיני סחיטה בשבת · פתיחה לימודית | דעת",200 (fichier présent),oui,oui,
https://daattorah.com/oh/320/base,fr,shabbat,320,,1-Base,sources/shabbat/siman-320/niveau-1-base.html,"Siman <bdi>ש""כ</bdi> · Niveau 1 — Shita (presser) à Shabbat | Hilkhot Shabbat",200 (fichier présent),oui,oui,
https://daattorah.com/oh/320/lamdan/en,en,shabbat,320,,2-Lamdan,sources/shabbat/siman-320/niveau-2-lamdan-en.html,"Siman <bdi>ש""כ</bdi> · Level 2 — Shita (presser) à Shabbat | Hilkhot Shabbat",200 (fichier présent),oui,oui,
https://daattorah.com/oh/320/lamdan/he,he,shabbat,320,,2-Lamdan,sources/shabbat/siman-320/niveau-2-lamdan-he.html,"Siman <bdi>ש""כ</bdi> · רמה 2 — Shita (presser) à Shabbat | הלכות שבת",200 (fichier présent),oui,oui,
https://daattorah.com/oh/320/lamdan,fr,shabbat,320,,2-Lamdan,sources/shabbat/siman-320/niveau-2-lamdan.html,"Siman <bdi>ש""כ</bdi> · Niveau 2 — Shita (presser) à Shabbat | Hilkhot Shabbat",200 (fichier présent),oui,oui,
https://daattorah.com/oh/320/synthese/en,en,shabbat,320,,3-Synthese,sources/shabbat/siman-320/niveau-3-synthese-en.html,"Siman <bdi>ש""כ</bdi> · Level 3 Magisterial Summary — Sechitah on Shabbos | DAAT",200 (fichier présent),oui,oui,
https://daattorah.com/oh/320/synthese/he,he,shabbat,320,,3-Synthese,sources/shabbat/siman-320/niveau-3-synthese-he.html,"סימן ש""כ · רמה 3 סיכום מגיסטרלי — דיני סחיטה בשבת | דעת",200 (fichier présent),oui,oui,
https://daattorah.com/oh/320/synthese,fr,shabbat,320,,3-Synthese,sources/shabbat/siman-320/niveau-3-synthese.html,"Siman <bdi>ש""כ</bdi> · Niveau 3 — Shita (presser) à Shabbat | Hilkhot Shabbat",200 (fichier présent),oui,oui,
https://daattorah.com/oh/320/daat-harav/en,en,shabbat,320,,4-DaatHaRav,sources/shabbat/siman-320/niveau-4-daat-harav-en.html,"Siman <bdi>ש""כ</bdi> · Level 4 Daas HaRav — Shitah of the Alter Rebbe | DAAT",200 (fichier présent),oui,oui,
https://daattorah.com/oh/320/daat-harav/he,he,shabbat,320,,4-DaatHaRav,sources/shabbat/siman-320/niveau-4-daat-harav-he.html,"סימן ש""כ · רמה 4 דעת הרב — שיטת אדמו""ר הזקן | דעת",200 (fichier présent),oui,oui,
https://daattorah.com/oh/320/daat-harav,fr,shabbat,320,,4-DaatHaRav,sources/shabbat/siman-320/niveau-4-daat-harav.html,Siman 320 · Niveau 4 — Chitah de l'Admour HaZaken | Hilkhot Shabbat,200 (fichier présent),oui,oui,
https://daattorah.com/oh/321/en,en,shabbat,321,,Index,sources/shabbat/siman-321/index-en.html,"Siman 321 — Tolesh (picking), Tochen (grinding) | Hilkhot Shabbat",200 (fichier présent),oui,oui,
https://daattorah.com/oh/321/he,he,shabbat,321,,Index,sources/shabbat/siman-321/index-he.html,סימן שכ״א — דִּינֵי תּוֹלֵשׁ וְטוֹחֵן וְתִקּוּנֵי מַאֲכָל | הלכות שבת,200 (fichier présent),oui,oui,
https://daattorah.com/oh/321/,fr,shabbat,321,,Index,sources/shabbat/siman-321/index.html,"Siman 321 — Tolesh (cueillir), Tohen (moudre) | Hilkhot Shabbat",200 (fichier présent),oui,oui,
https://daattorah.com/oh/321/base/en,en,shabbat,321,,1-Base,sources/shabbat/siman-321/niveau-1-base-en.html,"Siman 321 · Level 1 — Tolesh, Tochen, Me'abed | Hilkhot Shabbat",200 (fichier présent),oui,oui,
https://daattorah.com/oh/321/base/he,he,shabbat,321,,1-Base,sources/shabbat/siman-321/niveau-1-base-he.html,"סימן שכ""א · רמה 1 בסיס — תולש, טוחן, מעבד, לש בשבת · לימוד פתיחה | דעת",200 (fichier présent),oui,oui,
https://daattorah.com/oh/321/base,fr,shabbat,321,,1-Base,sources/shabbat/siman-321/niveau-1-base.html,"Siman <bdi>שכ""א</bdi> · Niveau 1 — Tolesh (cueillir) | Hilkhot Shabbat",200 (fichier présent),oui,oui,
https://daattorah.com/oh/321/lamdan/en,en,shabbat,321,,2-Lamdan,sources/shabbat/siman-321/niveau-2-lamdan-en.html,"Siman <bdi>שכ""א</bdi> · Level 2 — Tolesh (cueillir) | Hilkhot Shabbat",200 (fichier présent),oui,oui,
https://daattorah.com/oh/321/lamdan/he,he,shabbat,321,,2-Lamdan,sources/shabbat/siman-321/niveau-2-lamdan-he.html,"Siman <bdi>שכ""א</bdi> · רמה 2 — Tolesh (cueillir), Tohen (moudre) | הלכות שבת",200 (fichier présent),oui,oui,
https://daattorah.com/oh/321/lamdan,fr,shabbat,321,,2-Lamdan,sources/shabbat/siman-321/niveau-2-lamdan.html,"Siman <bdi>שכ""א</bdi> · Niveau 2 — Tolesh (cueillir) | Hilkhot Shabbat",200 (fichier présent),oui,oui,
https://daattorah.com/oh/321/synthese/en,en,shabbat,321,,3-Synthese,sources/shabbat/siman-321/niveau-3-synthese-en.html,"Siman 321 · Level 3 — Tolesh, Tochen, Me'abed | Hilkhot Shabbat",200 (fichier présent),oui,oui,
https://daattorah.com/oh/321/synthese/he,he,shabbat,321,,3-Synthese,sources/shabbat/siman-321/niveau-3-synthese-he.html,"סימן שכ""א · רמה 3 סינתזה מקיפה — תולש, טוחן, מעבד, לש בשבת | דעת",200 (fichier présent),oui,oui,
https://daattorah.com/oh/321/synthese,fr,shabbat,321,,3-Synthese,sources/shabbat/siman-321/niveau-3-synthese.html,"Siman <bdi>שכ""א</bdi> · Niveau 3 — Tolesh (cueillir) | Hilkhot Shabbat",200 (fichier présent),oui,oui,
https://daattorah.com/oh/321/daat-harav/en,en,shabbat,321,,4-DaatHaRav,sources/shabbat/siman-321/niveau-4-daat-harav-en.html,Siman 321 · Level 4 Daas HaRav — Shitah of the Alter Rebbe | DAAT,200 (fichier présent),oui,oui,
https://daattorah.com/oh/321/daat-harav/he,he,shabbat,321,,4-DaatHaRav,sources/shabbat/siman-321/niveau-4-daat-harav-he.html,"סימן שכ""א · רמה 4 דעת הרב — שיטת אדמו""ר הזקן | דעת",200 (fichier présent),oui,oui,
https://daattorah.com/oh/321/daat-harav,fr,shabbat,321,,4-DaatHaRav,sources/shabbat/siman-321/niveau-4-daat-harav.html,Siman 321 · Niveau 4 — Chitah de l'Admour HaZaken | Hilkhot Shabbat,200 (fichier présent),oui,oui,
https://daattorah.com/oh/322/en,en,shabbat,322,,Index,sources/shabbat/siman-322/index-en.html,Siman 322 — L'œuf pondu le Chabbat (Nolad) | Hilkhot Shabbat,200 (fichier présent),oui,oui,
https://daattorah.com/oh/322/he,he,shabbat,322,,Index,sources/shabbat/siman-322/index-he.html,Siman 322 — L'œuf pondu le Chabbat (Nolad) | הלכות שבת,200 (fichier présent),oui,oui,
https://daattorah.com/oh/322/,fr,shabbat,322,,Index,sources/shabbat/siman-322/index.html,Siman 322 — L'œuf pondu le Chabbat (Nolad) | Hilkhot Shabbat,200 (fichier présent),oui,oui,
https://daattorah.com/oh/322/base/en,en,shabbat,322,,1-Base,sources/shabbat/siman-322/niveau-1-base-en.html,"Siman <bdi>שכ""ב</bdi> · Level 1 — L'œuf pondu le Chabbat | Hilkhot Shabbat",200 (fichier présent),oui,oui,
https://daattorah.com/oh/322/base/he,he,shabbat,322,,1-Base,sources/shabbat/siman-322/niveau-1-base-he.html,"Siman <bdi>שכ""ב</bdi> · רמה 1 — L'œuf pondu le Chabbat (Nolad) | הלכות שבת",200 (fichier présent),oui,oui,
https://daattorah.com/oh/322/base,fr,shabbat,322,,1-Base,sources/shabbat/siman-322/niveau-1-base.html,"Siman <bdi>שכ""ב</bdi> · Niveau 1 — L'œuf pondu le Chabbat | Hilkhot Shabbat",200 (fichier présent),oui,oui,
https://daattorah.com/oh/322/lamdan/en,en,shabbat,322,,2-Lamdan,sources/shabbat/siman-322/niveau-2-lamdan-en.html,"Siman <bdi>שכ""ב</bdi> · Level 2 — L'œuf pondu le Chabbat | Hilkhot Shabbat",200 (fichier présent),oui,oui,
https://daattorah.com/oh/322/lamdan/he,he,shabbat,322,,2-Lamdan,sources/shabbat/siman-322/niveau-2-lamdan-he.html,"Siman <bdi>שכ""ב</bdi> · רמה 2 — L'œuf pondu le Chabbat (Nolad) | הלכות שבת",200 (fichier présent),oui,oui,
https://daattorah.com/oh/322/lamdan,fr,shabbat,322,,2-Lamdan,sources/shabbat/siman-322/niveau-2-lamdan.html,"Siman <bdi>שכ""ב</bdi> · Niveau 2 — L'œuf pondu le Chabbat | Hilkhot Shabbat",200 (fichier présent),oui,oui,
https://daattorah.com/oh/322/synthese/en,en,shabbat,322,,3-Synthese,sources/shabbat/siman-322/niveau-3-synthese-en.html,"Siman <bdi>שכ""ב</bdi> · Level 3 — L'œuf pondu le Chabbat | Hilkhot Shabbat",200 (fichier présent),oui,oui,
https://daattorah.com/oh/322/synthese/he,he,shabbat,322,,3-Synthese,sources/shabbat/siman-322/niveau-3-synthese-he.html,"Siman <bdi>שכ""ב</bdi> · רמה 3 — L'œuf pondu le Chabbat (Nolad) | הלכות שבת",200 (fichier présent),oui,oui,
https://daattorah.com/oh/322/synthese,fr,shabbat,322,,3-Synthese,sources/shabbat/siman-322/niveau-3-synthese.html,"Siman <bdi>שכ""ב</bdi> · Niveau 3 — L'œuf pondu le Chabbat | Hilkhot Shabbat",200 (fichier présent),oui,oui,
https://daattorah.com/oh/322/daat-harav/en,en,shabbat,322,,4-DaatHaRav,sources/shabbat/siman-322/niveau-4-daat-harav-en.html,Siman 322 · Level 4 Daas HaRav — Shitah of the Alter Rebbe | DAAT,200 (fichier présent),oui,oui,
https://daattorah.com/oh/322/daat-harav/he,he,shabbat,322,,4-DaatHaRav,sources/shabbat/siman-322/niveau-4-daat-harav-he.html,"סימן שכ""ב · רמה 4 דעת הרב — שיטת אדמו""ר הזקן | דעת",200 (fichier présent),oui,oui,
https://daattorah.com/oh/322/daat-harav,fr,shabbat,322,,4-DaatHaRav,sources/shabbat/siman-322/niveau-4-daat-harav.html,Siman 322 · Niveau 4 — Chitah de l'Admour HaZaken | Hilkhot Shabbat,200 (fichier présent),oui,oui,
https://daattorah.com/oh/323/en,en,shabbat,323,,Index,sources/shabbat/siman-323/index-en.html,"Siman 323 — Borrowing, buying | Hilkhot Shabbat",200 (fichier présent),oui,oui,
https://daattorah.com/oh/323/he,he,shabbat,323,,Index,sources/shabbat/siman-323/index-he.html,סימן שכ״ג — דִּין הַשְׁאָלָה וְקִנְיַן צָרְכֵי שַׁבָּת | הלכות שבת,200 (fichier présent),oui,oui,
https://daattorah.com/oh/323/,fr,shabbat,323,,Index,sources/shabbat/siman-323/index.html,"Siman 323 — Emprunter, acheter | Hilkhot Shabbat",200 (fichier présent),oui,oui,
https://daattorah.com/oh/323/base/en,en,shabbat,323,,1-Base,sources/shabbat/siman-323/niveau-1-base-en.html,"Siman 323 · Level 1 — Borrowing, Purchasing | Hilkhot Shabbat",200 (fichier présent),oui,oui,
https://daattorah.com/oh/323/base/he,he,shabbat,323,,1-Base,sources/shabbat/siman-323/niveau-1-base-he.html,"סימן שכ""ג · רמה 1 — שאלה, קנייה והדחת כלים בשבת | הלכות שבת",200 (fichier présent),oui,oui,
https://daattorah.com/oh/323/base,fr,shabbat,323,,1-Base,sources/shabbat/siman-323/niveau-1-base.html,"Siman <bdi>שכ""ג</bdi> · Niveau 1 — Emprunter, acheter | Hilkhot Shabbat",200 (fichier présent),oui,oui,
https://daattorah.com/oh/323/lamdan/en,en,shabbat,323,,2-Lamdan,sources/shabbat/siman-323/niveau-2-lamdan-en.html,"Siman <bdi>שכ""ג</bdi> · Level 2 — Emprunter, acheter | Hilkhot Shabbat",200 (fichier présent),oui,oui,
https://daattorah.com/oh/323/lamdan/he,he,shabbat,323,,2-Lamdan,sources/shabbat/siman-323/niveau-2-lamdan-he.html,"Siman <bdi>שכ""ג</bdi> · רמה 2 — Emprunter, acheter | הלכות שבת",200 (fichier présent),oui,oui,
https://daattorah.com/oh/323/lamdan,fr,shabbat,323,,2-Lamdan,sources/shabbat/siman-323/niveau-2-lamdan.html,"Siman <bdi>שכ""ג</bdi> · Niveau 2 — Emprunter, acheter | Hilkhot Shabbat",200 (fichier présent),oui,oui,
https://daattorah.com/oh/323/synthese/en,en,shabbat,323,,3-Synthese,sources/shabbat/siman-323/niveau-3-synthese-en.html,"Siman 323 · Level 3 — Borrowing, Purchasing | Hilkhot Shabbat",200 (fichier présent),oui,oui,
https://daattorah.com/oh/323/synthese/he,he,shabbat,323,,3-Synthese,sources/shabbat/siman-323/niveau-3-synthese-he.html,"סימן שכ""ג · רמה 3 סינתזה מקיפה — שאלה, קנייה והדחת כלים בשבת | דעת",200 (fichier présent),oui,oui,
https://daattorah.com/oh/323/synthese,fr,shabbat,323,,3-Synthese,sources/shabbat/siman-323/niveau-3-synthese.html,"Siman <bdi>שכ""ג</bdi> · Niveau 3 — Emprunter, acheter | Hilkhot Shabbat",200 (fichier présent),oui,oui,
https://daattorah.com/oh/323/daat-harav/en,en,shabbat,323,,4-DaatHaRav,sources/shabbat/siman-323/niveau-4-daat-harav-en.html,Siman 323 · Level 4 Daas HaRav — Shitah of the Alter Rebbe | DAAT,200 (fichier présent),oui,oui,
https://daattorah.com/oh/323/daat-harav/he,he,shabbat,323,,4-DaatHaRav,sources/shabbat/siman-323/niveau-4-daat-harav-he.html,"סימן שכ""ג · רמה 4 דעת הרב — שיטת אדמו""ר הזקן | דעת",200 (fichier présent),oui,oui,
https://daattorah.com/oh/323/daat-harav,fr,shabbat,323,,4-DaatHaRav,sources/shabbat/siman-323/niveau-4-daat-harav.html,Siman 323 · Niveau 4 — Chitah de l'Admour HaZaken | Hilkhot Shabbat,200 (fichier présent),oui,oui,
https://daattorah.com/oh/324/en,en,shabbat,324,,Index,sources/shabbat/siman-324/index-en.html,Siman 324 — Preparing food for animals on Shabbos | Hilkhot Shabbat,200 (fichier présent),oui,oui,
https://daattorah.com/oh/324/he,he,shabbat,324,,Index,sources/shabbat/siman-324/index-he.html,סימן שכ״ד — דִּינֵי הֲכָנַת מַאֲכָל לִבְהֵמָה | הלכות שבת,200 (fichier présent),oui,oui,
https://daattorah.com/oh/324/,fr,shabbat,324,,Index,sources/shabbat/siman-324/index.html,Siman 324 — Préparer la nourriture pour les animaux | Hilkhot Shabbat,200 (fichier présent),oui,oui,
https://daattorah.com/oh/324/base/en,en,shabbat,324,,1-Base,sources/shabbat/siman-324/niveau-1-base-en.html,Siman 324 · Level 1 Base — Feeding Animals on Shabbos | DAAT,200 (fichier présent),oui,oui,
https://daattorah.com/oh/324/base/he,he,shabbat,324,,1-Base,sources/shabbat/siman-324/niveau-1-base-he.html,"סימן שכ""ד · רמה 1 בסיס — הכנת מאכל לבעלי חיים בשבת · לימוד פתיחה | דעת",200 (fichier présent),oui,oui,
https://daattorah.com/oh/324/base,fr,shabbat,324,,1-Base,sources/shabbat/siman-324/niveau-1-base.html,"Siman <bdi>שכ""ד</bdi> · Niveau 1 — Préparer la nourriture pour | Hilkhot Shabbat",200 (fichier présent),oui,oui,
https://daattorah.com/oh/324/lamdan/en,en,shabbat,324,,2-Lamdan,sources/shabbat/siman-324/niveau-2-lamdan-en.html,"Siman <bdi>שכ""ד</bdi> · Level 2 — Préparer la nourriture pour | Hilkhot Shabbat",200 (fichier présent),oui,oui,
https://daattorah.com/oh/324/lamdan/he,he,shabbat,324,,2-Lamdan,sources/shabbat/siman-324/niveau-2-lamdan-he.html,"Siman <bdi>שכ""ד</bdi> · רמה 2 — Préparer la nourriture pour les | הלכות שבת",200 (fichier présent),oui,oui,
https://daattorah.com/oh/324/lamdan,fr,shabbat,324,,2-Lamdan,sources/shabbat/siman-324/niveau-2-lamdan.html,"Siman <bdi>שכ""ד</bdi> · Niveau 2 — Préparer la nourriture pour | Hilkhot Shabbat",200 (fichier présent),oui,oui,
https://daattorah.com/oh/324/synthese/en,en,shabbat,324,,3-Synthese,sources/shabbat/siman-324/niveau-3-synthese-en.html,Siman 324 · Level 3 — Feeding Animals on Shabbos | Hilkhot Shabbat,200 (fichier présent),oui,oui,
https://daattorah.com/oh/324/synthese/he,he,shabbat,324,,3-Synthese,sources/shabbat/siman-324/niveau-3-synthese-he.html,"סימן שכ""ד · רמה 3 סינתזה מקיפה — הכנת מאכל לבעלי חיים בשבת | דעת",200 (fichier présent),oui,oui,
https://daattorah.com/oh/324/synthese,fr,shabbat,324,,3-Synthese,sources/shabbat/siman-324/niveau-3-synthese.html,"Siman <bdi>שכ""ד</bdi> · Niveau 3 — Préparer la nourriture pour | Hilkhot Shabbat",200 (fichier présent),oui,oui,
https://daattorah.com/oh/324/daat-harav/en,en,shabbat,324,,4-DaatHaRav,sources/shabbat/siman-324/niveau-4-daat-harav-en.html,Siman 324 · Level 4 Daas HaRav — Shitah of the Alter Rebbe | DAAT,200 (fichier présent),oui,oui,
https://daattorah.com/oh/324/daat-harav/he,he,shabbat,324,,4-DaatHaRav,sources/shabbat/siman-324/niveau-4-daat-harav-he.html,"סימן שכ""ד · רמה 4 דעת הרב — שיטת אדמו""ר הזקן | דעת",200 (fichier présent),oui,oui,
https://daattorah.com/oh/324/daat-harav,fr,shabbat,324,,4-DaatHaRav,sources/shabbat/siman-324/niveau-4-daat-harav.html,Siman 324 · Niveau 4 — Chitah de l'Admour HaZaken | Hilkhot Shabbat,200 (fichier présent),oui,oui,
https://daattorah.com/oh/325/en,en,shabbat,325,,Index,sources/shabbat/siman-325/index-en.html,Siman 325 — A non-Jew who does melachah for a Yid | Hilkhot Shabbat,200 (fichier présent),oui,oui,
https://daattorah.com/oh/325/he,he,shabbat,325,,Index,sources/shabbat/siman-325/index-he.html,סימן שכ״ה — נכרי שעשה מלאכה בעד ישראל בשבת | הלכות שבת,200 (fichier présent),oui,oui,
https://daattorah.com/oh/325/,fr,shabbat,325,,Index,sources/shabbat/siman-325/index.html,Siman 325 — Non-juif qui travaille pour le Juif | Hilkhot Shabbat,200 (fichier présent),oui,oui,
https://daattorah.com/oh/325/base/en,en,shabbat,325,,1-Base,sources/shabbat/siman-325/niveau-1-base-en.html,"Siman <bdi>שכ""ה</bdi> · Level 1 — Non-Jew Doing Melachah for a | Hilkhot Shabbat",200 (fichier présent),oui,oui,
https://daattorah.com/oh/325/base/he,he,shabbat,325,,1-Base,sources/shabbat/siman-325/niveau-1-base-he.html,"סימן <bdi>שכ""ה</bdi> · רמה 1 בסיס — נכרי שעשה מלאכה בעד ישראל · יסוד לימודי | דעת",200 (fichier présent),oui,oui,
https://daattorah.com/oh/325/base,fr,shabbat,325,,1-Base,sources/shabbat/siman-325/niveau-1-base.html,"Siman <bdi>שכ""ה</bdi> · Niveau 1 — Non-juif qui travaille pour | Hilkhot Shabbat",200 (fichier présent),oui,oui,
https://daattorah.com/oh/325/lamdan/en,en,shabbat,325,,2-Lamdan,sources/shabbat/siman-325/niveau-2-lamdan-en.html,"Siman <bdi>שכ""ה</bdi> · Level 2 — Non-juif qui travaille pour | Hilkhot Shabbat",200 (fichier présent),oui,oui,
https://daattorah.com/oh/325/lamdan/he,he,shabbat,325,,2-Lamdan,sources/shabbat/siman-325/niveau-2-lamdan-he.html,"Siman <bdi>שכ""ה</bdi> · רמה 2 — Non-juif qui travaille pour le Juif | הלכות שבת",200 (fichier présent),oui,oui,
https://daattorah.com/oh/325/lamdan,fr,shabbat,325,,2-Lamdan,sources/shabbat/siman-325/niveau-2-lamdan.html,"Siman <bdi>שכ""ה</bdi> · Niveau 2 — Non-juif qui travaille pour | Hilkhot Shabbat",200 (fichier présent),oui,oui,
https://daattorah.com/oh/325/synthese/en,en,shabbat,325,,3-Synthese,sources/shabbat/siman-325/niveau-3-synthese-en.html,"Siman <bdi>שכ""ה</bdi> · Level 3 — Non-Jew Doing Melachah for a | Hilkhot Shabbat",200 (fichier présent),oui,oui,
https://daattorah.com/oh/325/synthese/he,he,shabbat,325,,3-Synthese,sources/shabbat/siman-325/niveau-3-synthese-he.html,"סימן <bdi>שכ""ה</bdi> · רמה 3 סינתזה מסכמת — נכרי שעשה מלאכה בעד ישראל | דעת",200 (fichier présent),oui,oui,
https://daattorah.com/oh/325/synthese,fr,shabbat,325,,3-Synthese,sources/shabbat/siman-325/niveau-3-synthese.html,"Siman <bdi>שכ""ה</bdi> · Niveau 3 — Non-juif qui travaille pour | Hilkhot Shabbat",200 (fichier présent),oui,oui,
https://daattorah.com/oh/325/daat-harav/en,en,shabbat,325,,4-DaatHaRav,sources/shabbat/siman-325/niveau-4-daat-harav-en.html,Siman 325 · Level 4 Daas HaRav — Shitah of the Alter Rebbe | DAAT,200 (fichier présent),oui,oui,
https://daattorah.com/oh/325/daat-harav/he,he,shabbat,325,,4-DaatHaRav,sources/shabbat/siman-325/niveau-4-daat-harav-he.html,"סימן 325 · רמה 4 דעת הרב — שיטת אדמו""ר הזקן | דעת",200 (fichier présent),oui,oui,
https://daattorah.com/oh/325/daat-harav,fr,shabbat,325,,4-DaatHaRav,sources/shabbat/siman-325/niveau-4-daat-harav.html,Siman 325 · Niveau 4 — Chitah de l'Admour HaZaken | Hilkhot Shabbat,200 (fichier présent),oui,oui,
https://daattorah.com/oh/326/en,en,shabbat,326,,Index,sources/shabbat/siman-326/index-en.html,Siman 326 — Bathing on Shabbos (rechitzah) | Hilkhot Shabbat,200 (fichier présent),oui,oui,
https://daattorah.com/oh/326/he,he,shabbat,326,,Index,sources/shabbat/siman-326/index-he.html,סימן שכ״ו — דיני רחיצה בשבת · שולחן ערוך · לימוד בעברית | DAAT,200 (fichier présent),oui,oui,
https://daattorah.com/oh/326/,fr,shabbat,326,,Index,sources/shabbat/siman-326/index.html,Siman 326 — Se laver à Shabbat | Hilkhot Shabbat,200 (fichier présent),oui,oui,
https://daattorah.com/oh/326/base/en,en,shabbat,326,,1-Base,sources/shabbat/siman-326/niveau-1-base-en.html,"Siman <bdi>שכ""ו</bdi> · Level 1 — Bathing on Shabbos | Hilkhot Shabbat",200 (fichier présent),oui,oui,
https://daattorah.com/oh/326/base/he,he,shabbat,326,,1-Base,sources/shabbat/siman-326/niveau-1-base-he.html,"סימן <bdi>שכ""ו</bdi> · רמה 1 בסיס — דיני רחיצה בשבת · יסוד לימודי | דעת",200 (fichier présent),oui,oui,
https://daattorah.com/oh/326/base,fr,shabbat,326,,1-Base,sources/shabbat/siman-326/niveau-1-base.html,"Siman <bdi>שכ""ו</bdi> · Niveau 1 — Se laver à Shabbat | Hilkhot Shabbat",200 (fichier présent),oui,oui,
https://daattorah.com/oh/326/lamdan/en,en,shabbat,326,,2-Lamdan,sources/shabbat/siman-326/niveau-2-lamdan-en.html,"Siman <bdi>שכ""ו</bdi> · Level 2 — Se laver à Shabbat | Hilkhot Shabbat",200 (fichier présent),oui,oui,
https://daattorah.com/oh/326/lamdan/he,he,shabbat,326,,2-Lamdan,sources/shabbat/siman-326/niveau-2-lamdan-he.html,"Siman <bdi>שכ""ו</bdi> · רמה 2 — Se laver à Shabbat | הלכות שבת",200 (fichier présent),oui,oui,
https://daattorah.com/oh/326/lamdan,fr,shabbat,326,,2-Lamdan,sources/shabbat/siman-326/niveau-2-lamdan.html,"Siman <bdi>שכ""ו</bdi> · Niveau 2 — Se laver à Shabbat | Hilkhot Shabbat",200 (fichier présent),oui,oui,
https://daattorah.com/oh/326/synthese/en,en,shabbat,326,,3-Synthese,sources/shabbat/siman-326/niveau-3-synthese-en.html,"Siman <bdi>שכ""ו</bdi> · Level 3 Master Synthesis — Rechitza on Shabbos | DAAT",200 (fichier présent),oui,oui,
https://daattorah.com/oh/326/synthese/he,he,shabbat,326,,3-Synthese,sources/shabbat/siman-326/niveau-3-synthese-he.html,"סימן <bdi>שכ""ו</bdi> · רמה 3 סינתזה מסכמת — דיני רחיצה בשבת | דעת",200 (fichier présent),oui,oui,
https://daattorah.com/oh/326/synthese,fr,shabbat,326,,3-Synthese,sources/shabbat/siman-326/niveau-3-synthese.html,"Siman <bdi>שכ""ו</bdi> · Niveau 3 Synthèse Magistrale — Se laver à Shabbat | DAAT",200 (fichier présent),oui,oui,
https://daattorah.com/oh/326/daat-harav/en,en,shabbat,326,,4-DaatHaRav,sources/shabbat/siman-326/niveau-4-daat-harav-en.html,"Siman שכ""ו · Level 4 Daat HaRav — Shitah of the Alter Rebbe | DAAT",200 (fichier présent),oui,oui,
https://daattorah.com/oh/326/daat-harav/he,he,shabbat,326,,4-DaatHaRav,sources/shabbat/siman-326/niveau-4-daat-harav-he.html,"סימן שכ""ו · רמה 4 דעת הרב — שיטת אדמו״ר הזקן | דעת",200 (fichier présent),oui,oui,
https://daattorah.com/oh/326/daat-harav,fr,shabbat,326,,4-DaatHaRav,sources/shabbat/siman-326/niveau-4-daat-harav.html,Siman 326 · Niveau 4 — Chitah de l'Admour HaZaken | Hilkhot Shabbat,200 (fichier présent),oui,oui,
https://daattorah.com/oh/327/en,en,shabbat,327,,Index,sources/shabbat/siman-327/index-en.html,Siman 327 — Sicha (anointing) on Shabbos | Hilkhot Shabbat,200 (fichier présent),oui,oui,
https://daattorah.com/oh/327/he,he,shabbat,327,,Index,sources/shabbat/siman-327/index-he.html,"סימן שכ״ז — דיני סיכה בשבת — שמנים, משחות, בשמים | הלכות שבת",200 (fichier présent),oui,oui,
https://daattorah.com/oh/327/,fr,shabbat,327,,Index,sources/shabbat/siman-327/index.html,Siman 327 — Sikha (oindre) à Shabbat | Hilkhot Shabbat,200 (fichier présent),oui,oui,
https://daattorah.com/oh/327/base/en,en,shabbat,327,,1-Base,sources/shabbat/siman-327/niveau-1-base-en.html,Siman <bdi>שכ״ז</bdi> · Level 1 — Sicha (anointing) on Shabbos | Hilkhot Shabbat,200 (fichier présent),oui,oui,
https://daattorah.com/oh/327/base/he,he,shabbat,327,,1-Base,sources/shabbat/siman-327/niveau-1-base-he.html,סימן שכ״ז · רמה 1 — בסיס — דיני סיכה בשבת: שמנים | הלכות שבת,200 (fichier présent),oui,oui,
https://daattorah.com/oh/327/base,fr,shabbat,327,,1-Base,sources/shabbat/siman-327/niveau-1-base.html,"Siman <bdi>שכ""ז</bdi> · Niveau 1 — Sikha (oindre) à Shabbat | Hilkhot Shabbat",200 (fichier présent),oui,oui,
https://daattorah.com/oh/327/lamdan/en,en,shabbat,327,,2-Lamdan,sources/shabbat/siman-327/niveau-2-lamdan-en.html,"Siman <bdi>שכ""ז</bdi> · Level 2 — Sikha (oindre) à Shabbat | Hilkhot Shabbat",200 (fichier présent),oui,oui,
https://daattorah.com/oh/327/lamdan/he,he,shabbat,327,,2-Lamdan,sources/shabbat/siman-327/niveau-2-lamdan-he.html,"Siman <bdi>שכ""ז</bdi> · רמה 2 — Sikha (oindre) à Shabbat | הלכות שבת",200 (fichier présent),oui,oui,
https://daattorah.com/oh/327/lamdan,fr,shabbat,327,,2-Lamdan,sources/shabbat/siman-327/niveau-2-lamdan.html,"Siman <bdi>שכ""ז</bdi> · Niveau 2 — Sikha (oindre) à Shabbat | Hilkhot Shabbat",200 (fichier présent),oui,oui,
https://daattorah.com/oh/327/synthese/en,en,shabbat,327,,3-Synthese,sources/shabbat/siman-327/niveau-3-synthese-en.html,"Siman <bdi>שכ""ז</bdi> · Level 3 — Sicha on Shabbos | Hilkhot Shabbat",200 (fichier présent),oui,oui,
https://daattorah.com/oh/327/synthese/he,he,shabbat,327,,3-Synthese,sources/shabbat/siman-327/niveau-3-synthese-he.html,"סימן <bdi>שכ""ז</bdi> · רמה 3 סיכום מגיסטרלי — דיני סיכה בשבת | דעת",200 (fichier présent),oui,oui,
https://daattorah.com/oh/327/synthese,fr,shabbat,327,,3-Synthese,sources/shabbat/siman-327/niveau-3-synthese.html,"Siman <bdi>שכ""ז</bdi> · Niveau 3 — Sikha (oindre) à Shabbat | Hilkhot Shabbat",200 (fichier présent),oui,oui,
https://daattorah.com/oh/327/daat-harav/en,en,shabbat,327,,4-DaatHaRav,sources/shabbat/siman-327/niveau-4-daat-harav-en.html,Siman שכ״ז · Level 4 — Daat HaRav — Shitah of the | Hilkhot Shabbat,200 (fichier présent),oui,oui,
https://daattorah.com/oh/327/daat-harav/he,he,shabbat,327,,4-DaatHaRav,sources/shabbat/siman-327/niveau-4-daat-harav-he.html,סימן שכ״ז · רמה 4 — דעת הרב — שיטת אדמו״ר הזקן בדיני סיכה בשבת | דעת,200 (fichier présent),oui,oui,
https://daattorah.com/oh/327/daat-harav,fr,shabbat,327,,4-DaatHaRav,sources/shabbat/siman-327/niveau-4-daat-harav.html,Siman 327 · Niveau 4 — Chitah de l'Admour HaZaken | Hilkhot Shabbat,200 (fichier présent),oui,oui,
https://daattorah.com/oh/328/en,en,shabbat,328,,Index,sources/shabbat/siman-328/index-en.html,Siman 328 — The choleh on Shabbos | Hilkhot Shabbat,200 (fichier présent),oui,oui,
https://daattorah.com/oh/328/he,he,shabbat,328,,Index,sources/shabbat/siman-328/index-he.html,סימן שכ״ח — דין חולה בשבת — דיני רפואה | הלכות שבת,200 (fichier présent),oui,oui,
https://daattorah.com/oh/328/,fr,shabbat,328,,Index,sources/shabbat/siman-328/index.html,Siman 328 — Le malade à Shabbat — règles de soin | Hilkhot Shabbat,200 (fichier présent),oui,oui,
https://daattorah.com/oh/328/base/en,en,shabbat,328,,1-Base,sources/shabbat/siman-328/niveau-1-base-en.html,Siman 328 · Level 1 — Laws of the choleh on Shabbos | Hilkhot Shabbat,200 (fichier présent),oui,oui,
https://daattorah.com/oh/328/base/he,he,shabbat,328,,1-Base,sources/shabbat/siman-328/niveau-1-base-he.html,"סימן שכ""ח · רמה 1 יסוד — דיני חולה בשבת · הקדמה לימודית | דעת",200 (fichier présent),oui,oui,
https://daattorah.com/oh/328/base,fr,shabbat,328,,1-Base,sources/shabbat/siman-328/niveau-1-base.html,"Siman <bdi>שכ""ח</bdi> · Niveau 1 — Le malade à Shabbat | Hilkhot Shabbat",200 (fichier présent),oui,oui,
https://daattorah.com/oh/328/lamdan/en,en,shabbat,328,,2-Lamdan,sources/shabbat/siman-328/niveau-2-lamdan-en.html,"Siman <bdi>שכ""ח</bdi> · Level 2 — Le malade à Shabbat | Hilkhot Shabbat",200 (fichier présent),oui,oui,
https://daattorah.com/oh/328/lamdan/he,he,shabbat,328,,2-Lamdan,sources/shabbat/siman-328/niveau-2-lamdan-he.html,"Siman <bdi>שכ""ח</bdi> · רמה 2 — Le malade à Shabbat — règles de soin | הלכות שבת",200 (fichier présent),oui,oui,
https://daattorah.com/oh/328/lamdan,fr,shabbat,328,,2-Lamdan,sources/shabbat/siman-328/niveau-2-lamdan.html,"Siman <bdi>שכ""ח</bdi> · Niveau 2 — Le malade à Shabbat | Hilkhot Shabbat",200 (fichier présent),oui,oui,
https://daattorah.com/oh/328/synthese/en,en,shabbat,328,,3-Synthese,sources/shabbat/siman-328/niveau-3-synthese-en.html,Siman 328 · Level 3 — Laws of the choleh on Shabbos | Hilkhot Shabbat,200 (fichier présent),oui,oui,
https://daattorah.com/oh/328/synthese/he,he,shabbat,328,,3-Synthese,sources/shabbat/siman-328/niveau-3-synthese-he.html,"סימן שכ""ח · רמה 3 סינתזה מגיסטרלית — דיני חולה בשבת | דעת",200 (fichier présent),oui,oui,
https://daattorah.com/oh/328/synthese,fr,shabbat,328,,3-Synthese,sources/shabbat/siman-328/niveau-3-synthese.html,"Siman <bdi>שכ""ח</bdi> · Niveau 3 — Le malade à Shabbat | Hilkhot Shabbat",200 (fichier présent),oui,oui,
https://daattorah.com/oh/328/daat-harav/en,en,shabbat,328,,4-DaatHaRav,sources/shabbat/siman-328/niveau-4-daat-harav-en.html,Siman 328 · Level 4 Daas HaRav — Shitah of the Alter Rebbe | DAAT,200 (fichier présent),oui,oui,
https://daattorah.com/oh/328/daat-harav/he,he,shabbat,328,,4-DaatHaRav,sources/shabbat/siman-328/niveau-4-daat-harav-he.html,"סימן שכ""ח · רמה 4 דעת הרב — שיטת אדמו""ר הזקן | דעת",200 (fichier présent),oui,oui,
https://daattorah.com/oh/328/daat-harav,fr,shabbat,328,,4-DaatHaRav,sources/shabbat/siman-328/niveau-4-daat-harav.html,Siman 328 · Niveau 4 — Chitah de l'Admour HaZaken | Hilkhot Shabbat,200 (fichier présent),oui,oui,
https://daattorah.com/oh/329/en,en,shabbat,329,,Index,sources/shabbat/siman-329/index-en.html,Siman 329 — For whom we are mechalel Shabbos | Hilkhot Shabbat,200 (fichier présent),oui,oui,
https://daattorah.com/oh/329/he,he,shabbat,329,,Index,sources/shabbat/siman-329/index-he.html,סימן שכ״ט — על מי מחללין את השבת — פיקוח נפש | הלכות שבת,200 (fichier présent),oui,oui,
https://daattorah.com/oh/329/,fr,shabbat,329,,Index,sources/shabbat/siman-329/index.html,Siman 329 — Pour qui transgresser Shabbat | Hilkhot Shabbat,200 (fichier présent),oui,oui,
https://daattorah.com/oh/329/base/en,en,shabbat,329,,1-Base,sources/shabbat/siman-329/niveau-1-base-en.html,Siman 329 · Level 1 — For whom we are mechalel | Hilkhot Shabbat,200 (fichier présent),oui,oui,
https://daattorah.com/oh/329/base/he,he,shabbat,329,,1-Base,sources/shabbat/siman-329/niveau-1-base-he.html,"סימן שכ""ט · רמה 1 יסוד — על מי מחללין שבת | הלכות שבת",200 (fichier présent),oui,oui,
https://daattorah.com/oh/329/base,fr,shabbat,329,,1-Base,sources/shabbat/siman-329/niveau-1-base.html,"Siman <bdi>שכ""ט</bdi> · Niveau 1 — Pour qui transgresser | Hilkhot Shabbat",200 (fichier présent),oui,oui,
https://daattorah.com/oh/329/lamdan/en,en,shabbat,329,,2-Lamdan,sources/shabbat/siman-329/niveau-2-lamdan-en.html,"Siman <bdi>שכ""ט</bdi> · Level 2 — Pour qui transgresser | Hilkhot Shabbat",200 (fichier présent),oui,oui,
https://daattorah.com/oh/329/lamdan/he,he,shabbat,329,,2-Lamdan,sources/shabbat/siman-329/niveau-2-lamdan-he.html,"Siman <bdi>שכ""ט</bdi> · רמה 2 — עבור qui transgresser Shabbat | הלכות שבת",200 (fichier présent),oui,oui,
https://daattorah.com/oh/329/lamdan,fr,shabbat,329,,2-Lamdan,sources/shabbat/siman-329/niveau-2-lamdan.html,"Siman <bdi>שכ""ט</bdi> · Niveau 2 — Pour qui transgresser | Hilkhot Shabbat",200 (fichier présent),oui,oui,
https://daattorah.com/oh/329/synthese/en,en,shabbat,329,,3-Synthese,sources/shabbat/siman-329/niveau-3-synthese-en.html,Siman 329 · Level 3 — For whom we are mechalel | Hilkhot Shabbat,200 (fichier présent),oui,oui,
https://daattorah.com/oh/329/synthese/he,he,shabbat,329,,3-Synthese,sources/shabbat/siman-329/niveau-3-synthese-he.html,"סימן שכ""ט · רמה 3 סינתזה מגיסטרלית — על מי מחללין שבת | הלכות שבת",200 (fichier présent),oui,oui,
https://daattorah.com/oh/329/synthese,fr,shabbat,329,,3-Synthese,sources/shabbat/siman-329/niveau-3-synthese.html,"Siman <bdi>שכ""ט</bdi> · Niveau 3 — Pour qui transgresser | Hilkhot Shabbat",200 (fichier présent),oui,oui,
https://daattorah.com/oh/329/daat-harav/en,en,shabbat,329,,4-DaatHaRav,sources/shabbat/siman-329/niveau-4-daat-harav-en.html,Siman 329 · Level 4 Daas HaRav — Shitah of the Alter Rebbe | DAAT,200 (fichier présent),oui,oui,
https://daattorah.com/oh/329/daat-harav/he,he,shabbat,329,,4-DaatHaRav,sources/shabbat/siman-329/niveau-4-daat-harav-he.html,"סימן שכ""ט · רמה 4 דעת הרב — שיטת אדמו""ר הזקן | דעת",200 (fichier présent),oui,oui,
https://daattorah.com/oh/329/daat-harav,fr,shabbat,329,,4-DaatHaRav,sources/shabbat/siman-329/niveau-4-daat-harav.html,Siman 329 · Niveau 4 — Chitah de l'Admour HaZaken | Hilkhot Shabbat,200 (fichier présent),oui,oui,
https://daattorah.com/oh/330/en,en,shabbat,330,,Index,sources/shabbat/siman-330/index-en.html,Siman 330 — The yoledes on Shabbos | Hilkhot Shabbat,200 (fichier présent),oui,oui,
https://daattorah.com/oh/330/he,he,shabbat,330,,Index,sources/shabbat/siman-330/index-he.html,סימן ש״ל — דיני יולדת בשבת · שולחן ערוך · לימוד בעברית | DAAT,200 (fichier présent),oui,oui,
https://daattorah.com/oh/330/,fr,shabbat,330,,Index,sources/shabbat/siman-330/index.html,Siman 330 — La parturiente (yoledet) à Shabbat | Hilkhot Shabbat,200 (fichier présent),oui,oui,
https://daattorah.com/oh/330/base/en,en,shabbat,330,,1-Base,sources/shabbat/siman-330/niveau-1-base-en.html,Siman 330 · Level 1 — Laws of the yoledes on Shabbos | Hilkhot Shabbat,200 (fichier présent),oui,oui,
https://daattorah.com/oh/330/base/he,he,shabbat,330,,1-Base,sources/shabbat/siman-330/niveau-1-base-he.html,"סימן ש""ל · רמה 1 יסוד — דיני יולדת בשבת · הקדמה לימודית | דעת",200 (fichier présent),oui,oui,
https://daattorah.com/oh/330/base,fr,shabbat,330,,1-Base,sources/shabbat/siman-330/niveau-1-base.html,"Siman <bdi>ש""ל</bdi> · Niveau 1 — La parturiente (yoledet) à | Hilkhot Shabbat",200 (fichier présent),oui,oui,
https://daattorah.com/oh/330/lamdan/en,en,shabbat,330,,2-Lamdan,sources/shabbat/siman-330/niveau-2-lamdan-en.html,"Siman <bdi>ש""ל</bdi> · Level 2 — La parturiente (yoledet) à | Hilkhot Shabbat",200 (fichier présent),oui,oui,
https://daattorah.com/oh/330/lamdan/he,he,shabbat,330,,2-Lamdan,sources/shabbat/siman-330/niveau-2-lamdan-he.html,"Siman <bdi>ש""ל</bdi> · רמה 2 — La parturiente (yoledet) à Shabbat | הלכות שבת",200 (fichier présent),oui,oui,
https://daattorah.com/oh/330/lamdan,fr,shabbat,330,,2-Lamdan,sources/shabbat/siman-330/niveau-2-lamdan.html,"Siman <bdi>ש""ל</bdi> · Niveau 2 — La parturiente (yoledet) à | Hilkhot Shabbat",200 (fichier présent),oui,oui,
https://daattorah.com/oh/330/synthese/en,en,shabbat,330,,3-Synthese,sources/shabbat/siman-330/niveau-3-synthese-en.html,Siman 330 · Level 3 — Laws of the yoledes on Shabbos | Hilkhot Shabbat,200 (fichier présent),oui,oui,
https://daattorah.com/oh/330/synthese/he,he,shabbat,330,,3-Synthese,sources/shabbat/siman-330/niveau-3-synthese-he.html,"סימן ש""ל · רמה 3 סינתזה מגיסטרלית — דיני יולדת בשבת | דעת",200 (fichier présent),oui,oui,
https://daattorah.com/oh/330/synthese,fr,shabbat,330,,3-Synthese,sources/shabbat/siman-330/niveau-3-synthese.html,"Siman <bdi>ש""ל</bdi> · Niveau 3 — La parturiente (yoledet) à | Hilkhot Shabbat",200 (fichier présent),oui,oui,
https://daattorah.com/oh/330/daat-harav/en,en,shabbat,330,,4-DaatHaRav,sources/shabbat/siman-330/niveau-4-daat-harav-en.html,Siman 330 · Level 4 Daas HaRav — Shitah of the Alter Rebbe | DAAT,200 (fichier présent),oui,oui,
https://daattorah.com/oh/330/daat-harav/he,he,shabbat,330,,4-DaatHaRav,sources/shabbat/siman-330/niveau-4-daat-harav-he.html,"סימן ש""ל · רמה 4 דעת הרב — שיטת אדמו""ר הזקן | דעת",200 (fichier présent),oui,oui,
https://daattorah.com/oh/330/daat-harav,fr,shabbat,330,,4-DaatHaRav,sources/shabbat/siman-330/niveau-4-daat-harav.html,Siman 330 · Niveau 4 — Chitah de l'Admour HaZaken | Hilkhot Shabbat,200 (fichier présent),oui,oui,
https://daattorah.com/oh/331/en,en,shabbat,331,,Index,sources/shabbat/siman-331/index-en.html,Siman 331 — Bris milah on Shabbos (the eighth day) | Hilkhot Shabbat,200 (fichier présent),oui,oui,
https://daattorah.com/oh/331/he,he,shabbat,331,,Index,sources/shabbat/siman-331/index-he.html,סימן של״א — דיני מילה בשבת (ביום השמיני) | הלכות שבת,200 (fichier présent),oui,oui,
https://daattorah.com/oh/331/,fr,shabbat,331,,Index,sources/shabbat/siman-331/index.html,Siman 331 — Brit milah à Shabbat (8e jour) | Hilkhot Shabbat,200 (fichier présent),oui,oui,
https://daattorah.com/oh/331/base/en,en,shabbat,331,,1-Base,sources/shabbat/siman-331/niveau-1-base-en.html,Siman 331 · Level 1 — Bris milah on Shabbos | Hilkhot Shabbat,200 (fichier présent),oui,oui,
https://daattorah.com/oh/331/base/he,he,shabbat,331,,1-Base,sources/shabbat/siman-331/niveau-1-base-he.html,"סימן של""א · רמה 1 יסוד — ברית מילה בשבת (יום השמיני) | הלכות שבת",200 (fichier présent),oui,oui,
https://daattorah.com/oh/331/base,fr,shabbat,331,,1-Base,sources/shabbat/siman-331/niveau-1-base.html,"Siman <bdi>של""א</bdi> · Niveau 1 — Brit milah à Shabbat | Hilkhot Shabbat",200 (fichier présent),oui,oui,
https://daattorah.com/oh/331/lamdan/en,en,shabbat,331,,2-Lamdan,sources/shabbat/siman-331/niveau-2-lamdan-en.html,"Siman <bdi>של""א</bdi> · Level 2 — Brit milah à Shabbat | Hilkhot Shabbat",200 (fichier présent),oui,oui,
https://daattorah.com/oh/331/lamdan/he,he,shabbat,331,,2-Lamdan,sources/shabbat/siman-331/niveau-2-lamdan-he.html,"Siman <bdi>של""א</bdi> · רמה 2 — Brit milah à Shabbat (8e jour) | הלכות שבת",200 (fichier présent),oui,oui,
https://daattorah.com/oh/331/lamdan,fr,shabbat,331,,2-Lamdan,sources/shabbat/siman-331/niveau-2-lamdan.html,"Siman <bdi>של""א</bdi> · Niveau 2 — Brit milah à Shabbat | Hilkhot Shabbat",200 (fichier présent),oui,oui,
https://daattorah.com/oh/331/synthese/en,en,shabbat,331,,3-Synthese,sources/shabbat/siman-331/niveau-3-synthese-en.html,Siman 331 · Level 3 — Bris milah on Shabbos | Hilkhot Shabbat,200 (fichier présent),oui,oui,
https://daattorah.com/oh/331/synthese/he,he,shabbat,331,,3-Synthese,sources/shabbat/siman-331/niveau-3-synthese-he.html,"סימן של""א · רמה 3 סינתזה מאסטרית — ברית מילה בשבת (יום השמיני) | דעת",200 (fichier présent),oui,oui,
https://daattorah.com/oh/331/synthese,fr,shabbat,331,,3-Synthese,sources/shabbat/siman-331/niveau-3-synthese.html,"Siman <bdi>של""א</bdi> · Niveau 3 — Brit milah à Shabbat | Hilkhot Shabbat",200 (fichier présent),oui,oui,
https://daattorah.com/oh/331/daat-harav/en,en,shabbat,331,,4-DaatHaRav,sources/shabbat/siman-331/niveau-4-daat-harav-en.html,Siman 331 · Level 4 Daas HaRav — Shitah of the Alter Rebbe | DAAT,200 (fichier présent),oui,oui,
https://daattorah.com/oh/331/daat-harav/he,he,shabbat,331,,4-DaatHaRav,sources/shabbat/siman-331/niveau-4-daat-harav-he.html,"סימן של""א · רמה 4 דעת הרב — שיטת אדמו""ר הזקן | דעת",200 (fichier présent),oui,oui,
https://daattorah.com/oh/331/daat-harav,fr,shabbat,331,,4-DaatHaRav,sources/shabbat/siman-331/niveau-4-daat-harav.html,Siman 331 · Niveau 4 — Chitah de l'Admour HaZaken | Hilkhot Shabbat,200 (fichier présent),oui,oui,
https://daattorah.com/oh/332/en,en,shabbat,332,,Index,sources/shabbat/siman-332/index-en.html,Siman 332 — Not to help an animal give birth on | Hilkhot Shabbat,200 (fichier présent),oui,oui,
https://daattorah.com/oh/332/he,he,shabbat,332,,Index,sources/shabbat/siman-332/index-he.html,סימן של״ב — שֶׁלֹּא לְיַלֵּד הַבְּהֵמָה בְּשַׁבָּת | הלכות שבת,200 (fichier présent),oui,oui,
https://daattorah.com/oh/332/,fr,shabbat,332,,Index,sources/shabbat/siman-332/index.html,Siman 332 — Ne pas faire accoucher un animal Shabbat | Hilkhot Shabbat,200 (fichier présent),oui,oui,
https://daattorah.com/oh/332/base/en,en,shabbat,332,,1-Base,sources/shabbat/siman-332/niveau-1-base-en.html,Siman 332 · Level 1 — Not to deliver an animal on | Hilkhot Shabbat,200 (fichier présent),oui,oui,
https://daattorah.com/oh/332/base/he,he,shabbat,332,,1-Base,sources/shabbat/siman-332/niveau-1-base-he.html,"סימן של""ב · רמה 1 יסוד — שלא לילד בהמה בשבת · לימוד יסודי | דעת",200 (fichier présent),oui,oui,
https://daattorah.com/oh/332/base,fr,shabbat,332,,1-Base,sources/shabbat/siman-332/niveau-1-base.html,"Siman <bdi>של""ב</bdi> · Niveau 1 — Ne pas faire accoucher un | Hilkhot Shabbat",200 (fichier présent),oui,oui,
https://daattorah.com/oh/332/lamdan/en,en,shabbat,332,,2-Lamdan,sources/shabbat/siman-332/niveau-2-lamdan-en.html,"Siman <bdi>של""ב</bdi> · Level 2 — Ne pas faire accoucher un | Hilkhot Shabbat",200 (fichier présent),oui,oui,
https://daattorah.com/oh/332/lamdan/he,he,shabbat,332,,2-Lamdan,sources/shabbat/siman-332/niveau-2-lamdan-he.html,"Siman <bdi>של""ב</bdi> · רמה 2 — Ne pas faire accoucher un animal | הלכות שבת",200 (fichier présent),oui,oui,
https://daattorah.com/oh/332/lamdan,fr,shabbat,332,,2-Lamdan,sources/shabbat/siman-332/niveau-2-lamdan.html,"Siman <bdi>של""ב</bdi> · Niveau 2 — Ne pas faire accoucher un | Hilkhot Shabbat",200 (fichier présent),oui,oui,
https://daattorah.com/oh/332/synthese/en,en,shabbat,332,,3-Synthese,sources/shabbat/siman-332/niveau-3-synthese-en.html,Siman 332 · Level 3 — Not to deliver an animal on | Hilkhot Shabbat,200 (fichier présent),oui,oui,
https://daattorah.com/oh/332/synthese/he,he,shabbat,332,,3-Synthese,sources/shabbat/siman-332/niveau-3-synthese-he.html,"סימן של""ב · רמה 3 סינתזה מאסטרית — שלא לילד בהמה בשבת | דעת",200 (fichier présent),oui,oui,
https://daattorah.com/oh/332/synthese,fr,shabbat,332,,3-Synthese,sources/shabbat/siman-332/niveau-3-synthese.html,"Siman <bdi>של""ב</bdi> · Niveau 3 — Ne pas faire accoucher un | Hilkhot Shabbat",200 (fichier présent),oui,oui,
https://daattorah.com/oh/332/daat-harav/en,en,shabbat,332,,4-DaatHaRav,sources/shabbat/siman-332/niveau-4-daat-harav-en.html,Siman 332 · Level 4 Daas HaRav — Shitah of the Alter Rebbe | DAAT,200 (fichier présent),oui,oui,
https://daattorah.com/oh/332/daat-harav/he,he,shabbat,332,,4-DaatHaRav,sources/shabbat/siman-332/niveau-4-daat-harav-he.html,"סימן של""ב · רמה 4 דעת הרב — שיטת אדמו""ר הזקן | דעת",200 (fichier présent),oui,oui,
https://daattorah.com/oh/332/daat-harav,fr,shabbat,332,,4-DaatHaRav,sources/shabbat/siman-332/niveau-4-daat-harav.html,Siman 332 · Niveau 4 — Chitah de l'Admour HaZaken | Hilkhot Shabbat,200 (fichier présent),oui,oui,
https://daattorah.com/oh/333/en,en,shabbat,333,,Index,sources/shabbat/siman-333/index-en.html,Siman 333 — Not to clear out a storehouse on | Hilkhot Shabbat,200 (fichier présent),oui,oui,
https://daattorah.com/oh/333/he,he,shabbat,333,,Index,sources/shabbat/siman-333/index-he.html,סימן של״ג — שֶׁלֹּא לְפַנּוֹת אוֹצָר בְּשַׁבָּת | הלכות שבת,200 (fichier présent),oui,oui,
https://daattorah.com/oh/333/,fr,shabbat,333,,Index,sources/shabbat/siman-333/index.html,Siman 333 — Ne pas vider un grenier Shabbat | Hilkhot Shabbat,200 (fichier présent),oui,oui,
https://daattorah.com/oh/333/base/en,en,shabbat,333,,1-Base,sources/shabbat/siman-333/niveau-1-base-en.html,Siman 333 · Level 1 — Not to clear a storehouse | Hilkhot Shabbat,200 (fichier présent),oui,oui,
https://daattorah.com/oh/333/base/he,he,shabbat,333,,1-Base,sources/shabbat/siman-333/niveau-1-base-he.html,"סימן של""ג · רמה 1 יסוד — שלא לפנות אוצר בשבת · לימוד יסודי | דעת",200 (fichier présent),oui,oui,
https://daattorah.com/oh/333/base,fr,shabbat,333,,1-Base,sources/shabbat/siman-333/niveau-1-base.html,"Siman <bdi>של""ג</bdi> · Niveau 1 — Ne pas vider un grenier | Hilkhot Shabbat",200 (fichier présent),oui,oui,
https://daattorah.com/oh/333/lamdan/en,en,shabbat,333,,2-Lamdan,sources/shabbat/siman-333/niveau-2-lamdan-en.html,"Siman <bdi>של""ג</bdi> · Level 2 — Ne pas vider un grenier | Hilkhot Shabbat",200 (fichier présent),oui,oui,
https://daattorah.com/oh/333/lamdan/he,he,shabbat,333,,2-Lamdan,sources/shabbat/siman-333/niveau-2-lamdan-he.html,"Siman <bdi>של""ג</bdi> · רמה 2 — Ne pas vider un grenier Shabbat | הלכות שבת",200 (fichier présent),oui,oui,
https://daattorah.com/oh/333/lamdan,fr,shabbat,333,,2-Lamdan,sources/shabbat/siman-333/niveau-2-lamdan.html,"Siman <bdi>של""ג</bdi> · Niveau 2 — Ne pas vider un grenier | Hilkhot Shabbat",200 (fichier présent),oui,oui,
https://daattorah.com/oh/333/synthese/en,en,shabbat,333,,3-Synthese,sources/shabbat/siman-333/niveau-3-synthese-en.html,Siman 333 · Level 3 — Not to clear a storehouse | Hilkhot Shabbat,200 (fichier présent),oui,oui,
https://daattorah.com/oh/333/synthese/he,he,shabbat,333,,3-Synthese,sources/shabbat/siman-333/niveau-3-synthese-he.html,"סימן של""ג · רמה 3 סינתזה מאסטרית — שלא לפנות אוצר בשבת | דעת",200 (fichier présent),oui,oui,
https://daattorah.com/oh/333/synthese,fr,shabbat,333,,3-Synthese,sources/shabbat/siman-333/niveau-3-synthese.html,"Siman <bdi>של""ג</bdi> · Niveau 3 — Ne pas vider un grenier | Hilkhot Shabbat",200 (fichier présent),oui,oui,
https://daattorah.com/oh/333/daat-harav/en,en,shabbat,333,,4-DaatHaRav,sources/shabbat/siman-333/niveau-4-daat-harav-en.html,Siman 333 · Level 4 Daas HaRav — Shitah of the Alter Rebbe | DAAT,200 (fichier présent),oui,oui,
https://daattorah.com/oh/333/daat-harav/he,he,shabbat,333,,4-DaatHaRav,sources/shabbat/siman-333/niveau-4-daat-harav-he.html,"סימן של""ג · רמה 4 דעת הרב — שיטת אדמו""ר הזקן | דעת",200 (fichier présent),oui,oui,
https://daattorah.com/oh/333/daat-harav,fr,shabbat,333,,4-DaatHaRav,sources/shabbat/siman-333/niveau-4-daat-harav.html,Siman 333 · Niveau 4 — Chitah de l'Admour HaZaken | Hilkhot Shabbat,200 (fichier présent),oui,oui,
https://daattorah.com/oh/334/en,en,shabbat,334,,Index,sources/shabbat/siman-334/index-en.html,Siman 334 — Fire on Shabbos — rules of rescue | Hilkhot Shabbat,200 (fichier présent),oui,oui,
https://daattorah.com/oh/334/he,he,shabbat,334,,Index,sources/shabbat/siman-334/index-he.html,סימן של״ד — דִּינֵי דְלֵקָה בְּשַׁבָּת | הלכות שבת,200 (fichier présent),oui,oui,
https://daattorah.com/oh/334/,fr,shabbat,334,,Index,sources/shabbat/siman-334/index.html,Siman 334 — Incendie à Shabbat — règles de sauvetage | Hilkhot Shabbat,200 (fichier présent),oui,oui,
https://daattorah.com/oh/334/base/en,en,shabbat,334,,1-Base,sources/shabbat/siman-334/niveau-1-base-en.html,"Siman 334 (של""ד) · Level 1 — Laws of Fire (Deleikah) | Hilkhot Shabbat",200 (fichier présent),oui,oui,
https://daattorah.com/oh/334/base/he,he,shabbat,334,,1-Base,sources/shabbat/siman-334/niveau-1-base-he.html,"סימן של""ד · רמה 1 בסיס — דיני דליקה בשבת · התחלה פדגוגית | דעת",200 (fichier présent),oui,oui,
https://daattorah.com/oh/334/base,fr,shabbat,334,,1-Base,sources/shabbat/siman-334/niveau-1-base.html,"Siman <bdi>של""ד</bdi> · Niveau 1 — Incendie à Shabbat | Hilkhot Shabbat",200 (fichier présent),oui,oui,
https://daattorah.com/oh/334/lamdan/en,en,shabbat,334,,2-Lamdan,sources/shabbat/siman-334/niveau-2-lamdan-en.html,"Siman <bdi>של""ד</bdi> · Level 2 — Incendie à Shabbat | Hilkhot Shabbat",200 (fichier présent),oui,oui,
https://daattorah.com/oh/334/lamdan/he,he,shabbat,334,,2-Lamdan,sources/shabbat/siman-334/niveau-2-lamdan-he.html,"Siman <bdi>של""ד</bdi> · רמה 2 — Incendie à Shabbat | הלכות שבת",200 (fichier présent),oui,oui,
https://daattorah.com/oh/334/lamdan,fr,shabbat,334,,2-Lamdan,sources/shabbat/siman-334/niveau-2-lamdan.html,"Siman <bdi>של""ד</bdi> · Niveau 2 — Incendie à Shabbat | Hilkhot Shabbat",200 (fichier présent),oui,oui,
https://daattorah.com/oh/334/synthese/en,en,shabbat,334,,3-Synthese,sources/shabbat/siman-334/niveau-3-synthese-en.html,"Siman 334 (של""ד) · Level 3 — Laws of Fire (Deleikah) | Hilkhot Shabbat",200 (fichier présent),oui,oui,
https://daattorah.com/oh/334/synthese/he,he,shabbat,334,,3-Synthese,sources/shabbat/siman-334/niveau-3-synthese-he.html,"סימן של""ד · רמה 3 סינתזה מגיסטרלית — דיני דליקה בשבת | דעת",200 (fichier présent),oui,oui,
https://daattorah.com/oh/334/synthese,fr,shabbat,334,,3-Synthese,sources/shabbat/siman-334/niveau-3-synthese.html,"Siman <bdi>של""ד</bdi> · Niveau 3 — Incendie à Shabbat | Hilkhot Shabbat",200 (fichier présent),oui,oui,
https://daattorah.com/oh/334/daat-harav/en,en,shabbat,334,,4-DaatHaRav,sources/shabbat/siman-334/niveau-4-daat-harav-en.html,Siman 334 · Level 4 Daat HaRav — Shitah of the Alter Rebbe | DAAT,200 (fichier présent),oui,oui,
https://daattorah.com/oh/334/daat-harav/he,he,shabbat,334,,4-DaatHaRav,sources/shabbat/siman-334/niveau-4-daat-harav-he.html,"סימן של""ד · רמה 4 דעת הרב — שיטת אדמו""ר הזקן | דעת",200 (fichier présent),oui,oui,
https://daattorah.com/oh/334/daat-harav,fr,shabbat,334,,4-DaatHaRav,sources/shabbat/siman-334/niveau-4-daat-harav.html,Siman 334 · Niveau 4 — Chitah de l'Admour HaZaken | Hilkhot Shabbat,200 (fichier présent),oui,oui,
https://daattorah.com/oh/335/en,en,shabbat,335,,Index,sources/shabbat/siman-335/index-en.html,Siman 335 — A barrel of wine or oil that broke on | Hilkhot Shabbat,200 (fichier présent),oui,oui,
https://daattorah.com/oh/335/he,he,shabbat,335,,Index,sources/shabbat/siman-335/index-he.html,סימן של״ה — דִּין חָבִית שֶׁנִּשְׁבְּרָה | הלכות שבת,200 (fichier présent),oui,oui,
https://daattorah.com/oh/335/,fr,shabbat,335,,Index,sources/shabbat/siman-335/index.html,Siman 335 — Tonneau de vin / huile cassé Shabbat | Hilkhot Shabbat,200 (fichier présent),oui,oui,
https://daattorah.com/oh/335/base/en,en,shabbat,335,,1-Base,sources/shabbat/siman-335/niveau-1-base-en.html,"Siman 335 (של""ה) · Level 1 — Chavis Shenishbera | Hilkhot Shabbat",200 (fichier présent),oui,oui,
https://daattorah.com/oh/335/base/he,he,shabbat,335,,1-Base,sources/shabbat/siman-335/niveau-1-base-he.html,"סימן של""ה · רמה 1 בסיס — דין חבית שנשברה · התחלה פדגוגית | דעת",200 (fichier présent),oui,oui,
https://daattorah.com/oh/335/base,fr,shabbat,335,,1-Base,sources/shabbat/siman-335/niveau-1-base.html,"Siman <bdi>של""ה</bdi> · Niveau 1 — Tonneau de vin / huile | Hilkhot Shabbat",200 (fichier présent),oui,oui,
https://daattorah.com/oh/335/lamdan/en,en,shabbat,335,,2-Lamdan,sources/shabbat/siman-335/niveau-2-lamdan-en.html,"Siman <bdi>של""ה</bdi> · Level 2 — Tonneau de vin / huile cassé | Hilkhot Shabbat",200 (fichier présent),oui,oui,
https://daattorah.com/oh/335/lamdan/he,he,shabbat,335,,2-Lamdan,sources/shabbat/siman-335/niveau-2-lamdan-he.html,"Siman <bdi>של""ה</bdi> · רמה 2 — Tonneau de vin / huile cassé Shabbat | הלכות שבת",200 (fichier présent),oui,oui,
https://daattorah.com/oh/335/lamdan,fr,shabbat,335,,2-Lamdan,sources/shabbat/siman-335/niveau-2-lamdan.html,"Siman <bdi>של""ה</bdi> · Niveau 2 — Tonneau de vin / huile | Hilkhot Shabbat",200 (fichier présent),oui,oui,
https://daattorah.com/oh/335/synthese/en,en,shabbat,335,,3-Synthese,sources/shabbat/siman-335/niveau-3-synthese-en.html,"Siman 335 (של""ה) · Level 3 — Chavis Shenishbera | Hilkhot Shabbat",200 (fichier présent),oui,oui,
https://daattorah.com/oh/335/synthese/he,he,shabbat,335,,3-Synthese,sources/shabbat/siman-335/niveau-3-synthese-he.html,"סימן של""ה · רמה 3 סינתזה מגיסטרלית — דין חבית שנשברה | דעת",200 (fichier présent),oui,oui,
https://daattorah.com/oh/335/synthese,fr,shabbat,335,,3-Synthese,sources/shabbat/siman-335/niveau-3-synthese.html,"Siman <bdi>של""ה</bdi> · Niveau 3 — Tonneau de vin / huile | Hilkhot Shabbat",200 (fichier présent),oui,oui,
https://daattorah.com/oh/335/daat-harav/en,en,shabbat,335,,4-DaatHaRav,sources/shabbat/siman-335/niveau-4-daat-harav-en.html,Siman 335 · Level 4 — Shitah of the Alter Rebbe | Hilkhot Shabbat,200 (fichier présent),oui,oui,
https://daattorah.com/oh/335/daat-harav/he,he,shabbat,335,,4-DaatHaRav,sources/shabbat/siman-335/niveau-4-daat-harav-he.html,"סימן של""ה · רמה 4 דעת הרב — שיטת אדמו״ר הזקן | דעת",200 (fichier présent),oui,oui,
https://daattorah.com/oh/335/daat-harav,fr,shabbat,335,,4-DaatHaRav,sources/shabbat/siman-335/niveau-4-daat-harav.html,Siman 335 · Niveau 4 — Chitah de l'Admour HaZaken | Hilkhot Shabbat,200 (fichier présent),oui,oui,
https://daattorah.com/oh/336/en,en,shabbat,336,,Index,sources/shabbat/siman-336/index-en.html,Siman 336 — Walking on grass and climbing trees on | Hilkhot Shabbat,200 (fichier présent),oui,oui,
https://daattorah.com/oh/336/he,he,shabbat,336,,Index,sources/shabbat/siman-336/index-he.html,סימן של״ו — אִם מֻתָּר לֵילֵךְ עַל גַּבֵּי הָעֲשָׂבִים | הלכות שבת,200 (fichier présent),oui,oui,
https://daattorah.com/oh/336/,fr,shabbat,336,,Index,sources/shabbat/siman-336/index.html,Siman 336 — Marcher sur l'herbe et monter aux | Hilkhot Shabbat,200 (fichier présent),oui,oui,
https://daattorah.com/oh/336/base/en,en,shabbat,336,,1-Base,sources/shabbat/siman-336/niveau-1-base-en.html,"Siman 336 (של""ו) · Level 1 — Walking on grass and | Hilkhot Shabbat",200 (fichier présent),oui,oui,
https://daattorah.com/oh/336/base/he,he,shabbat,336,,1-Base,sources/shabbat/siman-336/niveau-1-base-he.html,"סימן של""ו · רמה 1 — אם מותר לילך על גבי העשבים וכן באילן | הלכות שבת",200 (fichier présent),oui,oui,
https://daattorah.com/oh/336/base,fr,shabbat,336,,1-Base,sources/shabbat/siman-336/niveau-1-base.html,"Siman <bdi>של""ו</bdi> · Niveau 1 — Marcher sur l'herbe et | Hilkhot Shabbat",200 (fichier présent),oui,oui,
https://daattorah.com/oh/336/lamdan/en,en,shabbat,336,,2-Lamdan,sources/shabbat/siman-336/niveau-2-lamdan-en.html,"Siman <bdi>של""ו</bdi> · Level 2 — Marcher sur l'herbe et | Hilkhot Shabbat",200 (fichier présent),oui,oui,
https://daattorah.com/oh/336/lamdan/he,he,shabbat,336,,2-Lamdan,sources/shabbat/siman-336/niveau-2-lamdan-he.html,"Siman <bdi>של""ו</bdi> · רמה 2 — Marcher sur l'herbe et monter aux | הלכות שבת",200 (fichier présent),oui,oui,
https://daattorah.com/oh/336/lamdan,fr,shabbat,336,,2-Lamdan,sources/shabbat/siman-336/niveau-2-lamdan.html,"Siman <bdi>של""ו</bdi> · Niveau 2 — Marcher sur l'herbe et | Hilkhot Shabbat",200 (fichier présent),oui,oui,
https://daattorah.com/oh/336/synthese/en,en,shabbat,336,,3-Synthese,sources/shabbat/siman-336/niveau-3-synthese-en.html,"Siman 336 (של""ו) · Level 3 — Walking on grass and | Hilkhot Shabbat",200 (fichier présent),oui,oui,
https://daattorah.com/oh/336/synthese/he,he,shabbat,336,,3-Synthese,sources/shabbat/siman-336/niveau-3-synthese-he.html,"סימן של""ו · רמה 3 סינתזה מגיסטרלית — אם מותר לילך על גבי | הלכות שבת",200 (fichier présent),oui,oui,
https://daattorah.com/oh/336/synthese,fr,shabbat,336,,3-Synthese,sources/shabbat/siman-336/niveau-3-synthese.html,"Siman <bdi>של""ו</bdi> · Niveau 3 — Marcher sur l'herbe et | Hilkhot Shabbat",200 (fichier présent),oui,oui,
https://daattorah.com/oh/336/daat-harav/en,en,shabbat,336,,4-DaatHaRav,sources/shabbat/siman-336/niveau-4-daat-harav-en.html,Siman 336 · Level 4 — Shitah of the Alter Rebbe | Hilkhot Shabbat,200 (fichier présent),oui,oui,
https://daattorah.com/oh/336/daat-harav/he,he,shabbat,336,,4-DaatHaRav,sources/shabbat/siman-336/niveau-4-daat-harav-he.html,"סימן של""ו · רמה 4 דעת הרב — שיטת אדמו״ר הזקן | דעת",200 (fichier présent),oui,oui,
https://daattorah.com/oh/336/daat-harav,fr,shabbat,336,,4-DaatHaRav,sources/shabbat/siman-336/niveau-4-daat-harav.html,Siman 336 · Niveau 4 — Chitah de l'Admour HaZaken | Hilkhot Shabbat,200 (fichier présent),oui,oui,
https://daattorah.com/oh/337/en,en,shabbat,337,,Index,sources/shabbat/siman-337/index-en.html,Siman 337 — Sweeping the house and davar she-eino | Hilkhot Shabbat,200 (fichier présent),oui,oui,
https://daattorah.com/oh/337/he,he,shabbat,337,,Index,sources/shabbat/siman-337/index-he.html,סימן של״ז — דִּין כִּבּוּד הַבַּיִת וְדָבָר שֶׁאֵינוֹ | הלכות שבת,200 (fichier présent),oui,oui,
https://daattorah.com/oh/337/,fr,shabbat,337,,Index,sources/shabbat/siman-337/index.html,Siman 337 — Balayer la maison | Hilkhot Shabbat,200 (fichier présent),oui,oui,
https://daattorah.com/oh/337/base/en,en,shabbat,337,,1-Base,sources/shabbat/siman-337/niveau-1-base-en.html,"Siman <bdi>של""ז</bdi> · Level 1 — Sweeping the house | Hilkhot Shabbat",200 (fichier présent),oui,oui,
https://daattorah.com/oh/337/base/he,he,shabbat,337,,1-Base,sources/shabbat/siman-337/niveau-1-base-he.html,"סימן <bdi>של""ז</bdi> · רמה 1 — כיבוד הבית ודבר שאינו מתכוון | הלכות שבת",200 (fichier présent),oui,oui,
https://daattorah.com/oh/337/base,fr,shabbat,337,,1-Base,sources/shabbat/siman-337/niveau-1-base.html,"Siman <bdi>של""ז</bdi> · Niveau 1 — Balayer la maison | Hilkhot Shabbat",200 (fichier présent),oui,oui,
https://daattorah.com/oh/337/lamdan/en,en,shabbat,337,,2-Lamdan,sources/shabbat/siman-337/niveau-2-lamdan-en.html,"Siman <bdi>של""ז</bdi> · Level 2 — Balayer la maison | Hilkhot Shabbat",200 (fichier présent),oui,oui,
https://daattorah.com/oh/337/lamdan/he,he,shabbat,337,,2-Lamdan,sources/shabbat/siman-337/niveau-2-lamdan-he.html,"Siman <bdi>של""ז</bdi> · רמה 2 — Balayer la maison | הלכות שבת",200 (fichier présent),oui,oui,
https://daattorah.com/oh/337/lamdan,fr,shabbat,337,,2-Lamdan,sources/shabbat/siman-337/niveau-2-lamdan.html,"Siman <bdi>של""ז</bdi> · Niveau 2 — Balayer la maison | Hilkhot Shabbat",200 (fichier présent),oui,oui,
https://daattorah.com/oh/337/synthese/en,en,shabbat,337,,3-Synthese,sources/shabbat/siman-337/niveau-3-synthese-en.html,"Siman <bdi>של""ז</bdi> · Level 3 — Sweeping the house | Hilkhot Shabbat",200 (fichier présent),oui,oui,
https://daattorah.com/oh/337/synthese/he,he,shabbat,337,,3-Synthese,sources/shabbat/siman-337/niveau-3-synthese-he.html,"סימן <bdi>של""ז</bdi> · רמה 3 סיכום מקיף — כיבוד הבית ודבר שאינו מתכוון | דעת",200 (fichier présent),oui,oui,
https://daattorah.com/oh/337/synthese,fr,shabbat,337,,3-Synthese,sources/shabbat/siman-337/niveau-3-synthese.html,"Siman <bdi>של""ז</bdi> · Niveau 3 — Balayer la maison | Hilkhot Shabbat",200 (fichier présent),oui,oui,
https://daattorah.com/oh/337/daat-harav/en,en,shabbat,337,,4-DaatHaRav,sources/shabbat/siman-337/niveau-4-daat-harav-en.html,"Siman <bdi>של""ז</bdi> · Level 4 Daat HaRav — Shittah of the Alter Rebbe | DAAT",200 (fichier présent),oui,oui,
https://daattorah.com/oh/337/daat-harav/he,he,shabbat,337,,4-DaatHaRav,sources/shabbat/siman-337/niveau-4-daat-harav-he.html,"סימן של""ז · רמה 4 דעת הרב — שיטת אדמו""ר הזקן | דעת",200 (fichier présent),oui,oui,
https://daattorah.com/oh/337/daat-harav,fr,shabbat,337,,4-DaatHaRav,sources/shabbat/siman-337/niveau-4-daat-harav.html,Siman 337 · Niveau 4 — Chitah de l'Admour HaZaken | Hilkhot Shabbat,200 (fichier présent),oui,oui,
https://daattorah.com/oh/338/en,en,shabbat,338,,Index,sources/shabbat/siman-338/index-en.html,Siman 338 — Not to produce musical sounds on Shabbos | Hilkhot Shabbat,200 (fichier présent),oui,oui,
https://daattorah.com/oh/338/he,he,shabbat,338,,Index,sources/shabbat/siman-338/index-he.html,סימן של״ח — דְּבָרִים הָאֲסוּרִים בְּשַׁבָּת מִשּׁוּם | הלכות שבת,200 (fichier présent),oui,oui,
https://daattorah.com/oh/338/,fr,shabbat,338,,Index,sources/shabbat/siman-338/index.html,Siman 338 — Pas faire de bruit musical Shabbat | Hilkhot Shabbat,200 (fichier présent),oui,oui,
https://daattorah.com/oh/338/base/en,en,shabbat,338,,1-Base,sources/shabbat/siman-338/niveau-1-base-en.html,"Siman <bdi>של""ח</bdi> · Level 1 — Producing sound on Shabbos | Hilkhot Shabbat",200 (fichier présent),oui,oui,
https://daattorah.com/oh/338/base/he,he,shabbat,338,,1-Base,sources/shabbat/siman-338/niveau-1-base-he.html,"סימן <bdi>של""ח</bdi> · רמה 1 — דברים האסורים בשבת משום השמעת קול | הלכות שבת",200 (fichier présent),oui,oui,
https://daattorah.com/oh/338/base,fr,shabbat,338,,1-Base,sources/shabbat/siman-338/niveau-1-base.html,"Siman <bdi>של""ח</bdi> · Niveau 1 — Pas faire de bruit musical | Hilkhot Shabbat",200 (fichier présent),oui,oui,
https://daattorah.com/oh/338/lamdan/en,en,shabbat,338,,2-Lamdan,sources/shabbat/siman-338/niveau-2-lamdan-en.html,"Siman <bdi>של""ח</bdi> · Level 2 — Pas faire de bruit musical | Hilkhot Shabbat",200 (fichier présent),oui,oui,
https://daattorah.com/oh/338/lamdan/he,he,shabbat,338,,2-Lamdan,sources/shabbat/siman-338/niveau-2-lamdan-he.html,"Siman <bdi>של""ח</bdi> · רמה 2 — Pas faire de bruit musical Shabbat | הלכות שבת",200 (fichier présent),oui,oui,
https://daattorah.com/oh/338/lamdan,fr,shabbat,338,,2-Lamdan,sources/shabbat/siman-338/niveau-2-lamdan.html,"Siman <bdi>של""ח</bdi> · Niveau 2 — Pas faire de bruit musical | Hilkhot Shabbat",200 (fichier présent),oui,oui,
https://daattorah.com/oh/338/synthese/en,en,shabbat,338,,3-Synthese,sources/shabbat/siman-338/niveau-3-synthese-en.html,"Siman <bdi>של""ח</bdi> · Level 3 — Producing sound on Shabbos | Hilkhot Shabbat",200 (fichier présent),oui,oui,
https://daattorah.com/oh/338/synthese/he,he,shabbat,338,,3-Synthese,sources/shabbat/siman-338/niveau-3-synthese-he.html,"סימן <bdi>של""ח</bdi> · רמה 3 סיכום מקיף — השמעת קול בשבת | דעת",200 (fichier présent),oui,oui,
https://daattorah.com/oh/338/synthese,fr,shabbat,338,,3-Synthese,sources/shabbat/siman-338/niveau-3-synthese.html,"Siman <bdi>של""ח</bdi> · Niveau 3 — Pas faire de bruit musical | Hilkhot Shabbat",200 (fichier présent),oui,oui,
https://daattorah.com/oh/338/daat-harav/en,en,shabbat,338,,4-DaatHaRav,sources/shabbat/siman-338/niveau-4-daat-harav-en.html,"Siman <bdi>של""ח</bdi> · Level 4 Daat HaRav — Shittah of the Alter Rebbe | DAAT",200 (fichier présent),oui,oui,
https://daattorah.com/oh/338/daat-harav/he,he,shabbat,338,,4-DaatHaRav,sources/shabbat/siman-338/niveau-4-daat-harav-he.html,"סימן <bdi>של""ח</bdi> · רמה 4 דעת הרב — שיטת אדמו""ר הזקן | דעת",200 (fichier présent),oui,oui,
https://daattorah.com/oh/338/daat-harav,fr,shabbat,338,,4-DaatHaRav,sources/shabbat/siman-338/niveau-4-daat-harav.html,Siman 338 · Niveau 4 — Chitah de l'Admour HaZaken | Hilkhot Shabbat,200 (fichier présent),oui,oui,
https://daattorah.com/oh/339/en,en,shabbat,339,,Index,sources/shabbat/siman-339/index-en.html,Siman 339 — Various Specific Halachos of Shabbos | Hilkhot Shabbat,200 (fichier présent),oui,oui,
https://daattorah.com/oh/339/he,he,shabbat,339,,Index,sources/shabbat/siman-339/index-he.html,סימן של״ט — כַּמָּה דִּינִים פְּרָטִיִּים הַנּוֹהֲגִים | הלכות שבת,200 (fichier présent),oui,oui,
https://daattorah.com/oh/339/,fr,shabbat,339,,Index,sources/shabbat/siman-339/index.html,Siman 339 — Plusieurs règles particulières Shabbat | Hilkhot Shabbat,200 (fichier présent),oui,oui,
https://daattorah.com/oh/339/base/en,en,shabbat,339,,1-Base,sources/shabbat/siman-339/niveau-1-base-en.html,"Siman <bdi>של""ט</bdi> · Level 1 — Various particular Shabbos | Hilkhot Shabbat",200 (fichier présent),oui,oui,
https://daattorah.com/oh/339/base/he,he,shabbat,339,,1-Base,sources/shabbat/siman-339/niveau-1-base-he.html,"סימן <bdi>של""ט</bdi> · רמה 1 — כמה דינים פרטיים הנוהגים בשבת | הלכות שבת",200 (fichier présent),oui,oui,
https://daattorah.com/oh/339/base,fr,shabbat,339,,1-Base,sources/shabbat/siman-339/niveau-1-base.html,"Siman <bdi>של""ט</bdi> · Niveau 1 — Plusieurs règles | Hilkhot Shabbat",200 (fichier présent),oui,oui,
https://daattorah.com/oh/339/lamdan/en,en,shabbat,339,,2-Lamdan,sources/shabbat/siman-339/niveau-2-lamdan-en.html,"Siman <bdi>של""ט</bdi> · Level 2 — Plusieurs règles | Hilkhot Shabbat",200 (fichier présent),oui,oui,
https://daattorah.com/oh/339/lamdan/he,he,shabbat,339,,2-Lamdan,sources/shabbat/siman-339/niveau-2-lamdan-he.html,"Siman <bdi>של""ט</bdi> · רמה 2 — Plusieurs règles particulières | הלכות שבת",200 (fichier présent),oui,oui,
https://daattorah.com/oh/339/lamdan,fr,shabbat,339,,2-Lamdan,sources/shabbat/siman-339/niveau-2-lamdan.html,"Siman <bdi>של""ט</bdi> · Niveau 2 — Plusieurs règles | Hilkhot Shabbat",200 (fichier présent),oui,oui,
https://daattorah.com/oh/339/synthese/en,en,shabbat,339,,3-Synthese,sources/shabbat/siman-339/niveau-3-synthese-en.html,"Siman <bdi>של""ט</bdi> · Level 3 — Various particular Shabbos | Hilkhot Shabbat",200 (fichier présent),oui,oui,
https://daattorah.com/oh/339/synthese/he,he,shabbat,339,,3-Synthese,sources/shabbat/siman-339/niveau-3-synthese-he.html,"סימן <bdi>של""ט</bdi> · רמה 3 סיכום מקיף — כמה דינים פרטיים בשבת | דעת",200 (fichier présent),oui,oui,
https://daattorah.com/oh/339/synthese,fr,shabbat,339,,3-Synthese,sources/shabbat/siman-339/niveau-3-synthese.html,"Siman <bdi>של""ט</bdi> · Niveau 3 — Plusieurs règles | Hilkhot Shabbat",200 (fichier présent),oui,oui,
https://daattorah.com/oh/339/daat-harav/en,en,shabbat,339,,4-DaatHaRav,sources/shabbat/siman-339/niveau-4-daat-harav-en.html,"Siman <bdi>של""ט</bdi> · Level 4 Daat HaRav — Shittah of the Alter Rebbe | DAAT",200 (fichier présent),oui,oui,
https://daattorah.com/oh/339/daat-harav/he,he,shabbat,339,,4-DaatHaRav,sources/shabbat/siman-339/niveau-4-daat-harav-he.html,"סימן <bdi>של""ט</bdi> · רמה 4 דעת הרב — שיטת אדמו""ר הזקן | דעת",200 (fichier présent),oui,oui,
https://daattorah.com/oh/339/daat-harav,fr,shabbat,339,,4-DaatHaRav,sources/shabbat/siman-339/niveau-4-daat-harav.html,Siman 339 · Niveau 4 — Chitah de l'Admour HaZaken | Hilkhot Shabbat,200 (fichier présent),oui,oui,
https://daattorah.com/oh/340/en,en,shabbat,340,,Index,sources/shabbat/siman-340/index-en.html,Siman 340 — Toldos of the Avos Melachos | Hilkhot Shabbat,200 (fichier présent),oui,oui,
https://daattorah.com/oh/340/he,he,shabbat,340,,Index,sources/shabbat/siman-340/index-he.html,סימן ש״מ — תּוֹלָדוֹת מֵאָבוֹת — דברים האסורים בשבת | הלכות שבת,200 (fichier présent),oui,oui,
https://daattorah.com/oh/340/,fr,shabbat,340,,Index,sources/shabbat/siman-340/index.html,Siman 340 — Toldot des avot mélakhot | Hilkhot Shabbat,200 (fichier présent),oui,oui,
https://daattorah.com/oh/340/base/en,en,shabbat,340,,1-Base,sources/shabbat/siman-340/niveau-1-base-en.html,"Siman <bdi>ש""מ</bdi> · Level 1 — Toldos of the avos melachos | Hilkhot Shabbat",200 (fichier présent),oui,oui,
https://daattorah.com/oh/340/base/he,he,shabbat,340,,1-Base,sources/shabbat/siman-340/niveau-1-base-he.html,"סימן <bdi>ש""מ</bdi> · רמה 1 — תולדות מאבות מלאכות | הלכות שבת",200 (fichier présent),oui,oui,
https://daattorah.com/oh/340/base,fr,shabbat,340,,1-Base,sources/shabbat/siman-340/niveau-1-base.html,"Siman <bdi>ש""מ</bdi> · Niveau 1 — Toldot des avot mélakhot | Hilkhot Shabbat",200 (fichier présent),oui,oui,
https://daattorah.com/oh/340/lamdan/en,en,shabbat,340,,2-Lamdan,sources/shabbat/siman-340/niveau-2-lamdan-en.html,"Siman <bdi>ש""מ</bdi> · Level 2 — Toldot des avot mélakhot | Hilkhot Shabbat",200 (fichier présent),oui,oui,
https://daattorah.com/oh/340/lamdan/he,he,shabbat,340,,2-Lamdan,sources/shabbat/siman-340/niveau-2-lamdan-he.html,"Siman <bdi>ש""מ</bdi> · רמה 2 — Toldot des avot mélakhot | הלכות שבת",200 (fichier présent),oui,oui,
https://daattorah.com/oh/340/lamdan,fr,shabbat,340,,2-Lamdan,sources/shabbat/siman-340/niveau-2-lamdan.html,"Siman <bdi>ש""מ</bdi> · Niveau 2 — Toldot des avot mélakhot | Hilkhot Shabbat",200 (fichier présent),oui,oui,
https://daattorah.com/oh/340/synthese/en,en,shabbat,340,,3-Synthese,sources/shabbat/siman-340/niveau-3-synthese-en.html,"Siman <bdi>ש""מ</bdi> · Level 3 — Toldos of the avos melachos | Hilkhot Shabbat",200 (fichier présent),oui,oui,
https://daattorah.com/oh/340/synthese/he,he,shabbat,340,,3-Synthese,sources/shabbat/siman-340/niveau-3-synthese-he.html,"סימן <bdi>ש""מ</bdi> · רמה 3 סינתזה מופתית — תולדות מאבות מלאכות | הלכות שבת",200 (fichier présent),oui,oui,
https://daattorah.com/oh/340/synthese,fr,shabbat,340,,3-Synthese,sources/shabbat/siman-340/niveau-3-synthese.html,"Siman <bdi>ש""מ</bdi> · Niveau 3 — Toldot des avot mélakhot | Hilkhot Shabbat",200 (fichier présent),oui,oui,
https://daattorah.com/oh/340/daat-harav/en,en,shabbat,340,,4-DaatHaRav,sources/shabbat/siman-340/niveau-4-daat-harav-en.html,Siman 340 · Level 4 Daat HaRav — Shitah of the Alter Rebbe | DAAT,200 (fichier présent),oui,oui,
https://daattorah.com/oh/340/daat-harav/he,he,shabbat,340,,4-DaatHaRav,sources/shabbat/siman-340/niveau-4-daat-harav-he.html,"סימן (סימן) 340 · רמה 4 דעת הרב — שיטת אדמו""ר הזקן | דעת",200 (fichier présent),oui,oui,
https://daattorah.com/oh/340/daat-harav,fr,shabbat,340,,4-DaatHaRav,sources/shabbat/siman-340/niveau-4-daat-harav.html,Siman 340 · Niveau 4 — Chitah de l'Admour HaZaken | Hilkhot Shabbat,200 (fichier présent),oui,oui,
https://daattorah.com/oh/341/en,en,shabbat,341,,Index,sources/shabbat/siman-341/index-en.html,Siman 341 — Annulling Vows on Shabbos | Hilkhot Shabbat,200 (fichier présent),oui,oui,
https://daattorah.com/oh/341/he,he,shabbat,341,,Index,sources/shabbat/siman-341/index-he.html,סימן שמ״א — הֶתֵּר נְדָרִים בְּשַׁבָּת | הלכות שבת,200 (fichier présent),oui,oui,
https://daattorah.com/oh/341/,fr,shabbat,341,,Index,sources/shabbat/siman-341/index.html,Siman 341 — Annulation des vœux à Shabbat | Hilkhot Shabbat,200 (fichier présent),oui,oui,
https://daattorah.com/oh/341/base/en,en,shabbat,341,,1-Base,sources/shabbat/siman-341/niveau-1-base-en.html,"Siman <bdi>שמ""א</bdi> · Level 1 — Annulling Vows on Shabbos | Hilkhot Shabbat",200 (fichier présent),oui,oui,
https://daattorah.com/oh/341/base/he,he,shabbat,341,,1-Base,sources/shabbat/siman-341/niveau-1-base-he.html,"סימן <bdi>שמ""א</bdi> · רמה 1 התחלה — התרת נדרים בשבת · מבוא לימודי | דעת",200 (fichier présent),oui,oui,
https://daattorah.com/oh/341/base,fr,shabbat,341,,1-Base,sources/shabbat/siman-341/niveau-1-base.html,"Siman <bdi>שמ""א</bdi> · Niveau 1 — Annulation des vœux à | Hilkhot Shabbat",200 (fichier présent),oui,oui,
https://daattorah.com/oh/341/lamdan/en,en,shabbat,341,,2-Lamdan,sources/shabbat/siman-341/niveau-2-lamdan-en.html,"Siman <bdi>שמ""א</bdi> · Level 2 — Annulation des vœux à | Hilkhot Shabbat",200 (fichier présent),oui,oui,
https://daattorah.com/oh/341/lamdan/he,he,shabbat,341,,2-Lamdan,sources/shabbat/siman-341/niveau-2-lamdan-he.html,"Siman <bdi>שמ""א</bdi> · רמה 2 — Annulation des vœux à Shabbat | הלכות שבת",200 (fichier présent),oui,oui,
https://daattorah.com/oh/341/lamdan,fr,shabbat,341,,2-Lamdan,sources/shabbat/siman-341/niveau-2-lamdan.html,"Siman <bdi>שמ""א</bdi> · Niveau 2 — Annulation des vœux à | Hilkhot Shabbat",200 (fichier présent),oui,oui,
https://daattorah.com/oh/341/synthese/en,en,shabbat,341,,3-Synthese,sources/shabbat/siman-341/niveau-3-synthese-en.html,"Siman <bdi>שמ""א</bdi> · Level 3 — Hataras Nedarim on Shabbos | Hilkhot Shabbat",200 (fichier présent),oui,oui,
https://daattorah.com/oh/341/synthese/he,he,shabbat,341,,3-Synthese,sources/shabbat/siman-341/niveau-3-synthese-he.html,"סימן <bdi>שמ""א</bdi> · רמה 3 סיכום מגיסטרלי — התרת נדרים בשבת | דעת",200 (fichier présent),oui,oui,
https://daattorah.com/oh/341/synthese,fr,shabbat,341,,3-Synthese,sources/shabbat/siman-341/niveau-3-synthese.html,"Siman <bdi>שמ""א</bdi> · Niveau 3 — Annulation des vœux à | Hilkhot Shabbat",200 (fichier présent),oui,oui,
https://daattorah.com/oh/341/daat-harav/en,en,shabbat,341,,4-DaatHaRav,sources/shabbat/siman-341/niveau-4-daat-harav-en.html,Siman 341 · Level 4 — Shitah of the Alter Rebbe | Hilkhot Shabbat,200 (fichier présent),oui,oui,
https://daattorah.com/oh/341/daat-harav/he,he,shabbat,341,,4-DaatHaRav,sources/shabbat/siman-341/niveau-4-daat-harav-he.html,"סימן (סימן) שמ""א · רמה 4 דעת הרב — שיטת אדמו״ר הזקן | דעת",200 (fichier présent),oui,oui,
https://daattorah.com/oh/341/daat-harav,fr,shabbat,341,,4-DaatHaRav,sources/shabbat/siman-341/niveau-4-daat-harav.html,Siman 341 · Niveau 4 — Chitah de l'Admour HaZaken | Hilkhot Shabbat,200 (fichier présent),oui,oui,
https://daattorah.com/oh/342/en,en,shabbat,342,,Index,sources/shabbat/siman-342/index-en.html,Siman 342 — Bein Hashmashos — Rabbinic Acts | Hilkhot Shabbat,200 (fichier présent),oui,oui,
https://daattorah.com/oh/342/he,he,shabbat,342,,Index,sources/shabbat/siman-342/index-he.html,סימן שמ״ב — בֵּין הַשְּׁמָשׁוֹת | הלכות שבת,200 (fichier présent),oui,oui,
https://daattorah.com/oh/342/,fr,shabbat,342,,Index,sources/shabbat/siman-342/index.html,Siman 342 — Pendant Bein Hashemashot (crépuscule) | Hilkhot Shabbat,200 (fichier présent),oui,oui,
https://daattorah.com/oh/342/base/en,en,shabbat,342,,1-Base,sources/shabbat/siman-342/niveau-1-base-en.html,"Siman <bdi>שמ""ב</bdi> · Level 1 — During Bein Hashemashos | Hilkhot Shabbat",200 (fichier présent),oui,oui,
https://daattorah.com/oh/342/base/he,he,shabbat,342,,1-Base,sources/shabbat/siman-342/niveau-1-base-he.html,"סימן <bdi>שמ""ב</bdi> · רמה 1 — בין השמשות מותר לעשות דברים שאסרו | הלכות שבת",200 (fichier présent),oui,oui,
https://daattorah.com/oh/342/base,fr,shabbat,342,,1-Base,sources/shabbat/siman-342/niveau-1-base.html,"Siman <bdi>שמ""ב</bdi> · Niveau 1 — Pendant Bein Hashemashot | Hilkhot Shabbat",200 (fichier présent),oui,oui,
https://daattorah.com/oh/342/lamdan/en,en,shabbat,342,,2-Lamdan,sources/shabbat/siman-342/niveau-2-lamdan-en.html,"Siman <bdi>שמ""ב</bdi> · Level 2 — Pendant Bein Hashemashot | Hilkhot Shabbat",200 (fichier présent),oui,oui,
https://daattorah.com/oh/342/lamdan/he,he,shabbat,342,,2-Lamdan,sources/shabbat/siman-342/niveau-2-lamdan-he.html,"Siman <bdi>שמ""ב</bdi> · רמה 2 — Pendant Bein Hashemashot | הלכות שבת",200 (fichier présent),oui,oui,
https://daattorah.com/oh/342/lamdan,fr,shabbat,342,,2-Lamdan,sources/shabbat/siman-342/niveau-2-lamdan.html,"Siman <bdi>שמ""ב</bdi> · Niveau 2 — Pendant Bein Hashemashot | Hilkhot Shabbat",200 (fichier présent),oui,oui,
https://daattorah.com/oh/342/synthese/en,en,shabbat,342,,3-Synthese,sources/shabbat/siman-342/niveau-3-synthese-en.html,"Siman <bdi>שמ""ב</bdi> · Level 3 — Bein Hashemashos and shevus | Hilkhot Shabbat",200 (fichier présent),oui,oui,
https://daattorah.com/oh/342/synthese/he,he,shabbat,342,,3-Synthese,sources/shabbat/siman-342/niveau-3-synthese-he.html,"סימן <bdi>שמ""ב</bdi> · רמה 3 סיכום מגיסטרלי — בין השמשות וגזרת שבות | דעת",200 (fichier présent),oui,oui,
https://daattorah.com/oh/342/synthese,fr,shabbat,342,,3-Synthese,sources/shabbat/siman-342/niveau-3-synthese.html,"Siman <bdi>שמ""ב</bdi> · Niveau 3 — Pendant Bein Hashemashot | Hilkhot Shabbat",200 (fichier présent),oui,oui,
https://daattorah.com/oh/342/daat-harav/en,en,shabbat,342,,4-DaatHaRav,sources/shabbat/siman-342/niveau-4-daat-harav-en.html,Siman 342 · Level 4 — Shitah of the Alter Rebbe | Hilkhot Shabbat,200 (fichier présent),oui,oui,
https://daattorah.com/oh/342/daat-harav/he,he,shabbat,342,,4-DaatHaRav,sources/shabbat/siman-342/niveau-4-daat-harav-he.html,"סימן (סימן) שמ""ב · רמה 4 דעת הרב — שיטת אדמו״ר הזקן | דעת",200 (fichier présent),oui,oui,
https://daattorah.com/oh/342/daat-harav,fr,shabbat,342,,4-DaatHaRav,sources/shabbat/siman-342/niveau-4-daat-harav.html,Siman 342 · Niveau 4 — Chitah de l'Admour HaZaken | Hilkhot Shabbat,200 (fichier présent),oui,oui,
https://daattorah.com/oh/343/en,en,shabbat,343,,Index,sources/shabbat/siman-343/index-en.html,Siman 343 — Children on Shabbos | Hilkhot Shabbat,200 (fichier présent),oui,oui,
https://daattorah.com/oh/343/he,he,shabbat,343,,Index,sources/shabbat/siman-343/index-he.html,סימן שמ״ג — דִּין קָטָן בְּשַׁבָּת — אחריות ההורים | הלכות שבת,200 (fichier présent),oui,oui,
https://daattorah.com/oh/343/,fr,shabbat,343,,Index,sources/shabbat/siman-343/index.html,Siman 343 — Les enfants à Shabbat | Hilkhot Shabbat,200 (fichier présent),oui,oui,
https://daattorah.com/oh/343/base/en,en,shabbat,343,,1-Base,sources/shabbat/siman-343/niveau-1-base-en.html,"Siman <bdi>שמ""ג</bdi> · Level 1 — Din katan b'Shabbos | Hilkhot Shabbat",200 (fichier présent),oui,oui,
https://daattorah.com/oh/343/base/he,he,shabbat,343,,1-Base,sources/shabbat/siman-343/niveau-1-base-he.html,"סימן <bdi>שמ""ג</bdi> · רמה 1 בסיסית — דין קטן בשבת · התחלה לימודית | דעת",200 (fichier présent),oui,oui,
https://daattorah.com/oh/343/base,fr,shabbat,343,,1-Base,sources/shabbat/siman-343/niveau-1-base.html,"Siman <bdi>שמ""ג</bdi> · Niveau 1 — Les enfants à Shabbat | Hilkhot Shabbat",200 (fichier présent),oui,oui,
https://daattorah.com/oh/343/lamdan/en,en,shabbat,343,,2-Lamdan,sources/shabbat/siman-343/niveau-2-lamdan-en.html,"Siman <bdi>שמ""ג</bdi> · Level 2 — Les enfants à Shabbat | Hilkhot Shabbat",200 (fichier présent),oui,oui,
https://daattorah.com/oh/343/lamdan/he,he,shabbat,343,,2-Lamdan,sources/shabbat/siman-343/niveau-2-lamdan-he.html,"Siman <bdi>שמ""ג</bdi> · רמה 2 — Les enfants à Shabbat | הלכות שבת",200 (fichier présent),oui,oui,
https://daattorah.com/oh/343/lamdan,fr,shabbat,343,,2-Lamdan,sources/shabbat/siman-343/niveau-2-lamdan.html,"Siman <bdi>שמ""ג</bdi> · Niveau 2 — Les enfants à Shabbat | Hilkhot Shabbat",200 (fichier présent),oui,oui,
https://daattorah.com/oh/343/synthese/en,en,shabbat,343,,3-Synthese,sources/shabbat/siman-343/niveau-3-synthese-en.html,"Siman <bdi>שמ""ג</bdi> · Level 3 Master Synthesis — Din katan b'Shabbos | DAAT",200 (fichier présent),oui,oui,
https://daattorah.com/oh/343/synthese/he,he,shabbat,343,,3-Synthese,sources/shabbat/siman-343/niveau-3-synthese-he.html,"סימן <bdi>שמ""ג</bdi> · רמה 3 סיכום מאסטר — דין קטן בשבת | דעת",200 (fichier présent),oui,oui,
https://daattorah.com/oh/343/synthese,fr,shabbat,343,,3-Synthese,sources/shabbat/siman-343/niveau-3-synthese.html,"Siman <bdi>שמ""ג</bdi> · Niveau 3 — Les enfants à Shabbat | Hilkhot Shabbat",200 (fichier présent),oui,oui,
https://daattorah.com/oh/343/daat-harav/en,en,shabbat,343,,4-DaatHaRav,sources/shabbat/siman-343/niveau-4-daat-harav-en.html,"Siman <bdi>שמ""ג</bdi> · Level 4 Daat HaRav — Shitah of the Alter Rebbe | DAAT",200 (fichier présent),oui,oui,
https://daattorah.com/oh/343/daat-harav/he,he,shabbat,343,,4-DaatHaRav,sources/shabbat/siman-343/niveau-4-daat-harav-he.html,"סימן שמ""ג · רמה 4 דעת הרב — שיטת אדמו״ר הזקן | דעת",200 (fichier présent),oui,oui,
https://daattorah.com/oh/343/daat-harav,fr,shabbat,343,,4-DaatHaRav,sources/shabbat/siman-343/niveau-4-daat-harav.html,Siman 343 · Niveau 4 — Chitah de l'Admour HaZaken | Hilkhot Shabbat,200 (fichier présent),oui,oui,
https://daattorah.com/oh/344/en,en,shabbat,344,,Index,sources/shabbat/siman-344/index-en.html,Siman 344 — Lost in the Desert | Hilkhot Shabbat,200 (fichier présent),oui,oui,
https://daattorah.com/oh/344/he,he,shabbat,344,,Index,sources/shabbat/siman-344/index-he.html,סימן שמ״ד — דִּין הַהוֹלֵךְ בַּמִּדְבָּר בְּשַׁבָּת | הלכות שבת,200 (fichier présent),oui,oui,
https://daattorah.com/oh/344/,fr,shabbat,344,,Index,sources/shabbat/siman-344/index.html,Siman 344 — Perdu dans le désert | Hilkhot Shabbat,200 (fichier présent),oui,oui,
https://daattorah.com/oh/344/base/en,en,shabbat,344,,1-Base,sources/shabbat/siman-344/niveau-1-base-en.html,"Siman <bdi>שמ""ד</bdi> · Level 1 — Din haholech bamidbar | Hilkhot Shabbat",200 (fichier présent),oui,oui,
https://daattorah.com/oh/344/base/he,he,shabbat,344,,1-Base,sources/shabbat/siman-344/niveau-1-base-he.html,"סימן <bdi>שמ""ד</bdi> · רמה 1 בסיסית — דין ההולך במדבר בשבת · התחלה לימודית | דעת",200 (fichier présent),oui,oui,
https://daattorah.com/oh/344/base,fr,shabbat,344,,1-Base,sources/shabbat/siman-344/niveau-1-base.html,"Siman <bdi>שמ""ד</bdi> · Niveau 1 — Perdu dans le désert | Hilkhot Shabbat",200 (fichier présent),oui,oui,
https://daattorah.com/oh/344/lamdan/en,en,shabbat,344,,2-Lamdan,sources/shabbat/siman-344/niveau-2-lamdan-en.html,"Siman <bdi>שמ""ד</bdi> · Level 2 — Perdu dans le désert | Hilkhot Shabbat",200 (fichier présent),oui,oui,
https://daattorah.com/oh/344/lamdan/he,he,shabbat,344,,2-Lamdan,sources/shabbat/siman-344/niveau-2-lamdan-he.html,"Siman <bdi>שמ""ד</bdi> · רמה 2 — Perdu dans le désert | הלכות שבת",200 (fichier présent),oui,oui,
https://daattorah.com/oh/344/lamdan,fr,shabbat,344,,2-Lamdan,sources/shabbat/siman-344/niveau-2-lamdan.html,"Siman <bdi>שמ""ד</bdi> · Niveau 2 — Perdu dans le désert | Hilkhot Shabbat",200 (fichier présent),oui,oui,
https://daattorah.com/oh/344/synthese/en,en,shabbat,344,,3-Synthese,sources/shabbat/siman-344/niveau-3-synthese-en.html,"Siman <bdi>שמ""ד</bdi> · Level 3 — Din haholech bamidbar | Hilkhot Shabbat",200 (fichier présent),oui,oui,
https://daattorah.com/oh/344/synthese/he,he,shabbat,344,,3-Synthese,sources/shabbat/siman-344/niveau-3-synthese-he.html,"סימן <bdi>שמ""ד</bdi> · רמה 3 סיכום מאסטר — דין ההולך במדבר בשבת | דעת",200 (fichier présent),oui,oui,
https://daattorah.com/oh/344/synthese,fr,shabbat,344,,3-Synthese,sources/shabbat/siman-344/niveau-3-synthese.html,"Siman <bdi>שמ""ד</bdi> · Niveau 3 — Perdu dans le désert | Hilkhot Shabbat",200 (fichier présent),oui,oui,
https://daattorah.com/oh/344/daat-harav/en,en,shabbat,344,,4-DaatHaRav,sources/shabbat/siman-344/niveau-4-daat-harav-en.html,"Siman <bdi>שמ""ד</bdi> · Level 4 Daat HaRav — Shitah of the Alter Rebbe | DAAT",200 (fichier présent),oui,oui,
https://daattorah.com/oh/344/daat-harav/he,he,shabbat,344,,4-DaatHaRav,sources/shabbat/siman-344/niveau-4-daat-harav-he.html,"סימן שמ""ד · רמה 4 דעת הרב — שיטת אדמו״ר הזקן | דעת",200 (fichier présent),oui,oui,
https://daattorah.com/oh/344/daat-harav,fr,shabbat,344,,4-DaatHaRav,sources/shabbat/siman-344/niveau-4-daat-harav.html,Siman 344 · Niveau 4 — Chitah de l'Admour HaZaken | Hilkhot Shabbat,200 (fichier présent),oui,oui,
https://daattorah.com/oh/345/en,en,shabbat,345,,Index,sources/shabbat/siman-345/index-en.html,Siman 345 — The Four Reshuyos of Shabbos | Hilkhot Shabbat,200 (fichier présent),oui,oui,
https://daattorah.com/oh/345/he,he,shabbat,345,,Index,sources/shabbat/siman-345/index-he.html,סימן שמ״ה — דִּין אַרְבַּע רְשֻׁיּוֹת לְשַׁבָּת | הלכות שבת,200 (fichier présent),oui,oui,
https://daattorah.com/oh/345/,fr,shabbat,345,,Index,sources/shabbat/siman-345/index.html,Siman 345 — Les 4 domaines (reshouyot) Shabbat | Hilkhot Shabbat,200 (fichier présent),oui,oui,
https://daattorah.com/oh/345/base/en,en,shabbat,345,,1-Base,sources/shabbat/siman-345/niveau-1-base-en.html,"Siman <bdi>שמ""ה</bdi> · Level 1 — Din arba reshuyos l'Shabbos | Hilkhot Shabbat",200 (fichier présent),oui,oui,
https://daattorah.com/oh/345/base/he,he,shabbat,345,,1-Base,sources/shabbat/siman-345/niveau-1-base-he.html,"סימן <bdi>שמ""ה</bdi> · רמה 1 בסיסית — דין ארבע רשויות לשבת · התחלה לימודית | דעת",200 (fichier présent),oui,oui,
https://daattorah.com/oh/345/base,fr,shabbat,345,,1-Base,sources/shabbat/siman-345/niveau-1-base.html,"Siman <bdi>שמ""ה</bdi> · Niveau 1 — Les 4 domaines (reshouyot) | Hilkhot Shabbat",200 (fichier présent),oui,oui,
https://daattorah.com/oh/345/lamdan/en,en,shabbat,345,,2-Lamdan,sources/shabbat/siman-345/niveau-2-lamdan-en.html,"Siman <bdi>שמ""ה</bdi> · Level 2 — Les 4 domaines (reshouyot) | Hilkhot Shabbat",200 (fichier présent),oui,oui,
https://daattorah.com/oh/345/lamdan/he,he,shabbat,345,,2-Lamdan,sources/shabbat/siman-345/niveau-2-lamdan-he.html,"Siman <bdi>שמ""ה</bdi> · רמה 2 — Les 4 domaines (reshouyot) Shabbat | הלכות שבת",200 (fichier présent),oui,oui,
https://daattorah.com/oh/345/lamdan,fr,shabbat,345,,2-Lamdan,sources/shabbat/siman-345/niveau-2-lamdan.html,"Siman <bdi>שמ""ה</bdi> · Niveau 2 — Les 4 domaines (reshouyot) | Hilkhot Shabbat",200 (fichier présent),oui,oui,
https://daattorah.com/oh/345/synthese/en,en,shabbat,345,,3-Synthese,sources/shabbat/siman-345/niveau-3-synthese-en.html,"Siman <bdi>שמ""ה</bdi> · Level 3 — Din arba reshuyos l'Shabbos | Hilkhot Shabbat",200 (fichier présent),oui,oui,
https://daattorah.com/oh/345/synthese/he,he,shabbat,345,,3-Synthese,sources/shabbat/siman-345/niveau-3-synthese-he.html,"סימן <bdi>שמ""ה</bdi> · רמה 3 סיכום מאסטר — דין ארבע רשויות לשבת | דעת",200 (fichier présent),oui,oui,
https://daattorah.com/oh/345/synthese,fr,shabbat,345,,3-Synthese,sources/shabbat/siman-345/niveau-3-synthese.html,"Siman <bdi>שמ""ה</bdi> · Niveau 3 — Les 4 domaines (reshouyot) | Hilkhot Shabbat",200 (fichier présent),oui,oui,
https://daattorah.com/oh/345/daat-harav/en,en,shabbat,345,,4-DaatHaRav,sources/shabbat/siman-345/niveau-4-daat-harav-en.html,"Siman <bdi>שמ""ה</bdi> · Level 4 Daat HaRav — Shitah of the Alter Rebbe | DAAT",200 (fichier présent),oui,oui,
https://daattorah.com/oh/345/daat-harav/he,he,shabbat,345,,4-DaatHaRav,sources/shabbat/siman-345/niveau-4-daat-harav-he.html,"סימן שמ""ה · רמה 4 דעת הרב — שיטת אדמו״ר הזקן | דעת",200 (fichier présent),oui,oui,
https://daattorah.com/oh/345/daat-harav,fr,shabbat,345,,4-DaatHaRav,sources/shabbat/siman-345/niveau-4-daat-harav.html,Siman 345 · Niveau 4 — Chitah de l'Admour HaZaken | Hilkhot Shabbat,200 (fichier présent),oui,oui,
https://daattorah.com/oh/346/en,en,shabbat,346,,Index,sources/shabbat/siman-346/index-en.html,Siman 346 — Eiruvin from the Torah | Hilkhot Shabbat,200 (fichier présent),oui,oui,
https://daattorah.com/oh/346/he,he,shabbat,346,,Index,sources/shabbat/siman-346/index-he.html,סימן שמ״ו — דיני עירובין מן התורה — יסוד איסור הוצאה בשבת | הלכות שבת,200 (fichier présent),oui,oui,
https://daattorah.com/oh/346/,fr,shabbat,346,,Index,sources/shabbat/siman-346/index.html,Siman 346 — Eruvin de la Torah | Hilkhot Shabbat,200 (fichier présent),oui,oui,
https://daattorah.com/oh/346/base/en,en,shabbat,346,,1-Base,sources/shabbat/siman-346/niveau-1-base-en.html,"Siman <bdi>שמ""ו</bdi> · Level 1 — Eruvin of the Torah | Hilkhot Shabbat",200 (fichier présent),oui,oui,
https://daattorah.com/oh/346/base/he,he,shabbat,346,,1-Base,sources/shabbat/siman-346/niveau-1-base-he.html,"סימן <bdi>שמ""ו</bdi> · רמה 1 — עירובין מן התורה | הלכות שבת",200 (fichier présent),oui,oui,
https://daattorah.com/oh/346/base,fr,shabbat,346,,1-Base,sources/shabbat/siman-346/niveau-1-base.html,"Siman <bdi>שמ""ו</bdi> · Niveau 1 — Eruvin de la Torah | Hilkhot Shabbat",200 (fichier présent),oui,oui,
https://daattorah.com/oh/346/lamdan/en,en,shabbat,346,,2-Lamdan,sources/shabbat/siman-346/niveau-2-lamdan-en.html,"Siman <bdi>שמ""ו</bdi> · Level 2 — Eruvin de la Torah | Hilkhot Shabbat",200 (fichier présent),oui,oui,
https://daattorah.com/oh/346/lamdan/he,he,shabbat,346,,2-Lamdan,sources/shabbat/siman-346/niveau-2-lamdan-he.html,"Siman <bdi>שמ""ו</bdi> · רמה 2 — Eruvin de la Torah | הלכות שבת",200 (fichier présent),oui,oui,
https://daattorah.com/oh/346/lamdan,fr,shabbat,346,,2-Lamdan,sources/shabbat/siman-346/niveau-2-lamdan.html,"Siman <bdi>שמ""ו</bdi> · Niveau 2 — Eruvin de la Torah | Hilkhot Shabbat",200 (fichier présent),oui,oui,
https://daattorah.com/oh/346/synthese/en,en,shabbat,346,,3-Synthese,sources/shabbat/siman-346/niveau-3-synthese-en.html,"Siman <bdi>שמ""ו</bdi> · Level 3 — Eruvin of the Torah | Hilkhot Shabbat",200 (fichier présent),oui,oui,
https://daattorah.com/oh/346/synthese/he,he,shabbat,346,,3-Synthese,sources/shabbat/siman-346/niveau-3-synthese-he.html,"סימן <bdi>שמ""ו</bdi> · רמה 3 סינתזה מקיפה — עירובין מן התורה | הלכות שבת",200 (fichier présent),oui,oui,
https://daattorah.com/oh/346/synthese,fr,shabbat,346,,3-Synthese,sources/shabbat/siman-346/niveau-3-synthese.html,"Siman <bdi>שמ""ו</bdi> · Niveau 3 — Eruvin de la Torah | Hilkhot Shabbat",200 (fichier présent),oui,oui,
https://daattorah.com/oh/346/daat-harav/en,en,shabbat,346,,4-DaatHaRav,sources/shabbat/siman-346/niveau-4-daat-harav-en.html,Siman 346 · Level 4 — Shitah of the Alter Rebbe | Hilkhot Shabbat,200 (fichier présent),oui,oui,
https://daattorah.com/oh/346/daat-harav/he,he,shabbat,346,,4-DaatHaRav,sources/shabbat/siman-346/niveau-4-daat-harav-he.html,סימן (סימן) 346 · רמה 4 דעת הרב — שיטת אדמו״ר הזקן | דעת,200 (fichier présent),oui,oui,
https://daattorah.com/oh/346/daat-harav,fr,shabbat,346,,4-DaatHaRav,sources/shabbat/siman-346/niveau-4-daat-harav.html,Siman 346 · Niveau 4 — Chitah de l'Admour HaZaken | Hilkhot Shabbat,200 (fichier présent),oui,oui,
https://daattorah.com/oh/347/en,en,shabbat,347,,Index,sources/shabbat/siman-347/index-en.html,Siman 347 — For which type of hotza'ah one is | Hilkhot Shabbat,200 (fichier présent),oui,oui,
https://daattorah.com/oh/347/he,he,shabbat,347,,Index,sources/shabbat/siman-347/index-he.html,סימן שמ״ז — על אֵיזוֹ הוצאה חייב מן התורה | הלכות שבת,200 (fichier présent),oui,oui,
https://daattorah.com/oh/347/,fr,shabbat,347,,Index,sources/shabbat/siman-347/index.html,Siman 347 — Sur quel type de הוצאה on est | Hilkhot Shabbat,200 (fichier présent),oui,oui,
https://daattorah.com/oh/347/base/en,en,shabbat,347,,1-Base,sources/shabbat/siman-347/niveau-1-base-en.html,"Siman <bdi>שמ""ז</bdi> · Level 1 — On which type of hotzaah one | Hilkhot Shabbat",200 (fichier présent),oui,oui,
https://daattorah.com/oh/347/base/he,he,shabbat,347,,1-Base,sources/shabbat/siman-347/niveau-1-base-he.html,"סימן <bdi>שמ""ז</bdi> · רמה 1 — על איזו הוצאה חייבים מן התורה | הלכות שבת",200 (fichier présent),oui,oui,
https://daattorah.com/oh/347/base,fr,shabbat,347,,1-Base,sources/shabbat/siman-347/niveau-1-base.html,"Siman <bdi>שמ""ז</bdi> · Niveau 1 — Sur quel type de הוצאה on | Hilkhot Shabbat",200 (fichier présent),oui,oui,
https://daattorah.com/oh/347/lamdan/en,en,shabbat,347,,2-Lamdan,sources/shabbat/siman-347/niveau-2-lamdan-en.html,"Siman <bdi>שמ""ז</bdi> · Level 2 — Sur quel type de הוצאה on | Hilkhot Shabbat",200 (fichier présent),oui,oui,
https://daattorah.com/oh/347/lamdan/he,he,shabbat,347,,2-Lamdan,sources/shabbat/siman-347/niveau-2-lamdan-he.html,"Siman <bdi>שמ""ז</bdi> · רמה 2 — Sur quel type de הוצאה on est | הלכות שבת",200 (fichier présent),oui,oui,
https://daattorah.com/oh/347/lamdan,fr,shabbat,347,,2-Lamdan,sources/shabbat/siman-347/niveau-2-lamdan.html,"Siman <bdi>שמ""ז</bdi> · Niveau 2 — Sur quel type de הוצאה on | Hilkhot Shabbat",200 (fichier présent),oui,oui,
https://daattorah.com/oh/347/synthese/en,en,shabbat,347,,3-Synthese,sources/shabbat/siman-347/niveau-3-synthese-en.html,"Siman <bdi>שמ""ז</bdi> · Level 3 — On which type of hotzaah one | Hilkhot Shabbat",200 (fichier présent),oui,oui,
https://daattorah.com/oh/347/synthese/he,he,shabbat,347,,3-Synthese,sources/shabbat/siman-347/niveau-3-synthese-he.html,"סימן <bdi>שמ""ז</bdi> · רמה 3 סיכום מגיסטרלי — על איזו הוצאה חייבים מן התורה | דעת",200 (fichier présent),oui,oui,
https://daattorah.com/oh/347/synthese,fr,shabbat,347,,3-Synthese,sources/shabbat/siman-347/niveau-3-synthese.html,"Siman <bdi>שמ""ז</bdi> · Niveau 3 — Sur quel type de הוצאה on | Hilkhot Shabbat",200 (fichier présent),oui,oui,
https://daattorah.com/oh/347/daat-harav/en,en,shabbat,347,,4-DaatHaRav,sources/shabbat/siman-347/niveau-4-daat-harav-en.html,Siman 347 · Level 4 — Shitah of the Alter Rebbe | Hilkhot Shabbat,200 (fichier présent),oui,oui,
https://daattorah.com/oh/347/daat-harav/he,he,shabbat,347,,4-DaatHaRav,sources/shabbat/siman-347/niveau-4-daat-harav-he.html,"סימן שמ""ז · רמה 4 דעת הרב — שיטת אדמו״ר הזקן | דעת",200 (fichier présent),oui,oui,
https://daattorah.com/oh/347/daat-harav,fr,shabbat,347,,4-DaatHaRav,sources/shabbat/siman-347/niveau-4-daat-harav.html,Siman 347 · Niveau 4 — Chitah de l'Admour HaZaken | Hilkhot Shabbat,200 (fichier présent),oui,oui,
https://daattorah.com/oh/348/en,en,shabbat,348,,Index,sources/shabbat/siman-348/index-en.html,Siman 348 — Handing an object from one reshus to | Hilkhot Shabbat,200 (fichier présent),oui,oui,
https://daattorah.com/oh/348/he,he,shabbat,348,,Index,sources/shabbat/siman-348/index-he.html,סימן שמ״ח — דין המושיט כלי מרשות לרשות | הלכות שבת,200 (fichier présent),oui,oui,
https://daattorah.com/oh/348/,fr,shabbat,348,,Index,sources/shabbat/siman-348/index.html,Siman 348 — Tendre un objet d'un domaine à un autre | Hilkhot Shabbat,200 (fichier présent),oui,oui,
https://daattorah.com/oh/348/base/en,en,shabbat,348,,1-Base,sources/shabbat/siman-348/niveau-1-base-en.html,"Siman <bdi>שמ""ח</bdi> · Level 1 — The Halacha of Extending an | Hilkhot Shabbat",200 (fichier présent),oui,oui,
https://daattorah.com/oh/348/base/he,he,shabbat,348,,1-Base,sources/shabbat/siman-348/niveau-1-base-he.html,"סימן <bdi>שמ""ח</bdi> · רמה 1 — דין המושיט כלי מרשות לרשות | הלכות שבת",200 (fichier présent),oui,oui,
https://daattorah.com/oh/348/base,fr,shabbat,348,,1-Base,sources/shabbat/siman-348/niveau-1-base.html,"Siman <bdi>שמ""ח</bdi> · Niveau 1 — Tendre un objet d'un | Hilkhot Shabbat",200 (fichier présent),oui,oui,
https://daattorah.com/oh/348/lamdan/en,en,shabbat,348,,2-Lamdan,sources/shabbat/siman-348/niveau-2-lamdan-en.html,"Siman <bdi>שמ""ח</bdi> · Level 2 — Tendre un objet d'un domaine | Hilkhot Shabbat",200 (fichier présent),oui,oui,
https://daattorah.com/oh/348/lamdan/he,he,shabbat,348,,2-Lamdan,sources/shabbat/siman-348/niveau-2-lamdan-he.html,"Siman <bdi>שמ""ח</bdi> · רמה 2 — Tendre un objet d'un domaine à un | הלכות שבת",200 (fichier présent),oui,oui,
https://daattorah.com/oh/348/lamdan,fr,shabbat,348,,2-Lamdan,sources/shabbat/siman-348/niveau-2-lamdan.html,"Siman <bdi>שמ""ח</bdi> · Niveau 2 — Tendre un objet d'un | Hilkhot Shabbat",200 (fichier présent),oui,oui,
https://daattorah.com/oh/348/synthese/en,en,shabbat,348,,3-Synthese,sources/shabbat/siman-348/niveau-3-synthese-en.html,"Siman <bdi>שמ""ח</bdi> · Level 3 Masterful Synthesis — Extending | Hilkhot Shabbat",200 (fichier présent),oui,oui,
https://daattorah.com/oh/348/synthese/he,he,shabbat,348,,3-Synthese,sources/shabbat/siman-348/niveau-3-synthese-he.html,"סימן <bdi>שמ""ח</bdi> · רמה 3 סינתזה מאסטריאלית — דין המושיט כלי מרשות לרשות | דעת",200 (fichier présent),oui,oui,
https://daattorah.com/oh/348/synthese,fr,shabbat,348,,3-Synthese,sources/shabbat/siman-348/niveau-3-synthese.html,"Siman <bdi>שמ""ח</bdi> · Niveau 3 — Tendre un objet d'un | Hilkhot Shabbat",200 (fichier présent),oui,oui,
https://daattorah.com/oh/348/daat-harav/en,en,shabbat,348,,4-DaatHaRav,sources/shabbat/siman-348/niveau-4-daat-harav-en.html,Siman 348 · Level 4 — Shitah of the Alter Rebbe | Hilkhot Shabbat,200 (fichier présent),oui,oui,
https://daattorah.com/oh/348/daat-harav/he,he,shabbat,348,,4-DaatHaRav,sources/shabbat/siman-348/niveau-4-daat-harav-he.html,סימן (סימן) 348 · רמה 4 דעת הרב — שיטת אדמו״ר הזקן | דעת,200 (fichier présent),oui,oui,
https://daattorah.com/oh/348/daat-harav,fr,shabbat,348,,4-DaatHaRav,sources/shabbat/siman-348/niveau-4-daat-harav.html,Siman 348 · Niveau 4 — Chitah de l'Admour HaZaken | Hilkhot Shabbat,200 (fichier présent),oui,oui,
https://daattorah.com/oh/349/en,en,shabbat,349,,Index,sources/shabbat/siman-349/index-en.html,Siman 349 — The personal 4 amos in reshus harabim | Hilkhot Shabbat,200 (fichier présent),oui,oui,
https://daattorah.com/oh/349/he,he,shabbat,349,,Index,sources/shabbat/siman-349/index-he.html,סימן שמ״ט — דין ארבע אמות ברשות הרבים | הלכות שבת,200 (fichier présent),oui,oui,
https://daattorah.com/oh/349/,fr,shabbat,349,,Index,sources/shabbat/siman-349/index.html,Siman 349 — Les 4 amot personnelles dans RH | Hilkhot Shabbat,200 (fichier présent),oui,oui,
https://daattorah.com/oh/349/base/en,en,shabbat,349,,1-Base,sources/shabbat/siman-349/niveau-1-base-en.html,"Siman <bdi>שמ""ט</bdi> · Level 1 — The personal 4 amos in | Hilkhot Shabbat",200 (fichier présent),oui,oui,
https://daattorah.com/oh/349/base/he,he,shabbat,349,,1-Base,sources/shabbat/siman-349/niveau-1-base-he.html,"סימן <bdi>שמ""ט</bdi> · רמה 1 — ארבע אמות בִּרְשׁוּת הָרַבִּים | הלכות שבת",200 (fichier présent),oui,oui,
https://daattorah.com/oh/349/base,fr,shabbat,349,,1-Base,sources/shabbat/siman-349/niveau-1-base.html,"Siman <bdi>שמ""ט</bdi> · Niveau 1 — Les 4 amot personnelles | Hilkhot Shabbat",200 (fichier présent),oui,oui,
https://daattorah.com/oh/349/lamdan/en,en,shabbat,349,,2-Lamdan,sources/shabbat/siman-349/niveau-2-lamdan-en.html,"Siman <bdi>שמ""ט</bdi> · Level 2 — Les 4 amot personnelles dans | Hilkhot Shabbat",200 (fichier présent),oui,oui,
https://daattorah.com/oh/349/lamdan/he,he,shabbat,349,,2-Lamdan,sources/shabbat/siman-349/niveau-2-lamdan-he.html,"Siman <bdi>שמ""ט</bdi> · רמה 2 — Les 4 amot personnelles dans RH | הלכות שבת",200 (fichier présent),oui,oui,
https://daattorah.com/oh/349/lamdan,fr,shabbat,349,,2-Lamdan,sources/shabbat/siman-349/niveau-2-lamdan.html,"Siman <bdi>שמ""ט</bdi> · Niveau 2 — Les 4 amot personnelles | Hilkhot Shabbat",200 (fichier présent),oui,oui,
https://daattorah.com/oh/349/synthese/en,en,shabbat,349,,3-Synthese,sources/shabbat/siman-349/niveau-3-synthese-en.html,"Siman <bdi>שמ""ט</bdi> · Level 3 — The personal 4 amos in | Hilkhot Shabbat",200 (fichier présent),oui,oui,
https://daattorah.com/oh/349/synthese/he,he,shabbat,349,,3-Synthese,sources/shabbat/siman-349/niveau-3-synthese-he.html,"סימן <bdi>שמ""ט</bdi> · רמה 3 סינתזה מקיפה — ארבע אמות בִּרְשׁוּת | הלכות שבת",200 (fichier présent),oui,oui,
https://daattorah.com/oh/349/synthese,fr,shabbat,349,,3-Synthese,sources/shabbat/siman-349/niveau-3-synthese.html,"Siman <bdi>שמ""ט</bdi> · Niveau 3 — Les 4 amot personnelles | Hilkhot Shabbat",200 (fichier présent),oui,oui,
https://daattorah.com/oh/349/daat-harav/en,en,shabbat,349,,4-DaatHaRav,sources/shabbat/siman-349/niveau-4-daat-harav-en.html,Siman 349 · Level 4 Daat HaRav — The Shitah of the Alter Rebbe | DAAT,200 (fichier présent),oui,oui,
https://daattorah.com/oh/349/daat-harav/he,he,shabbat,349,,4-DaatHaRav,sources/shabbat/siman-349/niveau-4-daat-harav-he.html,"סימן שמ""ט · רמה 4 דעת הרב — שיטת אדמו""ר הזקן | דעת",200 (fichier présent),oui,oui,
https://daattorah.com/oh/349/daat-harav,fr,shabbat,349,,4-DaatHaRav,sources/shabbat/siman-349/niveau-4-daat-harav.html,Siman 349 · Niveau 4 — Chitah de l'Admour HaZaken | Hilkhot Shabbat,200 (fichier présent),oui,oui,
https://daattorah.com/oh/350/en,en,shabbat,350,,Index,sources/shabbat/siman-350/index-en.html,Siman 350 — Sticking head and majority of body from | Hilkhot Shabbat,200 (fichier présent),oui,oui,
https://daattorah.com/oh/350/he,he,shabbat,350,,Index,sources/shabbat/siman-350/index-he.html,סימן ש״נ — דין המוציא ראשו ורובו מרשות לרשות | הלכות שבת,200 (fichier présent),oui,oui,
https://daattorah.com/oh/350/,fr,shabbat,350,,Index,sources/shabbat/siman-350/index.html,Siman 350 — Sortir tête et corps d'un domaine à un | Hilkhot Shabbat,200 (fichier présent),oui,oui,
https://daattorah.com/oh/350/base/en,en,shabbat,350,,1-Base,sources/shabbat/siman-350/niveau-1-base-en.html,"Siman <bdi>ש""נ</bdi> · Level 1 — Sticking one's head and body | Hilkhot Shabbat",200 (fichier présent),oui,oui,
https://daattorah.com/oh/350/base/he,he,shabbat,350,,1-Base,sources/shabbat/siman-350/niveau-1-base-he.html,"סימן <bdi>ש""נ</bdi> · רמה 1 — המוציא ראשו ורובו מרשות לרשות | הלכות שבת",200 (fichier présent),oui,oui,
https://daattorah.com/oh/350/base,fr,shabbat,350,,1-Base,sources/shabbat/siman-350/niveau-1-base.html,"Siman <bdi>ש""נ</bdi> · Niveau 1 — Sortir tête et corps d'un | Hilkhot Shabbat",200 (fichier présent),oui,oui,
https://daattorah.com/oh/350/lamdan/en,en,shabbat,350,,2-Lamdan,sources/shabbat/siman-350/niveau-2-lamdan-en.html,"Siman <bdi>ש""נ</bdi> · Level 2 — Sortir tête et corps d'un | Hilkhot Shabbat",200 (fichier présent),oui,oui,
https://daattorah.com/oh/350/lamdan/he,he,shabbat,350,,2-Lamdan,sources/shabbat/siman-350/niveau-2-lamdan-he.html,"Siman <bdi>ש""נ</bdi> · רמה 2 — Sortir tête et corps d'un domaine à | הלכות שבת",200 (fichier présent),oui,oui,
https://daattorah.com/oh/350/lamdan,fr,shabbat,350,,2-Lamdan,sources/shabbat/siman-350/niveau-2-lamdan.html,"Siman <bdi>ש""נ</bdi> · Niveau 2 — Sortir tête et corps d'un | Hilkhot Shabbat",200 (fichier présent),oui,oui,
https://daattorah.com/oh/350/synthese/en,en,shabbat,350,,3-Synthese,sources/shabbat/siman-350/niveau-3-synthese-en.html,"Siman <bdi>ש""נ</bdi> · Level 3 — Sticking one's head and body | Hilkhot Shabbat",200 (fichier présent),oui,oui,
https://daattorah.com/oh/350/synthese/he,he,shabbat,350,,3-Synthese,sources/shabbat/siman-350/niveau-3-synthese-he.html,"סימן <bdi>ש""נ</bdi> · רמה 3 סינתזה מקיפה — המוציא ראשו ורובו מרשות לרשות | דעת",200 (fichier présent),oui,oui,
https://daattorah.com/oh/350/synthese,fr,shabbat,350,,3-Synthese,sources/shabbat/siman-350/niveau-3-synthese.html,"Siman <bdi>ש""נ</bdi> · Niveau 3 — Sortir tête et corps d'un | Hilkhot Shabbat",200 (fichier présent),oui,oui,
https://daattorah.com/oh/350/daat-harav/en,en,shabbat,350,,4-DaatHaRav,sources/shabbat/siman-350/niveau-4-daat-harav-en.html,"Siman <bdi>ש""נ</bdi> · Level 4 Daat HaRav — Shittah of the Alter Rebbe | DAAT",200 (fichier présent),oui,oui,
https://daattorah.com/oh/350/daat-harav/he,he,shabbat,350,,4-DaatHaRav,sources/shabbat/siman-350/niveau-4-daat-harav-he.html,"סימן ש""נ · רמה 4 דעת הרב — שיטת אדמו""ר הזקן | דעת",200 (fichier présent),oui,oui,
https://daattorah.com/oh/350/daat-harav,fr,shabbat,350,,4-DaatHaRav,sources/shabbat/siman-350/niveau-4-daat-harav.html,Siman 350 · Niveau 4 — Chitah de l'Admour HaZaken | Hilkhot Shabbat,200 (fichier présent),oui,oui,
https://daattorah.com/oh/351/en,en,shabbat,351,,Index,sources/shabbat/siman-351/index-en.html,Siman 351 — Reaching one's hand to a spout in | Hilkhot Shabbat,200 (fichier présent),oui,oui,
https://daattorah.com/oh/351/he,he,shabbat,351,,Index,sources/shabbat/siman-351/index-he.html,סימן שנ״א — דין המושיט ידו לצינור ברה״ר לשתות | הלכות שבת,200 (fichier présent),oui,oui,
https://daattorah.com/oh/351/,fr,shabbat,351,,Index,sources/shabbat/siman-351/index.html,Siman 351 — Tendre la main vers un robinet de RH | Hilkhot Shabbat,200 (fichier présent),oui,oui,
https://daattorah.com/oh/351/base/en,en,shabbat,351,,1-Base,sources/shabbat/siman-351/niveau-1-base-en.html,"Siman <bdi>שנ""א</bdi> · Level 1 — Extending the hand to a | Hilkhot Shabbat",200 (fichier présent),oui,oui,
https://daattorah.com/oh/351/base/he,he,shabbat,351,,1-Base,sources/shabbat/siman-351/niveau-1-base-he.html,"סימן <bdi>שנ""א</bdi> · רמה 1 — דין המושיט ידו לצנור ברה""ר לשתות | הלכות שבת",200 (fichier présent),oui,oui,
https://daattorah.com/oh/351/base,fr,shabbat,351,,1-Base,sources/shabbat/siman-351/niveau-1-base.html,"Siman <bdi>שנ""א</bdi> · Niveau 1 — Tendre la main vers un | Hilkhot Shabbat",200 (fichier présent),oui,oui,
https://daattorah.com/oh/351/lamdan/en,en,shabbat,351,,2-Lamdan,sources/shabbat/siman-351/niveau-2-lamdan-en.html,"Siman <bdi>שנ""א</bdi> · Level 2 — Tendre la main vers un | Hilkhot Shabbat",200 (fichier présent),oui,oui,
https://daattorah.com/oh/351/lamdan/he,he,shabbat,351,,2-Lamdan,sources/shabbat/siman-351/niveau-2-lamdan-he.html,"Siman <bdi>שנ""א</bdi> · רמה 2 — Tendre la main vers un robinet de RH | הלכות שבת",200 (fichier présent),oui,oui,
https://daattorah.com/oh/351/lamdan,fr,shabbat,351,,2-Lamdan,sources/shabbat/siman-351/niveau-2-lamdan.html,"Siman <bdi>שנ""א</bdi> · Niveau 2 — Tendre la main vers un | Hilkhot Shabbat",200 (fichier présent),oui,oui,
https://daattorah.com/oh/351/synthese/en,en,shabbat,351,,3-Synthese,sources/shabbat/siman-351/niveau-3-synthese-en.html,"Siman <bdi>שנ""א</bdi> · Level 3 — Extending the hand to a | Hilkhot Shabbat",200 (fichier présent),oui,oui,
https://daattorah.com/oh/351/synthese/he,he,shabbat,351,,3-Synthese,sources/shabbat/siman-351/niveau-3-synthese-he.html,"סימן <bdi>שנ""א</bdi> · רמה 3 סינתזה מאסטרית — דין המושיט ידו לצנור | הלכות שבת",200 (fichier présent),oui,oui,
https://daattorah.com/oh/351/synthese,fr,shabbat,351,,3-Synthese,sources/shabbat/siman-351/niveau-3-synthese.html,"Siman <bdi>שנ""א</bdi> · Niveau 3 — Tendre la main vers un | Hilkhot Shabbat",200 (fichier présent),oui,oui,
https://daattorah.com/oh/351/daat-harav/en,en,shabbat,351,,4-DaatHaRav,sources/shabbat/siman-351/niveau-4-daat-harav-en.html,"Siman <bdi>שנ""א</bdi> · Level 4 Daat HaRav — Shittah of the Alter Rebbe | DAAT",200 (fichier présent),oui,oui,
https://daattorah.com/oh/351/daat-harav/he,he,shabbat,351,,4-DaatHaRav,sources/shabbat/siman-351/niveau-4-daat-harav-he.html,"סימן שנ""א · רמה 4 דעת הרב — שיטת אדמו""ר הזקן | דעת",200 (fichier présent),oui,oui,
https://daattorah.com/oh/351/daat-harav,fr,shabbat,351,,4-DaatHaRav,sources/shabbat/siman-351/niveau-4-daat-harav.html,Siman 351 · Niveau 4 — Chitah de l'Admour HaZaken | Hilkhot Shabbat,200 (fichier présent),oui,oui,
https://daattorah.com/oh/352/en,en,shabbat,352,,Index,sources/shabbat/siman-352/index-en.html,Siman 352 — One who reads a sefer that rolls | Hilkhot Shabbat,200 (fichier présent),oui,oui,
https://daattorah.com/oh/352/he,he,shabbat,352,,Index,sources/shabbat/siman-352/index-he.html,סימן שנ״ב — הקורא בספר ונתגלגל מרשות לרשות | הלכות שבת,200 (fichier présent),oui,oui,
https://daattorah.com/oh/352/,fr,shabbat,352,,Index,sources/shabbat/siman-352/index.html,Siman 352 — Le lecteur dont le livre roule entre RY | Hilkhot Shabbat,200 (fichier présent),oui,oui,
https://daattorah.com/oh/352/base/en,en,shabbat,352,,1-Base,sources/shabbat/siman-352/niveau-1-base-en.html,Siman <bdi>352</bdi> · Level 1 — One Reading a Sefer That | Hilkhot Shabbat,200 (fichier présent),oui,oui,
https://daattorah.com/oh/352/base/he,he,shabbat,352,,1-Base,sources/shabbat/siman-352/niveau-1-base-he.html,"סימן <bdi>שנ""ב</bdi> · רמה 1 — הַקּוֹרֵא בַּסֵּפֶר וְנִתְגַּלְגֵּל | הלכות שבת",200 (fichier présent),oui,oui,
https://daattorah.com/oh/352/base,fr,shabbat,352,,1-Base,sources/shabbat/siman-352/niveau-1-base.html,"Siman <bdi>שנ""ב</bdi> · Niveau 1 — Le lecteur dont le livre | Hilkhot Shabbat",200 (fichier présent),oui,oui,
https://daattorah.com/oh/352/lamdan/en,en,shabbat,352,,2-Lamdan,sources/shabbat/siman-352/niveau-2-lamdan-en.html,"Siman <bdi>שנ""ב</bdi> · Level 2 — Le lecteur dont le livre | Hilkhot Shabbat",200 (fichier présent),oui,oui,
https://daattorah.com/oh/352/lamdan/he,he,shabbat,352,,2-Lamdan,sources/shabbat/siman-352/niveau-2-lamdan-he.html,"Siman <bdi>שנ""ב</bdi> · רמה 2 — Le lecteur dont le livre roule entre | הלכות שבת",200 (fichier présent),oui,oui,
https://daattorah.com/oh/352/lamdan,fr,shabbat,352,,2-Lamdan,sources/shabbat/siman-352/niveau-2-lamdan.html,"Siman <bdi>שנ""ב</bdi> · Niveau 2 — Le lecteur dont le livre | Hilkhot Shabbat",200 (fichier présent),oui,oui,
https://daattorah.com/oh/352/synthese/en,en,shabbat,352,,3-Synthese,sources/shabbat/siman-352/niveau-3-synthese-en.html,Siman <bdi>352</bdi> · Level 3 Synthesis — One Reading a Sefer | Hilkhot Shabbat,200 (fichier présent),oui,oui,
https://daattorah.com/oh/352/synthese/he,he,shabbat,352,,3-Synthese,sources/shabbat/siman-352/niveau-3-synthese-he.html,"סימן <bdi>שנ""ב</bdi> · רמה 3 סינתזה — הקורא בספר ונתגלגל מרשות לרשות | דעת",200 (fichier présent),oui,oui,
https://daattorah.com/oh/352/synthese,fr,shabbat,352,,3-Synthese,sources/shabbat/siman-352/niveau-3-synthese.html,"Siman <bdi>שנ""ב</bdi> · Niveau 3 — Le lecteur dont le livre | Hilkhot Shabbat",200 (fichier présent),oui,oui,
https://daattorah.com/oh/352/daat-harav/en,en,shabbat,352,,4-DaatHaRav,sources/shabbat/siman-352/niveau-4-daat-harav-en.html,Siman 352 · Level 4 Daat HaRav — Shittah of the Alter Rebbe | DAAT,200 (fichier présent),oui,oui,
https://daattorah.com/oh/352/daat-harav/he,he,shabbat,352,,4-DaatHaRav,sources/shabbat/siman-352/niveau-4-daat-harav-he.html,"סימן 352 · רמה 4 דעת הרב — שיטת אדמו""ר הזקן | דעת",200 (fichier présent),oui,oui,
https://daattorah.com/oh/352/daat-harav,fr,shabbat,352,,4-DaatHaRav,sources/shabbat/siman-352/niveau-4-daat-harav.html,Siman 352 · Niveau 4 — Chitah de l'Admour HaZaken | Hilkhot Shabbat,200 (fichier présent),oui,oui,
https://daattorah.com/oh/353/en,en,shabbat,353,,Index,sources/shabbat/siman-353/index-en.html,Siman 353 — Projections and Balconies | Hilkhot Shabbat,200 (fichier présent),oui,oui,
https://daattorah.com/oh/353/he,he,shabbat,353,,Index,sources/shabbat/siman-353/index-he.html,סימן שנ״ג — דיני זיזין ברשות הרבים · שולחן ערוך · לימוד בעברית | DAAT,200 (fichier présent),oui,oui,
https://daattorah.com/oh/353/,fr,shabbat,353,,Index,sources/shabbat/siman-353/index.html,Siman 353 — Avancées et balcons | Hilkhot Shabbat,200 (fichier présent),oui,oui,
https://daattorah.com/oh/353/base/en,en,shabbat,353,,1-Base,sources/shabbat/siman-353/niveau-1-base-en.html,Siman <bdi>353</bdi> · Level 1 — Laws of Zizin (Ledges) Over | Hilkhot Shabbat,200 (fichier présent),oui,oui,
https://daattorah.com/oh/353/base/he,he,shabbat,353,,1-Base,sources/shabbat/siman-353/niveau-1-base-he.html,"סימן <bdi>שנ""ג</bdi> · רמה 1 — דִּיני זִיזִין בִּרְשׁוּת הָרַבִּים | הלכות שבת",200 (fichier présent),oui,oui,
https://daattorah.com/oh/353/base,fr,shabbat,353,,1-Base,sources/shabbat/siman-353/niveau-1-base.html,"Siman <bdi>שנ""ג</bdi> · Niveau 1 — Avancées et balcons | Hilkhot Shabbat",200 (fichier présent),oui,oui,
https://daattorah.com/oh/353/lamdan/en,en,shabbat,353,,2-Lamdan,sources/shabbat/siman-353/niveau-2-lamdan-en.html,"Siman <bdi>שנ""ג</bdi> · Level 2 — Avancées et balcons | Hilkhot Shabbat",200 (fichier présent),oui,oui,
https://daattorah.com/oh/353/lamdan/he,he,shabbat,353,,2-Lamdan,sources/shabbat/siman-353/niveau-2-lamdan-he.html,"Siman <bdi>שנ""ג</bdi> · רמה 2 — Avancées et balcons | הלכות שבת",200 (fichier présent),oui,oui,
https://daattorah.com/oh/353/lamdan,fr,shabbat,353,,2-Lamdan,sources/shabbat/siman-353/niveau-2-lamdan.html,"Siman <bdi>שנ""ג</bdi> · Niveau 2 — Avancées et balcons | Hilkhot Shabbat",200 (fichier présent),oui,oui,
https://daattorah.com/oh/353/synthese/en,en,shabbat,353,,3-Synthese,sources/shabbat/siman-353/niveau-3-synthese-en.html,Siman <bdi>353</bdi> · Level 3 Synthesis — Laws of Zizin (Ledge | Hilkhot Shabbat,200 (fichier présent),oui,oui,
https://daattorah.com/oh/353/synthese/he,he,shabbat,353,,3-Synthese,sources/shabbat/siman-353/niveau-3-synthese-he.html,"סימן <bdi>שנ""ג</bdi> · רמה 3 סינתזה — דיני זיזין ברשות הרבים | דעת",200 (fichier présent),oui,oui,
https://daattorah.com/oh/353/synthese,fr,shabbat,353,,3-Synthese,sources/shabbat/siman-353/niveau-3-synthese.html,"Siman <bdi>שנ""ג</bdi> · Niveau 3 — Avancées et balcons | Hilkhot Shabbat",200 (fichier présent),oui,oui,
https://daattorah.com/oh/353/daat-harav/en,en,shabbat,353,,4-DaatHaRav,sources/shabbat/siman-353/niveau-4-daat-harav-en.html,Siman 353 · Level 4 Daat HaRav — Shittah of the Alter Rebbe | DAAT,200 (fichier présent),oui,oui,
https://daattorah.com/oh/353/daat-harav/he,he,shabbat,353,,4-DaatHaRav,sources/shabbat/siman-353/niveau-4-daat-harav-he.html,"סימן 353 · רמה 4 דעת הרב — שיטת אדמו""ר הזקן | דעת",200 (fichier présent),oui,oui,
https://daattorah.com/oh/353/daat-harav,fr,shabbat,353,,4-DaatHaRav,sources/shabbat/siman-353/niveau-4-daat-harav.html,Siman 353 · Niveau 4 — Chitah de l'Admour HaZaken | Hilkhot Shabbat,200 (fichier présent),oui,oui,
https://daattorah.com/oh/354/en,en,shabbat,354,,Index,sources/shabbat/siman-354/index-en.html,Siman 354 — Pits and Garbage Heaps in Reshus | Hilkhot Shabbat,200 (fichier présent),oui,oui,
https://daattorah.com/oh/354/he,he,shabbat,354,,Index,sources/shabbat/siman-354/index-he.html,סימן שנ״ד — דין בור ואשפה ברשות הרבים | הלכות שבת,200 (fichier présent),oui,oui,
https://daattorah.com/oh/354/,fr,shabbat,354,,Index,sources/shabbat/siman-354/index.html,Siman 354 — Puits et tas d'ordures en RH | Hilkhot Shabbat,200 (fichier présent),oui,oui,
https://daattorah.com/oh/354/base/en,en,shabbat,354,,1-Base,sources/shabbat/siman-354/niveau-1-base-en.html,"Siman <bdi>שנ""ד</bdi> · Level 1 — Pit and ash heap in reshus | Hilkhot Shabbat",200 (fichier présent),oui,oui,
https://daattorah.com/oh/354/base/he,he,shabbat,354,,1-Base,sources/shabbat/siman-354/niveau-1-base-he.html,"סימן <bdi>שנ""ד</bdi> · רמה 1 בסיס — בור ואשפה ברה""ר · הקדמה לימודית | דעת",200 (fichier présent),oui,oui,
https://daattorah.com/oh/354/base,fr,shabbat,354,,1-Base,sources/shabbat/siman-354/niveau-1-base.html,"Siman <bdi>שנ""ד</bdi> · Niveau 1 — Puits et tas d'ordures en RH | Hilkhot Shabbat",200 (fichier présent),oui,oui,
https://daattorah.com/oh/354/lamdan/en,en,shabbat,354,,2-Lamdan,sources/shabbat/siman-354/niveau-2-lamdan-en.html,"Siman <bdi>שנ""ד</bdi> · Level 2 — Puits et tas d'ordures en RH | Hilkhot Shabbat",200 (fichier présent),oui,oui,
https://daattorah.com/oh/354/lamdan/he,he,shabbat,354,,2-Lamdan,sources/shabbat/siman-354/niveau-2-lamdan-he.html,"Siman <bdi>שנ""ד</bdi> · רמה 2 — Puits et tas d'ordures en RH | הלכות שבת",200 (fichier présent),oui,oui,
https://daattorah.com/oh/354/lamdan,fr,shabbat,354,,2-Lamdan,sources/shabbat/siman-354/niveau-2-lamdan.html,"Siman <bdi>שנ""ד</bdi> · Niveau 2 — Puits et tas d'ordures en RH | Hilkhot Shabbat",200 (fichier présent),oui,oui,
https://daattorah.com/oh/354/synthese/en,en,shabbat,354,,3-Synthese,sources/shabbat/siman-354/niveau-3-synthese-en.html,"Siman <bdi>שנ""ד</bdi> · Level 3 — Pit and ash heap in reshus | Hilkhot Shabbat",200 (fichier présent),oui,oui,
https://daattorah.com/oh/354/synthese/he,he,shabbat,354,,3-Synthese,sources/shabbat/siman-354/niveau-3-synthese-he.html,"סימן <bdi>שנ""ד</bdi> · רמה 3 סינתזה מאסטרית — בור ואשפה ברה""ר | דעת",200 (fichier présent),oui,oui,
https://daattorah.com/oh/354/synthese,fr,shabbat,354,,3-Synthese,sources/shabbat/siman-354/niveau-3-synthese.html,"Siman <bdi>שנ""ד</bdi> · Niveau 3 — Puits et tas d'ordures en RH | Hilkhot Shabbat",200 (fichier présent),oui,oui,
https://daattorah.com/oh/354/daat-harav/en,en,shabbat,354,,4-DaatHaRav,sources/shabbat/siman-354/niveau-4-daat-harav-en.html,"Siman <bdi>שנ""ד</bdi> · Level 4 Daat HaRav — Shittah of the Alter Rebbe | DAAT",200 (fichier présent),oui,oui,
https://daattorah.com/oh/354/daat-harav/he,he,shabbat,354,,4-DaatHaRav,sources/shabbat/siman-354/niveau-4-daat-harav-he.html,"סימן שנ""ד · רמה 4 דעת הרב — שיטת אדמו""ר הזקן | דעת",200 (fichier présent),oui,oui,
https://daattorah.com/oh/354/daat-harav,fr,shabbat,354,,4-DaatHaRav,sources/shabbat/siman-354/niveau-4-daat-harav.html,Siman 354 · Niveau 4 — Chitah de l'Admour HaZaken | Hilkhot Shabbat,200 (fichier présent),oui,oui,
https://daattorah.com/oh/355/en,en,shabbat,355,,Index,sources/shabbat/siman-355/index-en.html,Siman 355 — Balcony Over Water and Outdoor Outhouse | Hilkhot Shabbat,200 (fichier présent),oui,oui,
https://daattorah.com/oh/355/he,he,shabbat,355,,Index,sources/shabbat/siman-355/index-he.html,סימן שנ״ה — דיני גזוזטרא ובית הכסא · שולחן ערוך · לימוד בעברית | DAAT,200 (fichier présent),oui,oui,
https://daattorah.com/oh/355/,fr,shabbat,355,,Index,sources/shabbat/siman-355/index.html,Siman 355 — Balcon au-dessus de l'eau et toilette | Hilkhot Shabbat,200 (fichier présent),oui,oui,
https://daattorah.com/oh/355/base/en,en,shabbat,355,,1-Base,sources/shabbat/siman-355/niveau-1-base-en.html,Siman 355 · Level 1 — Balcony Over Water and | Hilkhot Shabbat,200 (fichier présent),oui,oui,
https://daattorah.com/oh/355/base/he,he,shabbat,355,,1-Base,sources/shabbat/siman-355/niveau-1-base-he.html,"סימן שנ""ה · רמה 1 בסיס — דיני גזוזטרא ובית הכסא · התחלה לימודית | דעת",200 (fichier présent),oui,oui,
https://daattorah.com/oh/355/base,fr,shabbat,355,,1-Base,sources/shabbat/siman-355/niveau-1-base.html,"Siman <bdi>שנ""ה</bdi> · Niveau 1 — Balcon au-dessus de l'eau | Hilkhot Shabbat",200 (fichier présent),oui,oui,
https://daattorah.com/oh/355/lamdan/en,en,shabbat,355,,2-Lamdan,sources/shabbat/siman-355/niveau-2-lamdan-en.html,"Siman <bdi>שנ""ה</bdi> · Level 2 — Balcon au-dessus de l'eau et | Hilkhot Shabbat",200 (fichier présent),oui,oui,
https://daattorah.com/oh/355/lamdan/he,he,shabbat,355,,2-Lamdan,sources/shabbat/siman-355/niveau-2-lamdan-he.html,"Siman <bdi>שנ""ה</bdi> · רמה 2 — Balcon au-dessus de l'eau et | הלכות שבת",200 (fichier présent),oui,oui,
https://daattorah.com/oh/355/lamdan,fr,shabbat,355,,2-Lamdan,sources/shabbat/siman-355/niveau-2-lamdan.html,"Siman <bdi>שנ""ה</bdi> · Niveau 2 — Balcon au-dessus de l'eau | Hilkhot Shabbat",200 (fichier présent),oui,oui,
https://daattorah.com/oh/355/synthese/en,en,shabbat,355,,3-Synthese,sources/shabbat/siman-355/niveau-3-synthese-en.html,Siman 355 · Level 3 — Balcony Over Water and | Hilkhot Shabbat,200 (fichier présent),oui,oui,
https://daattorah.com/oh/355/synthese/he,he,shabbat,355,,3-Synthese,sources/shabbat/siman-355/niveau-3-synthese-he.html,"סימן שנ""ה · רמה 3 סינתזה מסכמת — דיני גזוזטרא ובית הכסא | דעת",200 (fichier présent),oui,oui,
https://daattorah.com/oh/355/synthese,fr,shabbat,355,,3-Synthese,sources/shabbat/siman-355/niveau-3-synthese.html,"Siman <bdi>שנ""ה</bdi> · Niveau 3 — Balcon au-dessus de l'eau | Hilkhot Shabbat",200 (fichier présent),oui,oui,
https://daattorah.com/oh/355/daat-harav/en,en,shabbat,355,,4-DaatHaRav,sources/shabbat/siman-355/niveau-4-daat-harav-en.html,Siman 355 · Level 4 Daat HaRav — Shitah of the Alter Rebbe | DAAT,200 (fichier présent),oui,oui,
https://daattorah.com/oh/355/daat-harav/he,he,shabbat,355,,4-DaatHaRav,sources/shabbat/siman-355/niveau-4-daat-harav-he.html,"סימן שנ""ה · רמה 4 דעת הרב — שיטת אדמו״ר הזקן | דעת",200 (fichier présent),oui,oui,
https://daattorah.com/oh/355/daat-harav,fr,shabbat,355,,4-DaatHaRav,sources/shabbat/siman-355/niveau-4-daat-harav.html,Siman 355 · Niveau 4 — Chitah de l'Admour HaZaken | Hilkhot Shabbat,200 (fichier présent),oui,oui,
https://daattorah.com/oh/356/en,en,shabbat,356,,Index,sources/shabbat/siman-356/index-en.html,Siman 356 — A Water Channel Running Through a | Hilkhot Shabbat,200 (fichier présent),oui,oui,
https://daattorah.com/oh/356/he,he,shabbat,356,,Index,sources/shabbat/siman-356/index-he.html,סימן שנ״ו — דין אמת המים העוברת בחצר | הלכות שבת,200 (fichier présent),oui,oui,
https://daattorah.com/oh/356/,fr,shabbat,356,,Index,sources/shabbat/siman-356/index.html,Siman 356 — Canal d'eau qui traverse la cour Shabbat | Hilkhot Shabbat,200 (fichier présent),oui,oui,
https://daattorah.com/oh/356/base/en,en,shabbat,356,,1-Base,sources/shabbat/siman-356/niveau-1-base-en.html,Siman 356 · Level 1 — Water Channel Crossing the | Hilkhot Shabbat,200 (fichier présent),oui,oui,
https://daattorah.com/oh/356/base/he,he,shabbat,356,,1-Base,sources/shabbat/siman-356/niveau-1-base-he.html,"סימן שנ""ו · רמה 1 — דין אמת המים העוברת בחצר | הלכות שבת",200 (fichier présent),oui,oui,
https://daattorah.com/oh/356/base,fr,shabbat,356,,1-Base,sources/shabbat/siman-356/niveau-1-base.html,"Siman <bdi>שנ""ו</bdi> · Niveau 1 — Canal d'eau qui traverse la | Hilkhot Shabbat",200 (fichier présent),oui,oui,
https://daattorah.com/oh/356/lamdan/en,en,shabbat,356,,2-Lamdan,sources/shabbat/siman-356/niveau-2-lamdan-en.html,"Siman <bdi>שנ""ו</bdi> · Level 2 — Canal d'eau qui traverse la | Hilkhot Shabbat",200 (fichier présent),oui,oui,
https://daattorah.com/oh/356/lamdan/he,he,shabbat,356,,2-Lamdan,sources/shabbat/siman-356/niveau-2-lamdan-he.html,"Siman <bdi>שנ""ו</bdi> · רמה 2 — Canal d'eau qui traverse la cour | הלכות שבת",200 (fichier présent),oui,oui,
https://daattorah.com/oh/356/lamdan,fr,shabbat,356,,2-Lamdan,sources/shabbat/siman-356/niveau-2-lamdan.html,"Siman <bdi>שנ""ו</bdi> · Niveau 2 — Canal d'eau qui traverse la | Hilkhot Shabbat",200 (fichier présent),oui,oui,
https://daattorah.com/oh/356/synthese/en,en,shabbat,356,,3-Synthese,sources/shabbat/siman-356/niveau-3-synthese-en.html,Siman 356 · Level 3 — Water Channel Crossing the | Hilkhot Shabbat,200 (fichier présent),oui,oui,
https://daattorah.com/oh/356/synthese/he,he,shabbat,356,,3-Synthese,sources/shabbat/siman-356/niveau-3-synthese-he.html,"סימן שנ""ו · רמה 3 סינתזה מסכמת — דין אמת המים העוברת בחצר | דעת",200 (fichier présent),oui,oui,
https://daattorah.com/oh/356/synthese,fr,shabbat,356,,3-Synthese,sources/shabbat/siman-356/niveau-3-synthese.html,"Siman <bdi>שנ""ו</bdi> · Niveau 3 — Canal d'eau qui traverse la | Hilkhot Shabbat",200 (fichier présent),oui,oui,
https://daattorah.com/oh/356/daat-harav/en,en,shabbat,356,,4-DaatHaRav,sources/shabbat/siman-356/niveau-4-daat-harav-en.html,Siman 356 · Level 4 Daat HaRav — Shitah of the Alter Rebbe | DAAT,200 (fichier présent),oui,oui,
https://daattorah.com/oh/356/daat-harav/he,he,shabbat,356,,4-DaatHaRav,sources/shabbat/siman-356/niveau-4-daat-harav-he.html,"סימן שנ""ו · רמה 4 דעת הרב — שיטת אדמו״ר הזקן | דעת",200 (fichier présent),oui,oui,
https://daattorah.com/oh/356/daat-harav,fr,shabbat,356,,4-DaatHaRav,sources/shabbat/siman-356/niveau-4-daat-harav.html,Siman 356 · Niveau 4 — Chitah de l'Admour HaZaken | Hilkhot Shabbat,200 (fichier présent),oui,oui,
https://daattorah.com/oh/357/en,en,shabbat,357,,Index,sources/shabbat/siman-357/index-en.html,Siman 357 — A Courtyard Less Than 4 Amos and a Drain | Hilkhot Shabbat,200 (fichier présent),oui,oui,
https://daattorah.com/oh/357/he,he,shabbat,357,,Index,sources/shabbat/siman-357/index-he.html,סימן שנ״ז — דיני חצר פחות מארבע אמות וביב | הלכות שבת,200 (fichier présent),oui,oui,
https://daattorah.com/oh/357/,fr,shabbat,357,,Index,sources/shabbat/siman-357/index.html,Siman 357 — Cour de moins de 4 amot et égout | Hilkhot Shabbat,200 (fichier présent),oui,oui,
https://daattorah.com/oh/357/base/en,en,shabbat,357,,1-Base,sources/shabbat/siman-357/niveau-1-base-en.html,Siman 357 · Level 1 — Courtyard Less than 4 Amos | Hilkhot Shabbat,200 (fichier présent),oui,oui,
https://daattorah.com/oh/357/base/he,he,shabbat,357,,1-Base,sources/shabbat/siman-357/niveau-1-base-he.html,"סימן שנ""ז · רמה 1 — דיני חצר פחות מד' אמות וביב | הלכות שבת",200 (fichier présent),oui,oui,
https://daattorah.com/oh/357/base,fr,shabbat,357,,1-Base,sources/shabbat/siman-357/niveau-1-base.html,"Siman <bdi>שנ""ז</bdi> · Niveau 1 — Cour de moins de 4 amot et | Hilkhot Shabbat",200 (fichier présent),oui,oui,
https://daattorah.com/oh/357/lamdan/en,en,shabbat,357,,2-Lamdan,sources/shabbat/siman-357/niveau-2-lamdan-en.html,"Siman <bdi>שנ""ז</bdi> · Level 2 — Cour de moins de 4 amot et | Hilkhot Shabbat",200 (fichier présent),oui,oui,
https://daattorah.com/oh/357/lamdan/he,he,shabbat,357,,2-Lamdan,sources/shabbat/siman-357/niveau-2-lamdan-he.html,"Siman <bdi>שנ""ז</bdi> · רמה 2 — Cour de moins de 4 amot et égout | הלכות שבת",200 (fichier présent),oui,oui,
https://daattorah.com/oh/357/lamdan,fr,shabbat,357,,2-Lamdan,sources/shabbat/siman-357/niveau-2-lamdan.html,"Siman <bdi>שנ""ז</bdi> · Niveau 2 — Cour de moins de 4 amot et | Hilkhot Shabbat",200 (fichier présent),oui,oui,
https://daattorah.com/oh/357/synthese/en,en,shabbat,357,,3-Synthese,sources/shabbat/siman-357/niveau-3-synthese-en.html,"Siman <bdi>שנ""ז</bdi> · Level 3 — Chatzer under 4 amos & biv | Hilkhot Shabbat",200 (fichier présent),oui,oui,
https://daattorah.com/oh/357/synthese/he,he,shabbat,357,,3-Synthese,sources/shabbat/siman-357/niveau-3-synthese-he.html,"סימן שנ""ז · רמה 3 — סיכום מגיסטרלי | חצר פחות מארבע אמות וביב | DAAT",200 (fichier présent),oui,oui,
https://daattorah.com/oh/357/synthese,fr,shabbat,357,,3-Synthese,sources/shabbat/siman-357/niveau-3-synthese.html,"Siman <bdi>שנ""ז</bdi> · Niveau 3 — Cour de moins de 4 amot et | Hilkhot Shabbat",200 (fichier présent),oui,oui,
https://daattorah.com/oh/357/daat-harav/en,en,shabbat,357,,4-DaatHaRav,sources/shabbat/siman-357/niveau-4-daat-harav-en.html,Siman 357 · Level 4 Daat HaRav — Shitah of the Alter Rebbe | DAAT,200 (fichier présent),oui,oui,
https://daattorah.com/oh/357/daat-harav/he,he,shabbat,357,,4-DaatHaRav,sources/shabbat/siman-357/niveau-4-daat-harav-he.html,"סימן שנ""ז · רמה 4 דעת הרב — שיטת אדמו״ר הזקן | דעת",200 (fichier présent),oui,oui,
https://daattorah.com/oh/357/daat-harav,fr,shabbat,357,,4-DaatHaRav,sources/shabbat/siman-357/niveau-4-daat-harav.html,Siman 357 · Niveau 4 — Chitah de l'Admour HaZaken | Hilkhot Shabbat,200 (fichier présent),oui,oui,
https://daattorah.com/oh/358/en,en,shabbat,358,,Index,sources/shabbat/siman-358/index-en.html,Siman 358 — Areas Enclosed for Dwelling | Hilkhot Shabbat,200 (fichier présent),oui,oui,
https://daattorah.com/oh/358/he,he,shabbat,358,,Index,sources/shabbat/siman-358/index-he.html,סימן שנ״ח — דין איזה מקומות נקראים מוקפים לדירה | הלכות שבת,200 (fichier présent),oui,oui,
https://daattorah.com/oh/358/,fr,shabbat,358,,Index,sources/shabbat/siman-358/index.html,Siman 358 — Lieux entourés pour résidence | Hilkhot Shabbat,200 (fichier présent),oui,oui,
https://daattorah.com/oh/358/base/en,en,shabbat,358,,1-Base,sources/shabbat/siman-358/niveau-1-base-en.html,"Siman <bdi>שנ""ח</bdi> · Level 1 — Places Enclosed for Dwelling | Hilkhot Shabbat",200 (fichier présent),oui,oui,
https://daattorah.com/oh/358/base/he,he,shabbat,358,,1-Base,sources/shabbat/siman-358/niveau-1-base-he.html,"סימן שנ""ח · רמה 1 בסיס — מקומות מוקפים לדירה · לימוד מבוא | דעת",200 (fichier présent),oui,oui,
https://daattorah.com/oh/358/base,fr,shabbat,358,,1-Base,sources/shabbat/siman-358/niveau-1-base.html,"Siman <bdi>שנ""ח</bdi> · Niveau 1 — Lieux entourés pour | Hilkhot Shabbat",200 (fichier présent),oui,oui,
https://daattorah.com/oh/358/lamdan/en,en,shabbat,358,,2-Lamdan,sources/shabbat/siman-358/niveau-2-lamdan-en.html,"Siman <bdi>שנ""ח</bdi> · Level 2 — Lieux entourés pour | Hilkhot Shabbat",200 (fichier présent),oui,oui,
https://daattorah.com/oh/358/lamdan/he,he,shabbat,358,,2-Lamdan,sources/shabbat/siman-358/niveau-2-lamdan-he.html,"Siman <bdi>שנ""ח</bdi> · רמה 2 — Lieux entourés pour résidence | הלכות שבת",200 (fichier présent),oui,oui,
https://daattorah.com/oh/358/lamdan,fr,shabbat,358,,2-Lamdan,sources/shabbat/siman-358/niveau-2-lamdan.html,"Siman <bdi>שנ""ח</bdi> · Niveau 2 — Lieux entourés pour | Hilkhot Shabbat",200 (fichier présent),oui,oui,
https://daattorah.com/oh/358/synthese/en,en,shabbat,358,,3-Synthese,sources/shabbat/siman-358/niveau-3-synthese-en.html,"Siman <bdi>שנ""ח</bdi> · Level 3 — Places Enclosed for Dwelling | Hilkhot Shabbat",200 (fichier présent),oui,oui,
https://daattorah.com/oh/358/synthese/he,he,shabbat,358,,3-Synthese,sources/shabbat/siman-358/niveau-3-synthese-he.html,"סימן שנ""ח · רמה 3 סינתזה מאסטרית — מקומות מוקפים לדירה | דעת",200 (fichier présent),oui,oui,
https://daattorah.com/oh/358/synthese,fr,shabbat,358,,3-Synthese,sources/shabbat/siman-358/niveau-3-synthese.html,"Siman <bdi>שנ""ח</bdi> · Niveau 3 — Lieux entourés pour | Hilkhot Shabbat",200 (fichier présent),oui,oui,
https://daattorah.com/oh/358/daat-harav/en,en,shabbat,358,,4-DaatHaRav,sources/shabbat/siman-358/niveau-4-daat-harav-en.html,"Siman <bdi>שנ""ח</bdi> · Level 4 Daat HaRav — Shitah of the Alter Rebbe | DAAT",200 (fichier présent),oui,oui,
https://daattorah.com/oh/358/daat-harav/he,he,shabbat,358,,4-DaatHaRav,sources/shabbat/siman-358/niveau-4-daat-harav-he.html,"סימן שנ""ח · רמה 4 דעת הרב — שיטת אדמו״ר הזקן | דעת",200 (fichier présent),oui,oui,
https://daattorah.com/oh/358/daat-harav,fr,shabbat,358,,4-DaatHaRav,sources/shabbat/siman-358/niveau-4-daat-harav.html,Siman 358 · Niveau 4 — Chitah de l'Admour HaZaken | Hilkhot Shabbat,200 (fichier présent),oui,oui,
https://daattorah.com/oh/359/en,en,shabbat,359,,Index,sources/shabbat/siman-359/index-en.html,Siman 359 — A Large Open Area Behind Houses | Hilkhot Shabbat,200 (fichier présent),oui,oui,
https://daattorah.com/oh/359/he,he,shabbat,359,,Index,sources/shabbat/siman-359/index-he.html,סימן שנ״ט — דין רחבה שאחורי הבתים · שולחן ערוך · לימוד בעברית | DAAT,200 (fichier présent),oui,oui,
https://daattorah.com/oh/359/,fr,shabbat,359,,Index,sources/shabbat/siman-359/index.html,Siman 359 — Espace large derrière les maisons | Hilkhot Shabbat,200 (fichier présent),oui,oui,
https://daattorah.com/oh/359/base/en,en,shabbat,359,,1-Base,sources/shabbat/siman-359/niveau-1-base-en.html,"Siman <bdi>שנ""ט</bdi> · Level 1 — Open Space Behind Houses | Hilkhot Shabbat",200 (fichier présent),oui,oui,
https://daattorah.com/oh/359/base/he,he,shabbat,359,,1-Base,sources/shabbat/siman-359/niveau-1-base-he.html,"סימן שנ""ט · רמה 1 בסיס — רחבה שאחורי הבתים · לימוד מבוא | דעת",200 (fichier présent),oui,oui,
https://daattorah.com/oh/359/base,fr,shabbat,359,,1-Base,sources/shabbat/siman-359/niveau-1-base.html,"Siman <bdi>שנ""ט</bdi> · Niveau 1 — Espace large derrière les | Hilkhot Shabbat",200 (fichier présent),oui,oui,
https://daattorah.com/oh/359/lamdan/en,en,shabbat,359,,2-Lamdan,sources/shabbat/siman-359/niveau-2-lamdan-en.html,"Siman <bdi>שנ""ט</bdi> · Level 2 — Espace large derrière les | Hilkhot Shabbat",200 (fichier présent),oui,oui,
https://daattorah.com/oh/359/lamdan/he,he,shabbat,359,,2-Lamdan,sources/shabbat/siman-359/niveau-2-lamdan-he.html,"Siman <bdi>שנ""ט</bdi> · רמה 2 — Espace large derrière les maisons | הלכות שבת",200 (fichier présent),oui,oui,
https://daattorah.com/oh/359/lamdan,fr,shabbat,359,,2-Lamdan,sources/shabbat/siman-359/niveau-2-lamdan.html,"Siman <bdi>שנ""ט</bdi> · Niveau 2 — Espace large derrière les | Hilkhot Shabbat",200 (fichier présent),oui,oui,
https://daattorah.com/oh/359/synthese/en,en,shabbat,359,,3-Synthese,sources/shabbat/siman-359/niveau-3-synthese-en.html,"Siman <bdi>שנ""ט</bdi> · Level 3 Synthesis — Open Space Behind Houses | DAAT",200 (fichier présent),oui,oui,
https://daattorah.com/oh/359/synthese/he,he,shabbat,359,,3-Synthese,sources/shabbat/siman-359/niveau-3-synthese-he.html,"סימן שנ""ט · רמה 3 סינתזה — רחבה שאחורי הבתים | דעת",200 (fichier présent),oui,oui,
https://daattorah.com/oh/359/synthese,fr,shabbat,359,,3-Synthese,sources/shabbat/siman-359/niveau-3-synthese.html,"Siman <bdi>שנ""ט</bdi> · Niveau 3 — Espace large derrière les | Hilkhot Shabbat",200 (fichier présent),oui,oui,
https://daattorah.com/oh/359/daat-harav/en,en,shabbat,359,,4-DaatHaRav,sources/shabbat/siman-359/niveau-4-daat-harav-en.html,"Siman <bdi>שנ""ט</bdi> · Level 4 Daat HaRav — Shitah of the Alter Rebbe | DAAT",200 (fichier présent),oui,oui,
https://daattorah.com/oh/359/daat-harav/he,he,shabbat,359,,4-DaatHaRav,sources/shabbat/siman-359/niveau-4-daat-harav-he.html,"סימן שנ""ט · רמה 4 דעת הרב — שיטת אדמו״ר הזקן | דעת",200 (fichier présent),oui,oui,
https://daattorah.com/oh/359/daat-harav,fr,shabbat,359,,4-DaatHaRav,sources/shabbat/siman-359/niveau-4-daat-harav.html,Siman 359 · Niveau 4 — Chitah de l'Admour HaZaken | Hilkhot Shabbat,200 (fichier présent),oui,oui,
https://daattorah.com/oh/360/en,en,shabbat,360,,Index,sources/shabbat/siman-360/index-en.html,Siman 360 — Enclosing a Mechitzah on Shabbos | Hilkhot Shabbat,200 (fichier présent),oui,oui,
https://daattorah.com/oh/360/he,he,shabbat,360,,Index,sources/shabbat/siman-360/index-he.html,סימן ש״ס — דין הקף מחיצות לשבת — יצירת רה״י עראית | הלכות שבת,200 (fichier présent),oui,oui,
https://daattorah.com/oh/360/,fr,shabbat,360,,Index,sources/shabbat/siman-360/index.html,Siman 360 — Entourage pour Shabbat | Hilkhot Shabbat,200 (fichier présent),oui,oui,
https://daattorah.com/oh/360/base/en,en,shabbat,360,,1-Base,sources/shabbat/siman-360/niveau-1-base-en.html,"Siman <bdi>ש""ס</bdi> · Level 1 — Enclosure for Shabbos: | Hilkhot Shabbat",200 (fichier présent),oui,oui,
https://daattorah.com/oh/360/base/he,he,shabbat,360,,1-Base,sources/shabbat/siman-360/niveau-1-base-he.html,"סימן ש""ס · רמה 1 בסיס — היקף מחיצות לשבת · לימוד מבוא | דעת",200 (fichier présent),oui,oui,
https://daattorah.com/oh/360/base,fr,shabbat,360,,1-Base,sources/shabbat/siman-360/niveau-1-base.html,"Siman <bdi>ש""ס</bdi> · Niveau 1 — Entourage pour Shabbat | Hilkhot Shabbat",200 (fichier présent),oui,oui,
https://daattorah.com/oh/360/lamdan/en,en,shabbat,360,,2-Lamdan,sources/shabbat/siman-360/niveau-2-lamdan-en.html,"Siman <bdi>ש""ס</bdi> · Level 2 — Entourage pour Shabbat | Hilkhot Shabbat",200 (fichier présent),oui,oui,
https://daattorah.com/oh/360/lamdan/he,he,shabbat,360,,2-Lamdan,sources/shabbat/siman-360/niveau-2-lamdan-he.html,"Siman <bdi>ש""ס</bdi> · רמה 2 — Entourage pour Shabbat | הלכות שבת",200 (fichier présent),oui,oui,
https://daattorah.com/oh/360/lamdan,fr,shabbat,360,,2-Lamdan,sources/shabbat/siman-360/niveau-2-lamdan.html,"Siman <bdi>ש""ס</bdi> · Niveau 2 — Entourage pour Shabbat | Hilkhot Shabbat",200 (fichier présent),oui,oui,
https://daattorah.com/oh/360/synthese/en,en,shabbat,360,,3-Synthese,sources/shabbat/siman-360/niveau-3-synthese-en.html,"Siman <bdi>ש""ס</bdi> · Level 3 Synthesis — Enclosure for Shabbos | DAAT",200 (fichier présent),oui,oui,
https://daattorah.com/oh/360/synthese/he,he,shabbat,360,,3-Synthese,sources/shabbat/siman-360/niveau-3-synthese-he.html,"סימן ש""ס · רמה 3 סינתזה — היקף מחיצות לשבת | דעת",200 (fichier présent),oui,oui,
https://daattorah.com/oh/360/synthese,fr,shabbat,360,,3-Synthese,sources/shabbat/siman-360/niveau-3-synthese.html,"Siman <bdi>ש""ס</bdi> · Niveau 3 — Entourage pour Shabbat | Hilkhot Shabbat",200 (fichier présent),oui,oui,
https://daattorah.com/oh/360/daat-harav/en,en,shabbat,360,,4-DaatHaRav,sources/shabbat/siman-360/niveau-4-daat-harav-en.html,"Siman <bdi>ש""ס</bdi> · Level 4 Daat HaRav — Shitah of the Alter Rebbe | DAAT",200 (fichier présent),oui,oui,
https://daattorah.com/oh/360/daat-harav/he,he,shabbat,360,,4-DaatHaRav,sources/shabbat/siman-360/niveau-4-daat-harav-he.html,"סימן ש""ס · רמה 4 דעת הרב — שיטת אדמו״ר הזקן | דעת",200 (fichier présent),oui,oui,
https://daattorah.com/oh/360/daat-harav,fr,shabbat,360,,4-DaatHaRav,sources/shabbat/siman-360/niveau-4-daat-harav.html,Siman 360 · Niveau 4 — Chitah de l'Admour HaZaken | Hilkhot Shabbat,200 (fichier présent),oui,oui,
https://daattorah.com/oh/361/en,en,shabbat,361,,Index,sources/shabbat/siman-361/index-en.html,Siman 361 — A Roof Adjacent to a Reshus HaRabim | Hilkhot Shabbat,200 (fichier présent),oui,oui,
https://daattorah.com/oh/361/he,he,shabbat,361,,Index,sources/shabbat/siman-361/index-he.html,סימן שס״א — דין גג הסמוך לרשות הרבים | הלכות שבת,200 (fichier présent),oui,oui,
https://daattorah.com/oh/361/,fr,shabbat,361,,Index,sources/shabbat/siman-361/index.html,Siman 361 — Toit adjacent à RH | Hilkhot Shabbat,200 (fichier présent),oui,oui,
https://daattorah.com/oh/361/base/en,en,shabbat,361,,1-Base,sources/shabbat/siman-361/niveau-1-base-en.html,"Siman <bdi>שס""א</bdi> · Level 1 — Roof Adjacent to Reshus | Hilkhot Shabbat",200 (fichier présent),oui,oui,
https://daattorah.com/oh/361/base/he,he,shabbat,361,,1-Base,sources/shabbat/siman-361/niveau-1-base-he.html,"סימן שס""א · רמה 1 — גג הסמוך לרשות הרבים · הקדמה לימודית | דעת",200 (fichier présent),oui,oui,
https://daattorah.com/oh/361/base,fr,shabbat,361,,1-Base,sources/shabbat/siman-361/niveau-1-base.html,"Siman <bdi>שס""א</bdi> · Niveau 1 — Toit adjacent à RH | Hilkhot Shabbat",200 (fichier présent),oui,oui,
https://daattorah.com/oh/361/lamdan/en,en,shabbat,361,,2-Lamdan,sources/shabbat/siman-361/niveau-2-lamdan-en.html,"Siman <bdi>שס""א</bdi> · Level 2 — Toit adjacent à RH | Hilkhot Shabbat",200 (fichier présent),oui,oui,
https://daattorah.com/oh/361/lamdan/he,he,shabbat,361,,2-Lamdan,sources/shabbat/siman-361/niveau-2-lamdan-he.html,"Siman <bdi>שס""א</bdi> · רמה 2 — Toit adjacent à RH | הלכות שבת",200 (fichier présent),oui,oui,
https://daattorah.com/oh/361/lamdan,fr,shabbat,361,,2-Lamdan,sources/shabbat/siman-361/niveau-2-lamdan.html,"Siman <bdi>שס""א</bdi> · Niveau 2 — Toit adjacent à RH | Hilkhot Shabbat",200 (fichier présent),oui,oui,
https://daattorah.com/oh/361/synthese/en,en,shabbat,361,,3-Synthese,sources/shabbat/siman-361/niveau-3-synthese-en.html,"Siman <bdi>שס""א</bdi> · Level 3 — Roof Adjacent to Reshus | Hilkhot Shabbat",200 (fichier présent),oui,oui,
https://daattorah.com/oh/361/synthese/he,he,shabbat,361,,3-Synthese,sources/shabbat/siman-361/niveau-3-synthese-he.html,"סימן שס""א · רמה 3 — סינתזה — גג הסמוך לרשות הרבים | דעת",200 (fichier présent),oui,oui,
https://daattorah.com/oh/361/synthese,fr,shabbat,361,,3-Synthese,sources/shabbat/siman-361/niveau-3-synthese.html,"Siman <bdi>שס""א</bdi> · Niveau 3 Synthèse Magistrale — Toit adjacent à RH | DAAT",200 (fichier présent),oui,oui,
https://daattorah.com/oh/361/daat-harav/en,en,shabbat,361,,4-DaatHaRav,sources/shabbat/siman-361/niveau-4-daat-harav-en.html,Siman 361 · Level 4 — Shitah of the Alter Rebbe | Hilkhot Shabbat,200 (fichier présent),oui,oui,
https://daattorah.com/oh/361/daat-harav/he,he,shabbat,361,,4-DaatHaRav,sources/shabbat/siman-361/niveau-4-daat-harav-he.html,"סימן שס""א · רמה 4 דעת הרב — שיטת אדמו״ר הזקן | דעת",200 (fichier présent),oui,oui,
https://daattorah.com/oh/361/daat-harav,fr,shabbat,361,,4-DaatHaRav,sources/shabbat/siman-361/niveau-4-daat-harav.html,Siman 361 · Niveau 4 — Chitah de l'Admour HaZaken | Hilkhot Shabbat,200 (fichier présent),oui,oui,
https://daattorah.com/oh/362/en,en,shabbat,362,,Index,sources/shabbat/siman-362/index-en.html,Siman 362 — Which Mechitzah Is Considered a | Hilkhot Shabbat,200 (fichier présent),oui,oui,
https://daattorah.com/oh/362/he,he,shabbat,362,,Index,sources/shabbat/siman-362/index-he.html,סימן שס״ב — איזו מחיצה קרויה מחיצה לטלטל | הלכות שבת,200 (fichier présent),oui,oui,
https://daattorah.com/oh/362/,fr,shabbat,362,,Index,sources/shabbat/siman-362/index.html,Siman 362 — Quelle clôture est valable pour | Hilkhot Shabbat,200 (fichier présent),oui,oui,
https://daattorah.com/oh/362/base/en,en,shabbat,362,,1-Base,sources/shabbat/siman-362/niveau-1-base-en.html,"Siman <bdi>שס""ב</bdi> · Level 1 — Which Mechitzah is Valid for | Hilkhot Shabbat",200 (fichier présent),oui,oui,
https://daattorah.com/oh/362/base/he,he,shabbat,362,,1-Base,sources/shabbat/siman-362/niveau-1-base-he.html,"סימן שס""ב · רמה 1 — איזה מחיצה קרויה מחיצה לטלטל · הקדמה לימודית | דעת",200 (fichier présent),oui,oui,
https://daattorah.com/oh/362/base,fr,shabbat,362,,1-Base,sources/shabbat/siman-362/niveau-1-base.html,"Siman <bdi>שס""ב</bdi> · Niveau 1 — Quelle clôture est valable | Hilkhot Shabbat",200 (fichier présent),oui,oui,
https://daattorah.com/oh/362/lamdan/en,en,shabbat,362,,2-Lamdan,sources/shabbat/siman-362/niveau-2-lamdan-en.html,"Siman <bdi>שס""ב</bdi> · Level 2 — Quelle clôture est valable | Hilkhot Shabbat",200 (fichier présent),oui,oui,
https://daattorah.com/oh/362/lamdan/he,he,shabbat,362,,2-Lamdan,sources/shabbat/siman-362/niveau-2-lamdan-he.html,"Siman <bdi>שס""ב</bdi> · רמה 2 — Quelle clôture est valable pour | הלכות שבת",200 (fichier présent),oui,oui,
https://daattorah.com/oh/362/lamdan,fr,shabbat,362,,2-Lamdan,sources/shabbat/siman-362/niveau-2-lamdan.html,"Siman <bdi>שס""ב</bdi> · Niveau 2 — Quelle clôture est valable | Hilkhot Shabbat",200 (fichier présent),oui,oui,
https://daattorah.com/oh/362/synthese/en,en,shabbat,362,,3-Synthese,sources/shabbat/siman-362/niveau-3-synthese-en.html,"Siman <bdi>שס""ב</bdi> · Level 3 — Which Mechitzah is Valid for | Hilkhot Shabbat",200 (fichier présent),oui,oui,
https://daattorah.com/oh/362/synthese/he,he,shabbat,362,,3-Synthese,sources/shabbat/siman-362/niveau-3-synthese-he.html,"סימן שס""ב · רמה 3 — סינתזה — איזה מחיצה קרויה מחיצה לטלטל | דעת",200 (fichier présent),oui,oui,
https://daattorah.com/oh/362/synthese,fr,shabbat,362,,3-Synthese,sources/shabbat/siman-362/niveau-3-synthese.html,"Siman <bdi>שס""ב</bdi> · Niveau 3 — Quelle clôture est valable | Hilkhot Shabbat",200 (fichier présent),oui,oui,
https://daattorah.com/oh/362/daat-harav/en,en,shabbat,362,,4-DaatHaRav,sources/shabbat/siman-362/niveau-4-daat-harav-en.html,Siman 362 · Level 4 — Shitah of the Alter Rebbe | Hilkhot Shabbat,200 (fichier présent),oui,oui,
https://daattorah.com/oh/362/daat-harav/he,he,shabbat,362,,4-DaatHaRav,sources/shabbat/siman-362/niveau-4-daat-harav-he.html,"סימן שס""ב · רמה 4 דעת הרב — שיטת אדמו״ר הזקן | דעת",200 (fichier présent),oui,oui,
https://daattorah.com/oh/362/daat-harav,fr,shabbat,362,,4-DaatHaRav,sources/shabbat/siman-362/niveau-4-daat-harav.html,Siman 362 · Niveau 4 — Chitah de l'Admour HaZaken | Hilkhot Shabbat,200 (fichier présent),oui,oui,
https://daattorah.com/oh/363/en,en,shabbat,363,,Index,sources/shabbat/siman-363/index-en.html,Siman 363 — Mavoy (Alleyway) and Lechi (Side-Post) | Hilkhot Shabbat,200 (fichier présent),oui,oui,
https://daattorah.com/oh/363/he,he,shabbat,363,,Index,sources/shabbat/siman-363/index-he.html,סימן שס״ג — דיני מבוי ולחי · שולחן ערוך · לימוד בעברית | DAAT,200 (fichier présent),oui,oui,
https://daattorah.com/oh/363/,fr,shabbat,363,,Index,sources/shabbat/siman-363/index.html,Siman 363 — Mavoy (impasse) et Lehi | Hilkhot Shabbat,200 (fichier présent),oui,oui,
https://daattorah.com/oh/363/base/en,en,shabbat,363,,1-Base,sources/shabbat/siman-363/niveau-1-base-en.html,"Siman <bdi>שס""ג</bdi> · Level 1 — Mavoy (Alleyway) and Lechi | Hilkhot Shabbat",200 (fichier présent),oui,oui,
https://daattorah.com/oh/363/base/he,he,shabbat,363,,1-Base,sources/shabbat/siman-363/niveau-1-base-he.html,"סימן שס""ג · רמה 1 — דיני מבוי ולחי · הקדמה לימודית | דעת",200 (fichier présent),oui,oui,
https://daattorah.com/oh/363/base,fr,shabbat,363,,1-Base,sources/shabbat/siman-363/niveau-1-base.html,"Siman <bdi>שס""ג</bdi> · Niveau 1 — Mavoy (impasse) et Lehi | Hilkhot Shabbat",200 (fichier présent),oui,oui,
https://daattorah.com/oh/363/lamdan/en,en,shabbat,363,,2-Lamdan,sources/shabbat/siman-363/niveau-2-lamdan-en.html,"Siman <bdi>שס""ג</bdi> · Level 2 — Mavoy (impasse) et Lehi | Hilkhot Shabbat",200 (fichier présent),oui,oui,
https://daattorah.com/oh/363/lamdan/he,he,shabbat,363,,2-Lamdan,sources/shabbat/siman-363/niveau-2-lamdan-he.html,"Siman <bdi>שס""ג</bdi> · רמה 2 — Mavoy (impasse) et Lehi | הלכות שבת",200 (fichier présent),oui,oui,
https://daattorah.com/oh/363/lamdan,fr,shabbat,363,,2-Lamdan,sources/shabbat/siman-363/niveau-2-lamdan.html,"Siman <bdi>שס""ג</bdi> · Niveau 2 — Mavoy (impasse) et Lehi | Hilkhot Shabbat",200 (fichier présent),oui,oui,
https://daattorah.com/oh/363/synthese/en,en,shabbat,363,,3-Synthese,sources/shabbat/siman-363/niveau-3-synthese-en.html,"Siman <bdi>שס""ג</bdi> · Level 3 Master Synthesis — Mavoy and Lechi | DAAT",200 (fichier présent),oui,oui,
https://daattorah.com/oh/363/synthese/he,he,shabbat,363,,3-Synthese,sources/shabbat/siman-363/niveau-3-synthese-he.html,"סימן שס""ג · רמה 3 — סינתזה — דיני מבוי ולחי | דעת",200 (fichier présent),oui,oui,
https://daattorah.com/oh/363/synthese,fr,shabbat,363,,3-Synthese,sources/shabbat/siman-363/niveau-3-synthese.html,"Siman <bdi>שס""ג</bdi> · Niveau 3 — Mavoy (impasse) et Lehi | Hilkhot Shabbat",200 (fichier présent),oui,oui,
https://daattorah.com/oh/363/daat-harav/en,en,shabbat,363,,4-DaatHaRav,sources/shabbat/siman-363/niveau-4-daat-harav-en.html,Siman 363 · Level 4 — Shitah of the Alter Rebbe | Hilkhot Shabbat,200 (fichier présent),oui,oui,
https://daattorah.com/oh/363/daat-harav/he,he,shabbat,363,,4-DaatHaRav,sources/shabbat/siman-363/niveau-4-daat-harav-he.html,"סימן שס""ג · רמה 4 דעת הרב — שיטת אדמו״ר הזקן | דעת",200 (fichier présent),oui,oui,
https://daattorah.com/oh/363/daat-harav,fr,shabbat,363,,4-DaatHaRav,sources/shabbat/siman-363/niveau-4-daat-harav.html,Siman 363 · Niveau 4 — Chitah de l'Admour HaZaken | Hilkhot Shabbat,200 (fichier présent),oui,oui,
https://daattorah.com/oh/364/en,en,shabbat,364,,Index,sources/shabbat/siman-364/index-en.html,Siman 364 — A Through Mavoy and One Shaped Like a | Hilkhot Shabbat,200 (fichier présent),oui,oui,
https://daattorah.com/oh/364/he,he,shabbat,364,,Index,sources/shabbat/siman-364/index-he.html,סימן שס״ד — דין מבוי המפולש והעשוי כנדל | הלכות שבת,200 (fichier présent),oui,oui,
https://daattorah.com/oh/364/,fr,shabbat,364,,Index,sources/shabbat/siman-364/index.html,Siman 364 — Mavoy traversant et en forme d'arête de | Hilkhot Shabbat,200 (fichier présent),oui,oui,
https://daattorah.com/oh/364/base/en,en,shabbat,364,,1-Base,sources/shabbat/siman-364/niveau-1-base-en.html,"Siman <bdi>שס""ד</bdi> · Level 1 — Mavoy Hamefulash and Mavoy | Hilkhot Shabbat",200 (fichier présent),oui,oui,
https://daattorah.com/oh/364/base/he,he,shabbat,364,,1-Base,sources/shabbat/siman-364/niveau-1-base-he.html,"סימן שס""ד · רמה 1 — דין מבוי המפולש ועשוי כנדל · הקדמה לימודית | דעת",200 (fichier présent),oui,oui,
https://daattorah.com/oh/364/base,fr,shabbat,364,,1-Base,sources/shabbat/siman-364/niveau-1-base.html,"Siman <bdi>שס""ד</bdi> · Niveau 1 — Mavoy traversant et en | Hilkhot Shabbat",200 (fichier présent),oui,oui,
https://daattorah.com/oh/364/lamdan/en,en,shabbat,364,,2-Lamdan,sources/shabbat/siman-364/niveau-2-lamdan-en.html,"Siman <bdi>שס""ד</bdi> · Level 2 — Mavoy traversant et en forme | Hilkhot Shabbat",200 (fichier présent),oui,oui,
https://daattorah.com/oh/364/lamdan/he,he,shabbat,364,,2-Lamdan,sources/shabbat/siman-364/niveau-2-lamdan-he.html,"Siman <bdi>שס""ד</bdi> · רמה 2 — Mavoy traversant et en forme d'arête | הלכות שבת",200 (fichier présent),oui,oui,
https://daattorah.com/oh/364/lamdan,fr,shabbat,364,,2-Lamdan,sources/shabbat/siman-364/niveau-2-lamdan.html,"Siman <bdi>שס""ד</bdi> · Niveau 2 — Mavoy traversant et en | Hilkhot Shabbat",200 (fichier présent),oui,oui,
https://daattorah.com/oh/364/synthese/en,en,shabbat,364,,3-Synthese,sources/shabbat/siman-364/niveau-3-synthese-en.html,"Siman <bdi>שס""ד</bdi> · Level 3 — Mavoy Hamefulash and Mavoy | Hilkhot Shabbat",200 (fichier présent),oui,oui,
https://daattorah.com/oh/364/synthese/he,he,shabbat,364,,3-Synthese,sources/shabbat/siman-364/niveau-3-synthese-he.html,"סימן שס""ד · רמה 3 — סיכום מגיסטרלי | מבוי מפולש ועשוי כנדל | DAAT",200 (fichier présent),oui,oui,
https://daattorah.com/oh/364/synthese,fr,shabbat,364,,3-Synthese,sources/shabbat/siman-364/niveau-3-synthese.html,"Siman <bdi>שס""ד</bdi> · Niveau 3 — Mavoy traversant et en | Hilkhot Shabbat",200 (fichier présent),oui,oui,
https://daattorah.com/oh/364/daat-harav/en,en,shabbat,364,,4-DaatHaRav,sources/shabbat/siman-364/niveau-4-daat-harav-en.html,"Siman <bdi>שס""ד</bdi> · Level 4 Daat HaRav — Shitah of the Alter Rebbe | DAAT",200 (fichier présent),oui,oui,
https://daattorah.com/oh/364/daat-harav/he,he,shabbat,364,,4-DaatHaRav,sources/shabbat/siman-364/niveau-4-daat-harav-he.html,"סימן שס""ד · רמה 4 דעת הרב — שיטת אדמו״ר הזקן | דעת",200 (fichier présent),oui,oui,
https://daattorah.com/oh/364/daat-harav,fr,shabbat,364,,4-DaatHaRav,sources/shabbat/siman-364/niveau-4-daat-harav.html,Siman 364 · Niveau 4 — Chitah de l'Admour HaZaken | Hilkhot Shabbat,200 (fichier présent),oui,oui,
https://daattorah.com/oh/365/en,en,shabbat,365,,Index,sources/shabbat/siman-365/index-en.html,Siman 365 — A Mavoy Whose Wall Was Breached | Hilkhot Shabbat,200 (fichier présent),oui,oui,
https://daattorah.com/oh/365/he,he,shabbat,365,,Index,sources/shabbat/siman-365/index-he.html,סימן שס״ה — דין מבוי שנפרץ — סימן אחרון בהלכות שבת | הלכות שבת,200 (fichier présent),oui,oui,
https://daattorah.com/oh/365/,fr,shabbat,365,,Index,sources/shabbat/siman-365/index.html,Siman 365 — Mavoy dont une cloison s'est cassée | Hilkhot Shabbat,200 (fichier présent),oui,oui,
https://daattorah.com/oh/365/base/en,en,shabbat,365,,1-Base,sources/shabbat/siman-365/niveau-1-base-en.html,"Siman <bdi>שס""ה</bdi> · Level 1 — Mavoy Shenifratz | Hilkhot Shabbat",200 (fichier présent),oui,oui,
https://daattorah.com/oh/365/base/he,he,shabbat,365,,1-Base,sources/shabbat/siman-365/niveau-1-base-he.html,"סימן שס""ה · רמה 1 — דין מבוי שנפרץ · הקדמה לימודית | דעת",200 (fichier présent),oui,oui,
https://daattorah.com/oh/365/base,fr,shabbat,365,,1-Base,sources/shabbat/siman-365/niveau-1-base.html,"Siman <bdi>שס""ה</bdi> · Niveau 1 — Mavoy dont une cloison | Hilkhot Shabbat",200 (fichier présent),oui,oui,
https://daattorah.com/oh/365/lamdan/en,en,shabbat,365,,2-Lamdan,sources/shabbat/siman-365/niveau-2-lamdan-en.html,"Siman <bdi>שס""ה</bdi> · Level 2 — Mavoy dont une cloison s'est | Hilkhot Shabbat",200 (fichier présent),oui,oui,
https://daattorah.com/oh/365/lamdan/he,he,shabbat,365,,2-Lamdan,sources/shabbat/siman-365/niveau-2-lamdan-he.html,"Siman <bdi>שס""ה</bdi> · רמה 2 — Mavoy dont une cloison s'est cassée | הלכות שבת",200 (fichier présent),oui,oui,
https://daattorah.com/oh/365/lamdan,fr,shabbat,365,,2-Lamdan,sources/shabbat/siman-365/niveau-2-lamdan.html,"Siman <bdi>שס""ה</bdi> · Niveau 2 — Mavoy dont une cloison | Hilkhot Shabbat",200 (fichier présent),oui,oui,
https://daattorah.com/oh/365/synthese/en,en,shabbat,365,,3-Synthese,sources/shabbat/siman-365/niveau-3-synthese-en.html,"Siman <bdi>שס""ה</bdi> · Level 3 Magisterial Synthesis — Mavoy Shenifratz | DAAT",200 (fichier présent),oui,oui,
https://daattorah.com/oh/365/synthese/he,he,shabbat,365,,3-Synthese,sources/shabbat/siman-365/niveau-3-synthese-he.html,"סימן שס""ה · רמה 3 סיכום מגיסטרלי — דין מבוי שנפרץ | דעת",200 (fichier présent),oui,oui,
https://daattorah.com/oh/365/synthese,fr,shabbat,365,,3-Synthese,sources/shabbat/siman-365/niveau-3-synthese.html,"Siman <bdi>שס""ה</bdi> · Niveau 3 — Mavoy dont une cloison | Hilkhot Shabbat",200 (fichier présent),oui,oui,
https://daattorah.com/oh/365/daat-harav/en,en,shabbat,365,,4-DaatHaRav,sources/shabbat/siman-365/niveau-4-daat-harav-en.html,Siman 365 · Level 4 Daat HaRav — Shitah of the Alter Rebbe | DAAT,200 (fichier présent),oui,oui,
https://daattorah.com/oh/365/daat-harav/he,he,shabbat,365,,4-DaatHaRav,sources/shabbat/siman-365/niveau-4-daat-harav-he.html,סימן שס״ה · רמה 4 דעת הרב — שיטת אדמו״ר הזקן | דעת,200 (fichier présent),oui,oui,
https://daattorah.com/oh/365/daat-harav,fr,shabbat,365,,4-DaatHaRav,sources/shabbat/siman-365/niveau-4-daat-harav.html,Siman 365 · Niveau 4 — Chitah de l'Admour HaZaken | Hilkhot Shabbat,200 (fichier présent),oui,oui,
https://daattorah.com/yd/en,en,yoreh-deah,,,Index,sources/yoreh-deah/index-en.html,Yoreh De'ah — Issur ve-Heter · Choulhan Aroukh · Study in English | DAAT,200 (fichier présent),oui,oui,
https://daattorah.com/yd/he,he,yoreh-deah,,,Index,sources/yoreh-deah/index-he.html,יורה דעה — איסור והיתר · שולחן ערוך · לימוד בעברית | DAAT,200 (fichier présent),oui,oui,
https://daattorah.com/yd/,fr,yoreh-deah,,,Index,sources/yoreh-deah/index.html,Yoreh De'ah — Issour ve-Heter · Choulhan Aroukh · Étude en français | DAAT,200 (fichier présent),oui,oui,
https://daattorah.com/yd/100/en,en,yoreh-deah,100,,Index,sources/yoreh-deah/siman-100/index-en.html,Siman 100 — A Beriah (Whole Creature) Is Never Nullified | DAAT,200 (fichier présent),oui,oui,
https://daattorah.com/yd/100/he,he,yoreh-deah,100,,Index,sources/yoreh-deah/siman-100/index-he.html,סימן ק׳ — דין בריה שאינה בטלה | DAAT,200 (fichier présent),oui,oui,
https://daattorah.com/yd/100/,fr,yoreh-deah,100,,Index,sources/yoreh-deah/siman-100/index.html,Siman 100 — La בריה (créature entière) ne s'annule jamais | DAAT,200 (fichier présent),oui,oui,
https://daattorah.com/yd/100/base/en,en,yoreh-deah,100,,1-Base,sources/yoreh-deah/siman-100/niveau-1-base-en.html,Siman ק׳ · Level 1 Foundations — A Beriah (Whole Creature) Is Never Nullified · Educational introduction | DAAT,200 (fichier présent),oui,oui,
https://daattorah.com/yd/100/base/he,he,yoreh-deah,100,,1-Base,sources/yoreh-deah/siman-100/niveau-1-base-he.html,סימן ק׳ · רמה 1 בסיס — דין בריה שאינה בטלה · מבוא לימודי | DAAT,200 (fichier présent),oui,oui,
https://daattorah.com/yd/100/base,fr,yoreh-deah,100,,1-Base,sources/yoreh-deah/siman-100/niveau-1-base.html,Siman ק׳ · Niveau 1 Base — La בריה (créature entière) ne s'annule jamais (אפילו באלף) · Initiation pédagogique | DAAT,200 (fichier présent),oui,oui,
https://daattorah.com/yd/100/lamdan,fr,yoreh-deah,100,,2-Lamdan,sources/yoreh-deah/siman-100/niveau-2-lamdan.html,"Siman ק׳ · Niveau 2 Lamdan — Pilpoul approfondi · בְּרִיָּה אֲפִלּוּ בְּאֶלֶף לֹא בְּטֵלָה, שלשת התנאים, גיד הנשה ותולעים | DAAT",200 (fichier présent),oui,oui,
https://daattorah.com/yd/100/synthese/en,en,yoreh-deah,100,,3-Synthese,sources/yoreh-deah/siman-100/niveau-3-synthese-en.html,Siman ק׳ · Level 3 — Synthesis / Review — דין בריה שאינה בטלה | DAAT,200 (fichier présent),oui,oui,
https://daattorah.com/yd/100/synthese/he,he,yoreh-deah,100,,3-Synthese,sources/yoreh-deah/siman-100/niveau-3-synthese-he.html,סימן ק׳ · רמה 3 — סיכום / חזרה — דין בריה שאינה בטלה | DAAT,200 (fichier présent),oui,oui,
https://daattorah.com/yd/100/synthese,fr,yoreh-deah,100,,3-Synthese,sources/yoreh-deah/siman-100/niveau-3-synthese.html,Siman ק׳ · Niveau 3 — Synthèse / Révision — דין בריה שאינה בטלה | DAAT,200 (fichier présent),oui,oui,
https://daattorah.com/yd/100/halakha/en,en,yoreh-deah,100,,,sources/yoreh-deah/siman-100/niveau-4-halakha-en.html,Siman ק׳ · Level 4 — Halakha le-ma'asse / Psak · The Beriah Is Never Nullified | DAAT,200 (fichier présent),oui,oui,
https://daattorah.com/yd/100/halakha/he,he,yoreh-deah,100,,,sources/yoreh-deah/siman-100/niveau-4-halakha-he.html,סימן ק׳ · רמה 4 — הלכה למעשה / פסק · דין בריה שאינה בטלה | DAAT,200 (fichier présent),oui,oui,
https://daattorah.com/yd/100/halakha,fr,yoreh-deah,100,,,sources/yoreh-deah/siman-100/niveau-4-halakha.html,Siman ק׳ · Niveau 4 — Halakha lema'asse / Psak · דין בריה שאינה בטלה | DAAT,200 (fichier présent),oui,oui,
https://daattorah.com/yd/101/en,en,yoreh-deah,101,,Index,sources/yoreh-deah/siman-101/index-en.html,Siman 101 — A Piece Fit to Be Served (חתיכה הראויה להתכבד) | DAAT,200 (fichier présent),oui,oui,
https://daattorah.com/yd/101/he,he,yoreh-deah,101,,Index,sources/yoreh-deah/siman-101/index-he.html,סימן ק״א — דין חתיכה הראויה להתכבד | DAAT,200 (fichier présent),oui,oui,
https://daattorah.com/yd/101/,fr,yoreh-deah,101,,Index,sources/yoreh-deah/siman-101/index.html,Siman 101 — Le morceau digne d'être présenté | DAAT,200 (fichier présent),oui,oui,
https://daattorah.com/yd/101/base/en,en,yoreh-deah,101,,1-Base,sources/yoreh-deah/siman-101/niveau-1-base-en.html,Siman ק״א · Level 1 Foundations — A Piece Fit to Be Served Is Not Nullified · Educational introduction | DAAT,200 (fichier présent),oui,oui,
https://daattorah.com/yd/101/base/he,he,yoreh-deah,101,,1-Base,sources/yoreh-deah/siman-101/niveau-1-base-he.html,סימן ק״א · רמה 1 בסיס — דין חתיכה הראויה להתכבד שאינה בטלה · מבוא לימודי | DAAT,200 (fichier présent),oui,oui,
https://daattorah.com/yd/101/base,fr,yoreh-deah,101,,1-Base,sources/yoreh-deah/siman-101/niveau-1-base.html,Siman ק״א · Niveau 1 Base — Le morceau digne d'être présenté ne s'annule pas · Initiation pédagogique | DAAT,200 (fichier présent),oui,oui,
https://daattorah.com/yd/101/lamdan,fr,yoreh-deah,101,,2-Lamdan,sources/yoreh-deah/siman-101/niveau-2-lamdan.html,Siman ק״א · Niveau 2 Lamdan — Pilpoul approfondi — חתיכה הראויה להתכבד שאינה בטלה | DAAT,200 (fichier présent),oui,oui,
https://daattorah.com/yd/101/synthese/en,en,yoreh-deah,101,,3-Synthese,sources/yoreh-deah/siman-101/niveau-3-synthese-en.html,Siman ק״א · Level 3 — Synthesis / Review — דין חתיכה הראויה להתכבד | DAAT,200 (fichier présent),oui,oui,
https://daattorah.com/yd/101/synthese/he,he,yoreh-deah,101,,3-Synthese,sources/yoreh-deah/siman-101/niveau-3-synthese-he.html,סימן ק״א · רמה 3 — סיכום / חזרה — דין חתיכה הראויה להתכבד | DAAT,200 (fichier présent),oui,oui,
https://daattorah.com/yd/101/synthese,fr,yoreh-deah,101,,3-Synthese,sources/yoreh-deah/siman-101/niveau-3-synthese.html,Siman ק״א · Niveau 3 — Synthèse / Révision — דין חתיכה הראויה להתכבד | DAAT,200 (fichier présent),oui,oui,
https://daattorah.com/yd/101/halakha/en,en,yoreh-deah,101,,,sources/yoreh-deah/siman-101/niveau-4-halakha-en.html,Siman ק״א · Level 4 — Halakha le-ma'asse / Psak · דין חתיכה הראויה להתכבד | DAAT,200 (fichier présent),oui,oui,
https://daattorah.com/yd/101/halakha/he,he,yoreh-deah,101,,,sources/yoreh-deah/siman-101/niveau-4-halakha-he.html,סימן ק״א · רמה 4 — הלכה למעשה / פסק · דין חתיכה הראויה להתכבד | DAAT,200 (fichier présent),oui,oui,
https://daattorah.com/yd/101/halakha,fr,yoreh-deah,101,,,sources/yoreh-deah/siman-101/niveau-4-halakha.html,Siman ק״א · Niveau 4 — Halakha lema'asse / Psak · דין חתיכה הראויה להתכבד | DAAT,200 (fichier présent),oui,oui,
https://daattorah.com/yd/102/en,en,yoreh-deah,102,,Index,sources/yoreh-deah/siman-102/index-en.html,Siman 102 — Something That Has a Way to Become Permitted | DAAT,200 (fichier présent),oui,oui,
https://daattorah.com/yd/102/he,he,yoreh-deah,102,,Index,sources/yoreh-deah/siman-102/index-he.html,סימן ק״ב — דין דבר שיש לו מתירין | DAAT,200 (fichier présent),oui,oui,
https://daattorah.com/yd/102/,fr,yoreh-deah,102,,Index,sources/yoreh-deah/siman-102/index.html,Siman 102 — Ce qui a un moyen de devenir permis | DAAT,200 (fichier présent),oui,oui,
https://daattorah.com/yd/102/base/en,en,yoreh-deah,102,,1-Base,sources/yoreh-deah/siman-102/niveau-1-base-en.html,Siman ק״ב · Level 1 Foundations — Something That Has a Way to Become Permitted (Davar Sheyesh Lo Matirin) Is Not Nullified · Educational introduction | DAAT,200 (fichier présent),oui,oui,
https://daattorah.com/yd/102/base/he,he,yoreh-deah,102,,1-Base,sources/yoreh-deah/siman-102/niveau-1-base-he.html,סימן ק״ב · רמה 1 בסיס — דין דבר שיש לו מתירין · מבוא לימודי | DAAT,200 (fichier présent),oui,oui,
https://daattorah.com/yd/102/base,fr,yoreh-deah,102,,1-Base,sources/yoreh-deah/siman-102/niveau-1-base.html,Siman ק״ב · Niveau 1 Base — Ce qui a un moyen de devenir permis (דבר שיש לו מתירין) ne s'annule pas · Initiation pédagogique | DAAT,200 (fichier présent),oui,oui,
https://daattorah.com/yd/102/lamdan,fr,yoreh-deah,102,,2-Lamdan,sources/yoreh-deah/siman-102/niveau-2-lamdan.html,"Siman ק״ב · Niveau 2 Lamdan — Pilpoul approfondi · דבר שיש לו מתירין אינו בטל, מין במינו וחקירת הטעם | DAAT",200 (fichier présent),oui,oui,
https://daattorah.com/yd/102/synthese/en,en,yoreh-deah,102,,3-Synthese,sources/yoreh-deah/siman-102/niveau-3-synthese-en.html,Siman ק״ב · Level 3 — Synthesis / Review — דין דבר שיש לו מתירין | DAAT,200 (fichier présent),oui,oui,
https://daattorah.com/yd/102/synthese/he,he,yoreh-deah,102,,3-Synthese,sources/yoreh-deah/siman-102/niveau-3-synthese-he.html,סימן ק״ב · רמה 3 — סיכום / חזרה — דין דבר שיש לו מתירין | DAAT,200 (fichier présent),oui,oui,
https://daattorah.com/yd/102/synthese,fr,yoreh-deah,102,,3-Synthese,sources/yoreh-deah/siman-102/niveau-3-synthese.html,Siman ק״ב · Niveau 3 — Synthèse / Révision — דין דבר שיש לו מתירין | DAAT,200 (fichier présent),oui,oui,
https://daattorah.com/yd/102/halakha/en,en,yoreh-deah,102,,,sources/yoreh-deah/siman-102/niveau-4-halakha-en.html,Siman ק״ב · Level 4 — Halakha le-ma'asse / Psak · דין דבר שיש לו מתירין | DAAT,200 (fichier présent),oui,oui,
https://daattorah.com/yd/102/halakha/he,he,yoreh-deah,102,,,sources/yoreh-deah/siman-102/niveau-4-halakha-he.html,סימן ק״ב · רמה 4 — הלכה למעשה / פסק · דין דבר שיש לו מתירין | DAAT,200 (fichier présent),oui,oui,
https://daattorah.com/yd/102/halakha,fr,yoreh-deah,102,,,sources/yoreh-deah/siman-102/niveau-4-halakha.html,Siman ק״ב · Niveau 4 — Halakha lema'asse / Psak · דין דבר שיש לו מתירין | DAAT,200 (fichier présent),oui,oui,
https://daattorah.com/yd/103/en,en,yoreh-deah,103,,Index,sources/yoreh-deah/siman-103/index-en.html,Siman 103 — A Taste That Spoils (Notein Taam Lifgam) | DAAT,200 (fichier présent),oui,oui,
https://daattorah.com/yd/103/he,he,yoreh-deah,103,,Index,sources/yoreh-deah/siman-103/index-he.html,סימן ק״ג — דין נותן טעם לפגם | DAAT,200 (fichier présent),oui,oui,
https://daattorah.com/yd/103/,fr,yoreh-deah,103,,Index,sources/yoreh-deah/siman-103/index.html,Siman 103 — Un goût qui gâte (נותן טעם לפגם) | DAAT,200 (fichier présent),oui,oui,
https://daattorah.com/yd/103/base/en,en,yoreh-deah,103,,1-Base,sources/yoreh-deah/siman-103/niveau-1-base-en.html,Siman ק״ג · Level 1 Foundations — A Taste That Spoils (Notein Taam Lifgam) · Educational introduction | DAAT,200 (fichier présent),oui,oui,
https://daattorah.com/yd/103/base/he,he,yoreh-deah,103,,1-Base,sources/yoreh-deah/siman-103/niveau-1-base-he.html,סימן ק״ג · רמה 1 בסיס — דין נותן טעם לפגם · מבוא לימודי | DAAT,200 (fichier présent),oui,oui,
https://daattorah.com/yd/103/base,fr,yoreh-deah,103,,1-Base,sources/yoreh-deah/siman-103/niveau-1-base.html,Siman ק״ג · Niveau 1 Base — Un goût qui gâte (נותן טעם לפגם) · Initiation pédagogique | DAAT,200 (fichier présent),oui,oui,
https://daattorah.com/yd/103/lamdan,fr,yoreh-deah,103,,2-Lamdan,sources/yoreh-deah/siman-103/niveau-2-lamdan.html,"Siman ק״ג · Niveau 2 Lamdan — Pilpoul approfondi · נותן טעם לפגם, נבילה הראויה לגר, בת יומה וחתיכה נעשית נבילה | DAAT",200 (fichier présent),oui,oui,
https://daattorah.com/yd/103/synthese/en,en,yoreh-deah,103,,3-Synthese,sources/yoreh-deah/siman-103/niveau-3-synthese-en.html,Siman ק״ג · Level 3 — Synthesis / Review — דין נותן טעם לפגם | DAAT,200 (fichier présent),oui,oui,
https://daattorah.com/yd/103/synthese/he,he,yoreh-deah,103,,3-Synthese,sources/yoreh-deah/siman-103/niveau-3-synthese-he.html,סימן ק״ג · רמה 3 — סיכום / חזרה — דין נותן טעם לפגם | DAAT,200 (fichier présent),oui,oui,
https://daattorah.com/yd/103/synthese,fr,yoreh-deah,103,,3-Synthese,sources/yoreh-deah/siman-103/niveau-3-synthese.html,Siman ק״ג · Niveau 3 — Synthèse / Révision — דין נותן טעם לפגם | DAAT,200 (fichier présent),oui,oui,
https://daattorah.com/yd/103/halakha/en,en,yoreh-deah,103,,,sources/yoreh-deah/siman-103/niveau-4-halakha-en.html,Siman ק״ג · Level 4 — Halakha le-ma'asse / Psak · דין נותן טעם לפגם | DAAT,200 (fichier présent),oui,oui,
https://daattorah.com/yd/103/halakha/he,he,yoreh-deah,103,,,sources/yoreh-deah/siman-103/niveau-4-halakha-he.html,סימן ק״ג · רמה 4 — הלכה למעשה / פסק · דין נותן טעם לפגם | DAAT,200 (fichier présent),oui,oui,
https://daattorah.com/yd/103/halakha,fr,yoreh-deah,103,,,sources/yoreh-deah/siman-103/niveau-4-halakha.html,Siman ק״ג · Niveau 4 — Halakha lema'asse / Psak · דין נותן טעם לפגם | DAAT,200 (fichier présent),oui,oui,
https://daattorah.com/yd/104/en,en,yoreh-deah,104,,Index,sources/yoreh-deah/siman-104/index-en.html,Siman 104 — A Mouse Found in Wine or Beer (Akhbar) | DAAT,200 (fichier présent),oui,oui,
https://daattorah.com/yd/104/he,he,yoreh-deah,104,,Index,sources/yoreh-deah/siman-104/index-he.html,סימן ק״ד — דין עכבר שנפל למשקה | DAAT,200 (fichier présent),oui,oui,
https://daattorah.com/yd/104/,fr,yoreh-deah,104,,Index,sources/yoreh-deah/siman-104/index.html,Siman 104 — La souris tombée dans le vin ou la bière (עכבר) | DAAT,200 (fichier présent),oui,oui,
https://daattorah.com/yd/104/base/en,en,yoreh-deah,104,,1-Base,sources/yoreh-deah/siman-104/niveau-1-base-en.html,Siman ק״ד · Level 1 Foundations — A Mouse Found in Wine or Beer · Educational introduction | DAAT,200 (fichier présent),oui,oui,
https://daattorah.com/yd/104/base/he,he,yoreh-deah,104,,1-Base,sources/yoreh-deah/siman-104/niveau-1-base-he.html,סימן ק״ד · רמה 1 בסיס — עכבר שנפל למשקה · מבוא לימודי | DAAT,200 (fichier présent),oui,oui,
https://daattorah.com/yd/104/base,fr,yoreh-deah,104,,1-Base,sources/yoreh-deah/siman-104/niveau-1-base.html,Siman ק״ד · Niveau 1 Base — La souris tombée dans le vin ou la bière · Initiation pédagogique | DAAT,200 (fichier présent),oui,oui,
https://daattorah.com/yd/104/lamdan,fr,yoreh-deah,104,,2-Lamdan,sources/yoreh-deah/siman-104/niveau-2-lamdan.html,"Siman ק״ד · Niveau 2 Lamdan — Pilpoul approfondi · עכבר שנמצא ביין או בשכר, נ״ט לשבח וכבוש כמבושל | DAAT",200 (fichier présent),oui,oui,
https://daattorah.com/yd/104/synthese/en,en,yoreh-deah,104,,3-Synthese,sources/yoreh-deah/siman-104/niveau-3-synthese-en.html,Siman ק״ד · Level 3 — Synthesis / Review — דין עכבר שנמצא ביין או בשכר | DAAT,200 (fichier présent),oui,oui,
https://daattorah.com/yd/104/synthese/he,he,yoreh-deah,104,,3-Synthese,sources/yoreh-deah/siman-104/niveau-3-synthese-he.html,סימן ק״ד · רמה 3 — סיכום / חזרה — דין עכבר שנמצא ביין או בשכר | DAAT,200 (fichier présent),oui,oui,
https://daattorah.com/yd/104/synthese,fr,yoreh-deah,104,,3-Synthese,sources/yoreh-deah/siman-104/niveau-3-synthese.html,Siman ק״ד · Niveau 3 — Synthèse / Révision — דין עכבר שנמצא ביין או בשכר | DAAT,200 (fichier présent),oui,oui,
https://daattorah.com/yd/104/halakha/en,en,yoreh-deah,104,,,sources/yoreh-deah/siman-104/niveau-4-halakha-en.html,Siman ק״ד · Level 4 — Halakha le-ma'asse / Psak · דין עכבר שנמצא ביין או בשכר | DAAT,200 (fichier présent),oui,oui,
https://daattorah.com/yd/104/halakha/he,he,yoreh-deah,104,,,sources/yoreh-deah/siman-104/niveau-4-halakha-he.html,סימן ק״ד · רמה 4 — הלכה למעשה / פסק · דין עכבר שנמצא ביין או בשכר | DAAT,200 (fichier présent),oui,oui,
https://daattorah.com/yd/104/halakha,fr,yoreh-deah,104,,,sources/yoreh-deah/siman-104/niveau-4-halakha.html,Siman ק״ד · Niveau 4 — Halakha lema'asse / Psak · דין עכבר שנמצא ביין או בשכר | DAAT,200 (fichier présent),oui,oui,
https://daattorah.com/yd/105/en,en,yoreh-deah,105,,Index,sources/yoreh-deah/siman-105/index-en.html,Siman 105 — How Forbidden Food Transmits Its Taste | DAAT,200 (fichier présent),oui,oui,
https://daattorah.com/yd/105/he,he,yoreh-deah,105,,Index,sources/yoreh-deah/siman-105/index-he.html,"סימן ק״ה — כבוש, כלי ראשון, צלי ומליחה | DAAT",200 (fichier présent),oui,oui,
https://daattorah.com/yd/105/,fr,yoreh-deah,105,,Index,sources/yoreh-deah/siman-105/index.html,Siman 105 — Comment l'interdit transmet son goût | DAAT,200 (fichier présent),oui,oui,
https://daattorah.com/yd/105/base/en,en,yoreh-deah,105,,1-Base,sources/yoreh-deah/siman-105/niveau-1-base-en.html,Siman ק״ה · Level 1 Foundations — How Forbidden Food Transmits Its Taste · Educational introduction | DAAT,200 (fichier présent),oui,oui,
https://daattorah.com/yd/105/base/he,he,yoreh-deah,105,,1-Base,sources/yoreh-deah/siman-105/niveau-1-base-he.html,סימן ק״ה · רמה 1 בסיס — כיצד האיסור מעביר את טעמו · מבוא לימודי | DAAT,200 (fichier présent),oui,oui,
https://daattorah.com/yd/105/base,fr,yoreh-deah,105,,1-Base,sources/yoreh-deah/siman-105/niveau-1-base.html,Siman ק״ה · Niveau 1 Base — Comment l'interdit transmet son goût · Initiation pédagogique | DAAT,200 (fichier présent),oui,oui,
https://daattorah.com/yd/105/lamdan,fr,yoreh-deah,105,,2-Lamdan,sources/yoreh-deah/siman-105/niveau-2-lamdan.html,"Siman ק״ה · Niveau 2 Lamdan — Pilpoul approfondi · כבוש כמבושל, כלי ראשון ושני, צלי ומליחה | DAAT",200 (fichier présent),oui,oui,
https://daattorah.com/yd/105/synthese/en,en,yoreh-deah,105,,3-Synthese,sources/yoreh-deah/siman-105/niveau-3-synthese-en.html,Siman ק״ה · Level 3 — Synthesis / Review — דין איסור שנפל לתוך היתר | DAAT,200 (fichier présent),oui,oui,
https://daattorah.com/yd/105/synthese/he,he,yoreh-deah,105,,3-Synthese,sources/yoreh-deah/siman-105/niveau-3-synthese-he.html,סימן ק״ה · רמה 3 — סיכום / חזרה — דין איסור שנפל לתוך היתר | DAAT,200 (fichier présent),oui,oui,
https://daattorah.com/yd/105/synthese,fr,yoreh-deah,105,,3-Synthese,sources/yoreh-deah/siman-105/niveau-3-synthese.html,Siman ק״ה · Niveau 3 — Synthèse / Révision — דין איסור שנפל לתוך היתר | DAAT,200 (fichier présent),oui,oui,
https://daattorah.com/yd/105/halakha/en,en,yoreh-deah,105,,,sources/yoreh-deah/siman-105/niveau-4-halakha-en.html,"Siman ק״ה · Level 4 — Halakha le-ma'asse / Psak · כבוש, כלי ראשון, צלי ומליחה | DAAT",200 (fichier présent),oui,oui,
https://daattorah.com/yd/105/halakha/he,he,yoreh-deah,105,,,sources/yoreh-deah/siman-105/niveau-4-halakha-he.html,"סימן ק״ה · רמה 4 — הלכה למעשה / פסק · כבוש, כלי ראשון, צלי ומליחה | DAAT",200 (fichier présent),oui,oui,
https://daattorah.com/yd/105/halakha,fr,yoreh-deah,105,,,sources/yoreh-deah/siman-105/niveau-4-halakha.html,"Siman ק״ה · Niveau 4 — Halakha lema'asse / Psak · כבוש, כלי ראשון, צלי ומליחה | DAAT",200 (fichier présent),oui,oui,
https://daattorah.com/yd/106/en,en,yoreh-deah,106,,Index,sources/yoreh-deah/siman-106/index-en.html,Siman 106 — How One Nullifies in Sixty | DAAT,200 (fichier présent),oui,oui,
https://daattorah.com/yd/106/he,he,yoreh-deah,106,,Index,sources/yoreh-deah/siman-106/index-he.html,סימן ק״ו — דין היאך מבטלין בששים | DAAT,200 (fichier présent),oui,oui,
https://daattorah.com/yd/106/,fr,yoreh-deah,106,,Index,sources/yoreh-deah/siman-106/index.html,Siman 106 — Comment on annule dans 60 | DAAT,200 (fichier présent),oui,oui,
https://daattorah.com/yd/106/base/en,en,yoreh-deah,106,,1-Base,sources/yoreh-deah/siman-106/niveau-1-base-en.html,Siman ק״ו · Level 1 Base — How One Nullifies in Sixty: Proportional Reckoning (Lefi Cheshbon) · Educational Introduction | DAAT,200 (fichier présent),oui,oui,
https://daattorah.com/yd/106/base/he,he,yoreh-deah,106,,1-Base,sources/yoreh-deah/siman-106/niveau-1-base-he.html,סימן ק״ו · רמה 1 בסיס — היאך מבטלין בששים · מבוא לימודי | DAAT,200 (fichier présent),oui,oui,
https://daattorah.com/yd/106/base,fr,yoreh-deah,106,,1-Base,sources/yoreh-deah/siman-106/niveau-1-base.html,Siman ק״ו · Niveau 1 Base — Comment on annule dans soixante : le calcul proportionnel (לפי חשבון) · Initiation pédagogique | DAAT,200 (fichier présent),oui,oui,
https://daattorah.com/yd/106/lamdan,fr,yoreh-deah,106,,2-Lamdan,sources/yoreh-deah/siman-106/niveau-2-lamdan.html,"Siman ק״ו · Niveau 2 Lamdan — Pilpoul approfondi · היאך מבטלין בששים, לפי חשבון ואפשר לסוחטו אסור | DAAT",200 (fichier présent),oui,oui,
https://daattorah.com/yd/106/synthese/en,en,yoreh-deah,106,,3-Synthese,sources/yoreh-deah/siman-106/niveau-3-synthese-en.html,Siman ק״ו · Level 3 — Synthesis / Review — דין היאך מבטלין בששים | DAAT,200 (fichier présent),oui,oui,
https://daattorah.com/yd/106/synthese/he,he,yoreh-deah,106,,3-Synthese,sources/yoreh-deah/siman-106/niveau-3-synthese-he.html,סימן ק״ו · רמה 3 — סיכום / חזרה — דין היאך מבטלין בששים | DAAT,200 (fichier présent),oui,oui,
https://daattorah.com/yd/106/synthese,fr,yoreh-deah,106,,3-Synthese,sources/yoreh-deah/siman-106/niveau-3-synthese.html,Siman ק״ו · Niveau 3 — Synthèse / Révision — דין היאך מבטלין בששים | DAAT,200 (fichier présent),oui,oui,
https://daattorah.com/yd/106/halakha/en,en,yoreh-deah,106,,,sources/yoreh-deah/siman-106/niveau-4-halakha-en.html,Siman ק״ו · Level 4 — Halakha le-ma'asse / Psak · דין היאך מבטלין בששים | DAAT,200 (fichier présent),oui,oui,
https://daattorah.com/yd/106/halakha/he,he,yoreh-deah,106,,,sources/yoreh-deah/siman-106/niveau-4-halakha-he.html,סימן ק״ו · רמה 4 — הלכה למעשה / פסק · דין היאך מבטלין בששים | DAAT,200 (fichier présent),oui,oui,
https://daattorah.com/yd/106/halakha,fr,yoreh-deah,106,,,sources/yoreh-deah/siman-106/niveau-4-halakha.html,Siman ק״ו · Niveau 4 — Halakha lema'asse / Psak · דין היאך מבטלין בששים | DAAT,200 (fichier présent),oui,oui,
https://daattorah.com/yd/107/en,en,yoreh-deah,107,,Index,sources/yoreh-deah/siman-107/index-en.html,Siman 107 — Cooking Eggs and the Order of Removal | DAAT,200 (fichier présent),oui,oui,
https://daattorah.com/yd/107/he,he,yoreh-deah,107,,Index,sources/yoreh-deah/siman-107/index-he.html,סימן ק״ז — דין המבשל ביצים ודבר מאוס הנמצא בתבשיל | DAAT,200 (fichier présent),oui,oui,
https://daattorah.com/yd/107/,fr,yoreh-deah,107,,Index,sources/yoreh-deah/siman-107/index.html,Siman 107 — Cuire des œufs et l'ordre du retrait | DAAT,200 (fichier présent),oui,oui,
https://daattorah.com/yd/107/base/en,en,yoreh-deah,107,,1-Base,sources/yoreh-deah/siman-107/niveau-1-base-en.html,"Siman ק״ז · Level 1 Foundations — Cooking Eggs (and the Order of Removal), and a Repulsive Creature in Food · Educational introduction | DAAT",200 (fichier présent),oui,oui,
https://daattorah.com/yd/107/base/he,he,yoreh-deah,107,,1-Base,sources/yoreh-deah/siman-107/niveau-1-base-he.html,סימן ק״ז · רמה 1 בסיס — דין המבשל ביצים ודבר מאוס בתבשיל · מבוא לימודי | DAAT,200 (fichier présent),oui,oui,
https://daattorah.com/yd/107/base,fr,yoreh-deah,107,,1-Base,sources/yoreh-deah/siman-107/niveau-1-base.html,Siman ק״ז · Niveau 1 Base — Cuire des œufs (et l'ordre du retrait) et la bestiole répugnante dans le plat · Initiation pédagogique | DAAT,200 (fichier présent),oui,oui,
https://daattorah.com/yd/107/lamdan,fr,yoreh-deah,107,,2-Lamdan,sources/yoreh-deah/siman-107/niveau-2-lamdan.html,"Siman ק״ז · Niveau 2 Lamdan — Pilpoul approfondi · המבשל ביצים וסדר ההסרה, ודבר מאוס הנמצא בתבשיל | DAAT",200 (fichier présent),oui,oui,
https://daattorah.com/yd/107/synthese/en,en,yoreh-deah,107,,3-Synthese,sources/yoreh-deah/siman-107/niveau-3-synthese-en.html,Siman ק״ז · Level 3 — Synthesis / Review — דין המבשל ביצים ודבר מאוס הנמצא בתבשיל | DAAT,200 (fichier présent),oui,oui,
https://daattorah.com/yd/107/synthese/he,he,yoreh-deah,107,,3-Synthese,sources/yoreh-deah/siman-107/niveau-3-synthese-he.html,סימן ק״ז · רמה 3 — סיכום / חזרה — דין המבשל ביצים ודבר מאוס הנמצא בתבשיל | DAAT,200 (fichier présent),oui,oui,
https://daattorah.com/yd/107/synthese,fr,yoreh-deah,107,,3-Synthese,sources/yoreh-deah/siman-107/niveau-3-synthese.html,Siman ק״ז · Niveau 3 — Synthèse / Révision — דין המבשל ביצים ודבר מאוס הנמצא בתבשיל | DAAT,200 (fichier présent),oui,oui,
https://daattorah.com/yd/107/halakha/en,en,yoreh-deah,107,,,sources/yoreh-deah/siman-107/niveau-4-halakha-en.html,Siman ק״ז · Level 4 — Halakha le-ma'asse / Psak · דין המבשל ביצים ודבר מאוס בתבשיל | DAAT,200 (fichier présent),oui,oui,
https://daattorah.com/yd/107/halakha/he,he,yoreh-deah,107,,,sources/yoreh-deah/siman-107/niveau-4-halakha-he.html,סימן ק״ז · רמה 4 — הלכה למעשה / פסק · דין המבשל ביצים ודבר מאוס בתבשיל | DAAT,200 (fichier présent),oui,oui,
https://daattorah.com/yd/107/halakha,fr,yoreh-deah,107,,,sources/yoreh-deah/siman-107/niveau-4-halakha.html,Siman ק״ז · Niveau 4 — Halakha lema'asse / Psak · דין המבשל ביצים ודבר מאוס בתבשיל | DAAT,200 (fichier présent),oui,oui,
https://daattorah.com/yd/108/en,en,yoreh-deah,108,,Index,sources/yoreh-deah/siman-108/index-en.html,Siman 108 — Does Smell Transfer Prohibition? (Reicha) | DAAT,200 (fichier présent),oui,oui,
https://daattorah.com/yd/108/he,he,yoreh-deah,108,,Index,sources/yoreh-deah/siman-108/index-he.html,סימן ק״ח — דין ריחא | DAAT,200 (fichier présent),oui,oui,
https://daattorah.com/yd/108/,fr,yoreh-deah,108,,Index,sources/yoreh-deah/siman-108/index.html,Siman 108 — L'odeur transfère-t-elle l'interdit ? (ריחא) | DAAT,200 (fichier présent),oui,oui,
https://daattorah.com/yd/108/base/en,en,yoreh-deah,108,,1-Base,sources/yoreh-deah/siman-108/niveau-1-base-en.html,Siman ק״ח · Level 1 Foundations — Does Smell Transfer Prohibition? (Reicha) · Educational introduction | DAAT,200 (fichier présent),oui,oui,
https://daattorah.com/yd/108/base/he,he,yoreh-deah,108,,1-Base,sources/yoreh-deah/siman-108/niveau-1-base-he.html,סימן ק״ח · רמה 1 בסיס — דין ריחא · האם הריח מעביר את האיסור · מבוא לימודי | DAAT,200 (fichier présent),oui,oui,
https://daattorah.com/yd/108/base,fr,yoreh-deah,108,,1-Base,sources/yoreh-deah/siman-108/niveau-1-base.html,Siman ק״ח · Niveau 1 Base — L'odeur transfère-t-elle l'interdit ? (ריחא) · Initiation pédagogique | DAAT,200 (fichier présent),oui,oui,
https://daattorah.com/yd/108/lamdan,fr,yoreh-deah,108,,2-Lamdan,sources/yoreh-deah/siman-108/niveau-2-lamdan.html,"Siman ק״ח · Niveau 2 Lamdan — Pilpoul approfondi — ריחא מילתא או לאו מילתא, פיטום, מחבת וצירוף ששים | DAAT",200 (fichier présent),oui,oui,
https://daattorah.com/yd/108/synthese/en,en,yoreh-deah,108,,3-Synthese,sources/yoreh-deah/siman-108/niveau-3-synthese-en.html,Siman ק״ח · Level 3 — Synthesis / Review — דין ריחא | DAAT,200 (fichier présent),oui,oui,
https://daattorah.com/yd/108/synthese/he,he,yoreh-deah,108,,3-Synthese,sources/yoreh-deah/siman-108/niveau-3-synthese-he.html,סימן ק״ח · רמה 3 — סיכום / חזרה — דין ריחא | DAAT,200 (fichier présent),oui,oui,
https://daattorah.com/yd/108/synthese,fr,yoreh-deah,108,,3-Synthese,sources/yoreh-deah/siman-108/niveau-3-synthese.html,Siman ק״ח · Niveau 3 — Synthèse / Révision — דין ריחא | DAAT,200 (fichier présent),oui,oui,
https://daattorah.com/yd/108/halakha/en,en,yoreh-deah,108,,,sources/yoreh-deah/siman-108/niveau-4-halakha-en.html,Siman ק״ח · Level 4 — Halakha le-ma'asse / Psak · דין שלא לאפות היתר ואיסור בתנור אחד | DAAT,200 (fichier présent),oui,oui,
https://daattorah.com/yd/108/halakha/he,he,yoreh-deah,108,,,sources/yoreh-deah/siman-108/niveau-4-halakha-he.html,סימן ק״ח · רמה 4 — הלכה למעשה / פסק · דין שלא לאפות היתר ואיסור בתנור אחד | DAAT,200 (fichier présent),oui,oui,
https://daattorah.com/yd/108/halakha,fr,yoreh-deah,108,,,sources/yoreh-deah/siman-108/niveau-4-halakha.html,Siman ק״ח · Niveau 4 — Halakha lema'asse / Psak · דין שלא לאפות היתר ואיסור בתנור אחד | DAAT,200 (fichier présent),oui,oui,
https://daattorah.com/yd/109/en,en,yoreh-deah,109,,Index,sources/yoreh-deah/siman-109/index-en.html,Siman 109 — Dry-in-Dry (Yavesh be-Yavesh) | DAAT,200 (fichier présent),oui,oui,
https://daattorah.com/yd/109/he,he,yoreh-deah,109,,Index,sources/yoreh-deah/siman-109/index-he.html,סימן ק״ט — דין יבש ביבש שנתערב | DAAT,200 (fichier présent),oui,oui,
https://daattorah.com/yd/109/,fr,yoreh-deah,109,,Index,sources/yoreh-deah/siman-109/index.html,Siman 109 — Sec dans sec (יבש ביבש) | DAAT,200 (fichier présent),oui,oui,
https://daattorah.com/yd/109/base/en,en,yoreh-deah,109,,1-Base,sources/yoreh-deah/siman-109/niveau-1-base-en.html,Siman ק״ט · Level 1 Foundations — Dry-in-Dry (יבש ביבש): An Unidentifiable Forbidden Piece Is Nullified in the Majority · Educational introduction | DAAT,200 (fichier présent),oui,oui,
https://daattorah.com/yd/109/base/he,he,yoreh-deah,109,,1-Base,sources/yoreh-deah/siman-109/niveau-1-base-he.html,סימן ק״ט · רמה 1 בסיס — דין יבש ביבש שנתערב · מבוא לימודי | DAAT,200 (fichier présent),oui,oui,
https://daattorah.com/yd/109/base,fr,yoreh-deah,109,,1-Base,sources/yoreh-deah/siman-109/niveau-1-base.html,Siman ק״ט · Niveau 1 Base — Sec dans sec (יבש ביבש) : l'interdit non identifiable s'annule dans la majorité · Initiation pédagogique | DAAT,200 (fichier présent),oui,oui,
https://daattorah.com/yd/109/lamdan,fr,yoreh-deah,109,,2-Lamdan,sources/yoreh-deah/siman-109/niveau-2-lamdan.html,"Siman ק״ט · Niveau 2 Lamdan — Pilpoul approfondi · יבש ביבש שנתערב, חד בתרי בטיל וביטול בששים | DAAT",200 (fichier présent),oui,oui,
https://daattorah.com/yd/109/synthese/en,en,yoreh-deah,109,,3-Synthese,sources/yoreh-deah/siman-109/niveau-3-synthese-en.html,Siman ק״ט · Level 3 — Synthesis / Review — דין יבש ביבש | DAAT,200 (fichier présent),oui,oui,
https://daattorah.com/yd/109/synthese/he,he,yoreh-deah,109,,3-Synthese,sources/yoreh-deah/siman-109/niveau-3-synthese-he.html,סימן ק״ט · רמה 3 — סיכום / חזרה — דין יבש ביבש | DAAT,200 (fichier présent),oui,oui,
https://daattorah.com/yd/109/synthese,fr,yoreh-deah,109,,3-Synthese,sources/yoreh-deah/siman-109/niveau-3-synthese.html,Siman ק״ט · Niveau 3 — Synthèse / Révision — דין יבש ביבש | DAAT,200 (fichier présent),oui,oui,
https://daattorah.com/yd/109/halakha/en,en,yoreh-deah,109,,,sources/yoreh-deah/siman-109/niveau-4-halakha-en.html,Siman ק״ט · Level 4 — Halakha le-ma'asse / Psak · דין יבש ביבש שנתערב | DAAT,200 (fichier présent),oui,oui,
https://daattorah.com/yd/109/halakha/he,he,yoreh-deah,109,,,sources/yoreh-deah/siman-109/niveau-4-halakha-he.html,סימן ק״ט · רמה 4 — הלכה למעשה / פסק · דין יבש ביבש שנתערב | DAAT,200 (fichier présent),oui,oui,
https://daattorah.com/yd/109/halakha,fr,yoreh-deah,109,,,sources/yoreh-deah/siman-109/niveau-4-halakha.html,Siman ק״ט · Niveau 4 — Halakha lema'asse / Psak · דין יבש ביבש שנתערב | DAAT,200 (fichier présent),oui,oui,
https://daattorah.com/yd/110/en,en,yoreh-deah,110,,Index,sources/yoreh-deah/siman-110/index-en.html,Siman 110 — What Does Not Nullify (Davar Chashuv) | DAAT,200 (fichier présent),oui,oui,
https://daattorah.com/yd/110/he,he,yoreh-deah,110,,Index,sources/yoreh-deah/siman-110/index-he.html,"סימן ק״י — דין דבר חשוב, קבוע, רוב וספק ספיקא | DAAT",200 (fichier présent),oui,oui,
https://daattorah.com/yd/110/,fr,yoreh-deah,110,,Index,sources/yoreh-deah/siman-110/index.html,"Siman 110 — Ce qui ne s'annule pas (דבר חשוב), le fixe | DAAT",200 (fichier présent),oui,oui,
https://daattorah.com/yd/110/base/en,en,yoreh-deah,110,,1-Base,sources/yoreh-deah/siman-110/niveau-1-base-en.html,"Siman ק״י · Level 1 Foundations — What Does Not Nullify, the Fixed, the Majority and the Double Doubt · Educational introduction | DAAT",200 (fichier présent),oui,oui,
https://daattorah.com/yd/110/base/he,he,yoreh-deah,110,,1-Base,sources/yoreh-deah/siman-110/niveau-1-base-he.html,"סימן ק״י · רמה 1 בסיס — דין דבר חשוב, קבוע, רוב וספק ספיקא · מבוא לימודי | DAAT",200 (fichier présent),oui,oui,
https://daattorah.com/yd/110/base,fr,yoreh-deah,110,,1-Base,sources/yoreh-deah/siman-110/niveau-1-base.html,"Siman ק״י · Niveau 1 Base — Ce qui ne s'annule pas, le fixe, la majorité et le double doute · Initiation pédagogique | DAAT",200 (fichier présent),oui,oui,
https://daattorah.com/yd/110/lamdan,fr,yoreh-deah,110,,2-Lamdan,sources/yoreh-deah/siman-110/niveau-2-lamdan.html,"Siman ק״י · Niveau 2 Lamdan — Pilpoul approfondi · דבר חשוב, קבוע, רוב וספק ספיקא | DAAT",200 (fichier présent),oui,oui,
https://daattorah.com/yd/110/synthese/en,en,yoreh-deah,110,,3-Synthese,sources/yoreh-deah/siman-110/niveau-3-synthese-en.html,Siman ק״י · Level 3 — Synthesis / Review — דין ספק טריפות שאירע בבשר | DAAT,200 (fichier présent),oui,oui,
https://daattorah.com/yd/110/synthese/he,he,yoreh-deah,110,,3-Synthese,sources/yoreh-deah/siman-110/niveau-3-synthese-he.html,סימן ק״י · רמה 3 — סיכום / חזרה — דין ספק טריפות שאירע בבשר | DAAT,200 (fichier présent),oui,oui,
https://daattorah.com/yd/110/synthese,fr,yoreh-deah,110,,3-Synthese,sources/yoreh-deah/siman-110/niveau-3-synthese.html,Siman ק״י · Niveau 3 — Synthèse / Révision — דין ספק טריפות שאירע בבשר | DAAT,200 (fichier présent),oui,oui,
https://daattorah.com/yd/110/halakha/en,en,yoreh-deah,110,,,sources/yoreh-deah/siman-110/niveau-4-halakha-en.html,"Siman ק״י · Level 4 — Halakha le-ma'asse / Psak · דין דבר חשוב, קבוע, רוב וספק ספיקא | DAAT",200 (fichier présent),oui,oui,
https://daattorah.com/yd/110/halakha/he,he,yoreh-deah,110,,,sources/yoreh-deah/siman-110/niveau-4-halakha-he.html,"סימן ק״י · רמה 4 — הלכה למעשה / פסק · דין דבר חשוב, קבוע, רוב וספק ספיקא | DAAT",200 (fichier présent),oui,oui,
https://daattorah.com/yd/110/halakha,fr,yoreh-deah,110,,,sources/yoreh-deah/siman-110/niveau-4-halakha.html,"Siman ק״י · Niveau 4 — Halakha lema'asse / Psak · דין דבר חשוב, קבוע, רוב וספק ספיקא | DAAT",200 (fichier présent),oui,oui,
https://daattorah.com/yd/111/en,en,yoreh-deah,111,,Index,sources/yoreh-deah/siman-111/index-en.html,Siman 111 — Attribution (Tolin / Shani Omer) | DAAT,200 (fichier présent),oui,oui,
https://daattorah.com/yd/111/he,he,yoreh-deah,111,,Index,sources/yoreh-deah/siman-111/index-he.html,סימן קי״א — דין תולין וצירוף בספק | DAAT,200 (fichier présent),oui,oui,
https://daattorah.com/yd/111/,fr,yoreh-deah,111,,Index,sources/yoreh-deah/siman-111/index.html,Siman 111 — On attribue le doute (תולין / שאני אומר) | DAAT,200 (fichier présent),oui,oui,
https://daattorah.com/yd/111/base/en,en,yoreh-deah,111,,1-Base,sources/yoreh-deah/siman-111/niveau-1-base-en.html,Siman קי״א · Level 1 Foundations — Attribution and Mixtures That Combine in Doubt · Educational introduction | DAAT,200 (fichier présent),oui,oui,
https://daattorah.com/yd/111/base/he,he,yoreh-deah,111,,1-Base,sources/yoreh-deah/siman-111/niveau-1-base-he.html,סימן קי״א · רמה 1 בסיס — דין תולין וצירוף בספק · מבוא לימודי | DAAT,200 (fichier présent),oui,oui,
https://daattorah.com/yd/111/base,fr,yoreh-deah,111,,1-Base,sources/yoreh-deah/siman-111/niveau-1-base.html,Siman קי״א · Niveau 1 Base — On attribue le doute et les mélanges qui se combinent · Initiation pédagogique | DAAT,200 (fichier présent),oui,oui,
https://daattorah.com/yd/111/lamdan,fr,yoreh-deah,111,,2-Lamdan,sources/yoreh-deah/siman-111/niveau-2-lamdan.html,"Siman קי״א · Niveau 2 Lamdan — Pilpoul approfondi · תולין להקל (שאני אומר), ספק דרבנן והכל נכנס בספק | DAAT",200 (fichier présent),oui,oui,
https://daattorah.com/yd/111/synthese/en,en,yoreh-deah,111,,3-Synthese,sources/yoreh-deah/siman-111/niveau-3-synthese-en.html,Siman קי״א · Level 3 — Synthesis / Review — דין תולין וצירוף בספק | DAAT,200 (fichier présent),oui,oui,
https://daattorah.com/yd/111/synthese/he,he,yoreh-deah,111,,3-Synthese,sources/yoreh-deah/siman-111/niveau-3-synthese-he.html,סימן קי״א · רמה 3 — סיכום / חזרה — דין תולין וצירוף בספק | DAAT,200 (fichier présent),oui,oui,
https://daattorah.com/yd/111/synthese,fr,yoreh-deah,111,,3-Synthese,sources/yoreh-deah/siman-111/niveau-3-synthese.html,Siman קי״א · Niveau 3 — Synthèse / Révision — דין תולין וצירוף בספק | DAAT,200 (fichier présent),oui,oui,
https://daattorah.com/yd/111/halakha/en,en,yoreh-deah,111,,,sources/yoreh-deah/siman-111/niveau-4-halakha-en.html,Siman קי״א · Level 4 — Halakha le-ma'asse / Psak · דין תולין וצירוף בספק | DAAT,200 (fichier présent),oui,oui,
https://daattorah.com/yd/111/halakha/he,he,yoreh-deah,111,,,sources/yoreh-deah/siman-111/niveau-4-halakha-he.html,סימן קי״א · רמה 4 — הלכה למעשה / פסק · דין תולין וצירוף בספק | DAAT,200 (fichier présent),oui,oui,
https://daattorah.com/yd/111/halakha,fr,yoreh-deah,111,,,sources/yoreh-deah/siman-111/niveau-4-halakha.html,Siman קי״א · Niveau 4 — Halakha lema'asse / Psak · דין תולין וצירוף בספק | DAAT,200 (fichier présent),oui,oui,
https://daattorah.com/yd/112/en,en,yoreh-deah,112,,Index,sources/yoreh-deah/siman-112/index-en.html,Siman 112 — Bread of Non-Jews (פת עכו״ם) | DAAT,200 (fichier présent),oui,oui,
https://daattorah.com/yd/112/he,he,yoreh-deah,112,,Index,sources/yoreh-deah/siman-112/index-he.html,סימן קי״ב — דין פת של עכו״ם | DAAT,200 (fichier présent),oui,oui,
https://daattorah.com/yd/112/,fr,yoreh-deah,112,,Index,sources/yoreh-deah/siman-112/index.html,Siman 112 — Le pain des non-Juifs (פת עכו״ם) | DAAT,200 (fichier présent),oui,oui,
https://daattorah.com/yd/112/base/en,en,yoreh-deah,112,,1-Base,sources/yoreh-deah/siman-112/niveau-1-base-en.html,Siman קי״ב · Level 1 — Bread of Non-Jews | DAAT,200 (fichier présent),oui,oui,
https://daattorah.com/yd/112/base/he,he,yoreh-deah,112,,1-Base,sources/yoreh-deah/siman-112/niveau-1-base-he.html,סימן קי״ב · רמה 1 — דין פת של עכו״ם | DAAT,200 (fichier présent),oui,oui,
https://daattorah.com/yd/112/base,fr,yoreh-deah,112,,1-Base,sources/yoreh-deah/siman-112/niveau-1-base.html,Siman קי״ב · Niveau 1 — Le pain des non-Juifs | DAAT,200 (fichier présent),oui,oui,
https://daattorah.com/yd/112/lamdan,fr,yoreh-deah,112,,2-Lamdan,sources/yoreh-deah/siman-112/niveau-2-lamdan.html,Siman קי״ב · Niveau 2 Lamdan · פת של עכו״ם | DAAT,200 (fichier présent),oui,oui,
https://daattorah.com/yd/112/synthese/en,en,yoreh-deah,112,,3-Synthese,sources/yoreh-deah/siman-112/niveau-3-synthese-en.html,Siman קי״ב · Level 3 — Synthesis / Review — דין פת של עכו״ם | DAAT,200 (fichier présent),oui,oui,
https://daattorah.com/yd/112/synthese/he,he,yoreh-deah,112,,3-Synthese,sources/yoreh-deah/siman-112/niveau-3-synthese-he.html,סימן קי״ב · רמה 3 — סיכום / חזרה — דין פת של עכו״ם | DAAT,200 (fichier présent),oui,oui,
https://daattorah.com/yd/112/synthese,fr,yoreh-deah,112,,3-Synthese,sources/yoreh-deah/siman-112/niveau-3-synthese.html,Siman קי״ב · Niveau 3 — Synthèse / Révision — דין פת של עכו״ם | DAAT,200 (fichier présent),oui,oui,
https://daattorah.com/yd/112/halakha/en,en,yoreh-deah,112,,,sources/yoreh-deah/siman-112/niveau-4-halakha-en.html,Siman קי״ב · Level 4 — Halakha le-ma'asse / Psak · דיני פת של עכו״ם | DAAT,200 (fichier présent),oui,oui,
https://daattorah.com/yd/112/halakha/he,he,yoreh-deah,112,,,sources/yoreh-deah/siman-112/niveau-4-halakha-he.html,סימן קי״ב · רמה 4 — הלכה למעשה / פסק · דיני פת של עכו״ם | DAAT,200 (fichier présent),oui,oui,
https://daattorah.com/yd/112/halakha,fr,yoreh-deah,112,,,sources/yoreh-deah/siman-112/niveau-4-halakha.html,Siman קי״ב · Niveau 4 — Halakha lema'asse / Psak · דיני פת של עכו״ם | DAAT,200 (fichier présent),oui,oui,
https://daattorah.com/yd/113/en,en,yoreh-deah,113,,Index,sources/yoreh-deah/siman-113/index-en.html,Siman 113 — Food Cooked by Non-Jews (בישולי עכו״ם) | DAAT,200 (fichier présent),oui,oui,
https://daattorah.com/yd/113/he,he,yoreh-deah,113,,Index,sources/yoreh-deah/siman-113/index-he.html,סימן קי״ג — דין בישולי עכו״ם | DAAT,200 (fichier présent),oui,oui,
https://daattorah.com/yd/113/,fr,yoreh-deah,113,,Index,sources/yoreh-deah/siman-113/index.html,Siman 113 — La cuisson des non-Juifs (בישולי עכו״ם) | DAAT,200 (fichier présent),oui,oui,
https://daattorah.com/yd/113/base/en,en,yoreh-deah,113,,1-Base,sources/yoreh-deah/siman-113/niveau-1-base-en.html,Siman 113 — Food Cooked by Non-Jews (בישולי עכו״ם) | DAAT,200 (fichier présent),oui,oui,
https://daattorah.com/yd/113/base/he,he,yoreh-deah,113,,1-Base,sources/yoreh-deah/siman-113/niveau-1-base-he.html,סימן קי״ג · רמה 1 בסיס — דין בישולי עכו״ם | DAAT,200 (fichier présent),oui,oui,
https://daattorah.com/yd/113/base,fr,yoreh-deah,113,,1-Base,sources/yoreh-deah/siman-113/niveau-1-base.html,Siman 113 — La cuisson des non-Juifs (בישולי עכו״ם) | DAAT,200 (fichier présent),oui,oui,
https://daattorah.com/yd/113/lamdan,fr,yoreh-deah,113,,2-Lamdan,sources/yoreh-deah/siman-113/niveau-2-lamdan.html,Siman 113 — בישולי עכו״ם · Niveau 2 Lamdan — Pilpoul | DAAT,200 (fichier présent),oui,oui,
https://daattorah.com/yd/113/synthese/en,en,yoreh-deah,113,,3-Synthese,sources/yoreh-deah/siman-113/niveau-3-synthese-en.html,Siman 113 — Food Cooked by Non-Jews (בישולי עכו״ם) | DAAT,200 (fichier présent),oui,oui,
https://daattorah.com/yd/113/synthese/he,he,yoreh-deah,113,,3-Synthese,sources/yoreh-deah/siman-113/niveau-3-synthese-he.html,סימן קי״ג · רמה 3 — סיכום / חזרה — דין בישולי עכו״ם | DAAT,200 (fichier présent),oui,oui,
https://daattorah.com/yd/113/synthese,fr,yoreh-deah,113,,3-Synthese,sources/yoreh-deah/siman-113/niveau-3-synthese.html,Siman 113 — La cuisson des non-Juifs (בישולי עכו״ם) | DAAT,200 (fichier présent),oui,oui,
https://daattorah.com/yd/113/halakha/en,en,yoreh-deah,113,,,sources/yoreh-deah/siman-113/niveau-4-halakha-en.html,Siman 113 — Food Cooked by Non-Jews (בישולי עכו״ם) | DAAT,200 (fichier présent),oui,oui,
https://daattorah.com/yd/113/halakha/he,he,yoreh-deah,113,,,sources/yoreh-deah/siman-113/niveau-4-halakha-he.html,סימן קי״ג · רמה 4 — הלכה למעשה / פסק · דיני בישולי עכו״ם | DAAT,200 (fichier présent),oui,oui,
https://daattorah.com/yd/113/halakha,fr,yoreh-deah,113,,,sources/yoreh-deah/siman-113/niveau-4-halakha.html,Siman 113 — La cuisson des non-Juifs (בישולי עכו״ם) | DAAT,200 (fichier présent),oui,oui,
https://daattorah.com/yd/114/en,en,yoreh-deah,114,,Index,sources/yoreh-deah/siman-114/index-en.html,Siman 114 — Beer & Beverages of Non-Jews (שכר עכו״ם) | DAAT,200 (fichier présent),oui,oui,
https://daattorah.com/yd/114/he,he,yoreh-deah,114,,Index,sources/yoreh-deah/siman-114/index-he.html,סימן קי״ד — דין שכר ושאר משקין של עכו״ם | DAAT,200 (fichier présent),oui,oui,
https://daattorah.com/yd/114/,fr,yoreh-deah,114,,Index,sources/yoreh-deah/siman-114/index.html,Siman 114 — La bière des non-Juifs (שכר עכו״ם) | DAAT,200 (fichier présent),oui,oui,
https://daattorah.com/yd/114/base/en,en,yoreh-deah,114,,1-Base,sources/yoreh-deah/siman-114/niveau-1-base-en.html,Siman 114 — Beer & Beverages of Non-Jews (שכר עכו״ם) | DAAT,200 (fichier présent),oui,oui,
https://daattorah.com/yd/114/base/he,he,yoreh-deah,114,,1-Base,sources/yoreh-deah/siman-114/niveau-1-base-he.html,סימן קי״ד — דין שכר ושאר משקין של עכו״ם | DAAT,200 (fichier présent),oui,oui,
https://daattorah.com/yd/114/base,fr,yoreh-deah,114,,1-Base,sources/yoreh-deah/siman-114/niveau-1-base.html,Siman 114 — La bière des non-Juifs (שכר עכו״ם) | DAAT,200 (fichier présent),oui,oui,
https://daattorah.com/yd/114/lamdan,fr,yoreh-deah,114,,2-Lamdan,sources/yoreh-deah/siman-114/niveau-2-lamdan.html,Siman קי״ד · Niveau 2 Lamdan — שכר ושאר משקין של עכו״ם | DAAT,200 (fichier présent),oui,oui,
https://daattorah.com/yd/114/synthese/en,en,yoreh-deah,114,,3-Synthese,sources/yoreh-deah/siman-114/niveau-3-synthese-en.html,Siman 114 — Beer & Beverages of Non-Jews (שכר עכו״ם) | DAAT,200 (fichier présent),oui,oui,
https://daattorah.com/yd/114/synthese/he,he,yoreh-deah,114,,3-Synthese,sources/yoreh-deah/siman-114/niveau-3-synthese-he.html,סימן קי״ד — דין שכר ושאר משקין של עכו״ם | DAAT,200 (fichier présent),oui,oui,
https://daattorah.com/yd/114/synthese,fr,yoreh-deah,114,,3-Synthese,sources/yoreh-deah/siman-114/niveau-3-synthese.html,Siman 114 — La bière des non-Juifs (שכר עכו״ם) | DAAT,200 (fichier présent),oui,oui,
https://daattorah.com/yd/114/halakha/en,en,yoreh-deah,114,,,sources/yoreh-deah/siman-114/niveau-4-halakha-en.html,Siman קי״ד — Beer & Beverages of Non-Jews (שכר עכו״ם) | DAAT,200 (fichier présent),oui,oui,
https://daattorah.com/yd/114/halakha/he,he,yoreh-deah,114,,,sources/yoreh-deah/siman-114/niveau-4-halakha-he.html,סימן קי״ד — דין שכר ושאר משקין של עכו״ם | DAAT,200 (fichier présent),oui,oui,
https://daattorah.com/yd/114/halakha,fr,yoreh-deah,114,,,sources/yoreh-deah/siman-114/niveau-4-halakha.html,Siman 114 — La bière des non-Juifs (שכר עכו״ם) | DAAT,200 (fichier présent),oui,oui,
https://daattorah.com/yd/115/en,en,yoreh-deah,115,,Index,sources/yoreh-deah/siman-115/index-en.html,"Siman 115 — Milk, Cheese & Butter of Non-Jews | DAAT",200 (fichier présent),oui,oui,
https://daattorah.com/yd/115/he,he,yoreh-deah,115,,Index,sources/yoreh-deah/siman-115/index-he.html,סימן קט״ו — דין חלב וגבינה של עכו״ם | DAAT,200 (fichier présent),oui,oui,
https://daattorah.com/yd/115/,fr,yoreh-deah,115,,Index,sources/yoreh-deah/siman-115/index.html,Siman 115 — Le lait des non-Juifs (חלב עכו״ם) | DAAT,200 (fichier présent),oui,oui,
https://daattorah.com/yd/115/base/en,en,yoreh-deah,115,,1-Base,sources/yoreh-deah/siman-115/niveau-1-base-en.html,"Siman 115 — Milk, Cheese & Butter of Non-Jews (חלב עכו״ם) | DAAT",200 (fichier présent),oui,oui,
https://daattorah.com/yd/115/base/he,he,yoreh-deah,115,,1-Base,sources/yoreh-deah/siman-115/niveau-1-base-he.html,סימן קט״ו — דין חלב וגבינה של עכו״ם | DAAT,200 (fichier présent),oui,oui,
https://daattorah.com/yd/115/base,fr,yoreh-deah,115,,1-Base,sources/yoreh-deah/siman-115/niveau-1-base.html,Siman 115 — Le lait des non-Juifs (חלב עכו״ם) | DAAT,200 (fichier présent),oui,oui,
https://daattorah.com/yd/115/lamdan,fr,yoreh-deah,115,,2-Lamdan,sources/yoreh-deah/siman-115/niveau-2-lamdan.html,Siman קט״ו · Niveau 2 Lamdan — חלב וגבינה של עכו״ם | DAAT,200 (fichier présent),oui,oui,
https://daattorah.com/yd/115/synthese/en,en,yoreh-deah,115,,3-Synthese,sources/yoreh-deah/siman-115/niveau-3-synthese-en.html,"Siman 115 — Milk, Cheese & Butter of Non-Jews | DAAT",200 (fichier présent),oui,oui,
https://daattorah.com/yd/115/synthese/he,he,yoreh-deah,115,,3-Synthese,sources/yoreh-deah/siman-115/niveau-3-synthese-he.html,סימן קט״ו — דין חלב וגבינה של עכו״ם | DAAT,200 (fichier présent),oui,oui,
https://daattorah.com/yd/115/synthese,fr,yoreh-deah,115,,3-Synthese,sources/yoreh-deah/siman-115/niveau-3-synthese.html,Siman 115 — Le lait des non-Juifs (חלב עכו״ם) | DAAT,200 (fichier présent),oui,oui,
https://daattorah.com/yd/115/halakha/en,en,yoreh-deah,115,,,sources/yoreh-deah/siman-115/niveau-4-halakha-en.html,"Siman 115 — Milk, Cheese & Butter of Non-Jews | DAAT",200 (fichier présent),oui,oui,
https://daattorah.com/yd/115/halakha/he,he,yoreh-deah,115,,,sources/yoreh-deah/siman-115/niveau-4-halakha-he.html,סימן קט״ו — דין חלב וגבינה של עכו״ם | DAAT,200 (fichier présent),oui,oui,
https://daattorah.com/yd/115/halakha,fr,yoreh-deah,115,,,sources/yoreh-deah/siman-115/niveau-4-halakha.html,Siman 115 — Le lait des non-Juifs (חלב עכו״ם) | DAAT,200 (fichier présent),oui,oui,
https://daattorah.com/yd/116/en,en,yoreh-deah,116,,Index,sources/yoreh-deah/siman-116/index-en.html,Siman 116 — Prohibitions Due to Danger (סכנה) | DAAT,200 (fichier présent),oui,oui,
https://daattorah.com/yd/116/he,he,yoreh-deah,116,,Index,sources/yoreh-deah/siman-116/index-he.html,סימן קט״ז — דברים האסורים משום סכנה | DAAT,200 (fichier présent),oui,oui,
https://daattorah.com/yd/116/,fr,yoreh-deah,116,,Index,sources/yoreh-deah/siman-116/index.html,Siman 116 — Les interdits du danger (סכנה) | DAAT,200 (fichier présent),oui,oui,
https://daattorah.com/yd/116/base/en,en,yoreh-deah,116,,1-Base,sources/yoreh-deah/siman-116/niveau-1-base-en.html,Siman קט״ז · Level 1 Foundations — Prohibitions Due to Danger (סכנה) · Educational introduction | DAAT,200 (fichier présent),oui,oui,
https://daattorah.com/yd/116/base/he,he,yoreh-deah,116,,1-Base,sources/yoreh-deah/siman-116/niveau-1-base-he.html,סימן קט״ז · רמה 1 בסיס — דברים האסורים משום סכנה · מבוא לימודי | DAAT,200 (fichier présent),oui,oui,
https://daattorah.com/yd/116/base,fr,yoreh-deah,116,,1-Base,sources/yoreh-deah/siman-116/niveau-1-base.html,Siman קט״ז · Niveau 1 Base — Les interdits liés au danger (סכנה) · Initiation pédagogique | DAAT,200 (fichier présent),oui,oui,
https://daattorah.com/yd/116/lamdan,fr,yoreh-deah,116,,2-Lamdan,sources/yoreh-deah/siman-116/niveau-2-lamdan.html,Siman קט״ז · Niveau 2 Lamdan — Pilpoul approfondi | DAAT,200 (fichier présent),oui,oui,
https://daattorah.com/yd/116/synthese/en,en,yoreh-deah,116,,3-Synthese,sources/yoreh-deah/siman-116/niveau-3-synthese-en.html,Siman קט״ז — Prohibitions Due to Danger (סכנה) | DAAT,200 (fichier présent),oui,oui,
https://daattorah.com/yd/116/synthese/he,he,yoreh-deah,116,,3-Synthese,sources/yoreh-deah/siman-116/niveau-3-synthese-he.html,סימן קט״ז — דברים האסורים משום סכנה | DAAT,200 (fichier présent),oui,oui,
https://daattorah.com/yd/116/synthese,fr,yoreh-deah,116,,3-Synthese,sources/yoreh-deah/siman-116/niveau-3-synthese.html,Siman קט״ז — Les interdits du danger (סכנה) | DAAT,200 (fichier présent),oui,oui,
https://daattorah.com/yd/116/halakha/en,en,yoreh-deah,116,,,sources/yoreh-deah/siman-116/niveau-4-halakha-en.html,Siman קט״ז · Level 4 — Halakha le-ma'asse / Psak · דברים האסורים משום סכנה | DAAT,200 (fichier présent),oui,oui,
https://daattorah.com/yd/116/halakha/he,he,yoreh-deah,116,,,sources/yoreh-deah/siman-116/niveau-4-halakha-he.html,סימן קט״ז · רמה 4 — הלכה למעשה / פסק · דברים האסורים משום סכנה | DAAT,200 (fichier présent),oui,oui,
https://daattorah.com/yd/116/halakha,fr,yoreh-deah,116,,,sources/yoreh-deah/siman-116/niveau-4-halakha.html,Siman קט״ז · Niveau 4 — Halakha lema'asse / Psak · דברים האסורים משום סכנה | DAAT,200 (fichier présent),oui,oui,
https://daattorah.com/yd/117/en,en,yoreh-deah,117,,Index,sources/yoreh-deah/siman-117/index-en.html,Siman 117 — Trading in Forbidden Food (סחורה) | DAAT,200 (fichier présent),oui,oui,
https://daattorah.com/yd/117/he,he,yoreh-deah,117,,Index,sources/yoreh-deah/siman-117/index-he.html,סימן קי״ז — שלא לעשות סחורה מדבר איסור | DAAT,200 (fichier présent),oui,oui,
https://daattorah.com/yd/117/,fr,yoreh-deah,117,,Index,sources/yoreh-deah/siman-117/index.html,Siman 117 — Commerce d'un aliment interdit (סחורה) | DAAT,200 (fichier présent),oui,oui,
https://daattorah.com/yd/117/base/en,en,yoreh-deah,117,,1-Base,sources/yoreh-deah/siman-117/niveau-1-base-en.html,Siman 117 — Trading in Forbidden Food (סחורה) | DAAT,200 (fichier présent),oui,oui,
https://daattorah.com/yd/117/base/he,he,yoreh-deah,117,,1-Base,sources/yoreh-deah/siman-117/niveau-1-base-he.html,סימן קי״ז — שלא לעשות סחורה מדבר איסור | DAAT,200 (fichier présent),oui,oui,
https://daattorah.com/yd/117/base,fr,yoreh-deah,117,,1-Base,sources/yoreh-deah/siman-117/niveau-1-base.html,Siman 117 — Commerce d'un aliment interdit (סחורה) | DAAT,200 (fichier présent),oui,oui,
https://daattorah.com/yd/117/lamdan,fr,yoreh-deah,117,,2-Lamdan,sources/yoreh-deah/siman-117/niveau-2-lamdan.html,Siman קי״ז · Lamdan — סחורה בדבר איסור | DAAT,200 (fichier présent),oui,oui,
https://daattorah.com/yd/117/synthese/en,en,yoreh-deah,117,,3-Synthese,sources/yoreh-deah/siman-117/niveau-3-synthese-en.html,Siman קי״ז — Trading in Forbidden Food (סחורה) | DAAT,200 (fichier présent),oui,oui,
https://daattorah.com/yd/117/synthese/he,he,yoreh-deah,117,,3-Synthese,sources/yoreh-deah/siman-117/niveau-3-synthese-he.html,סימן קי״ז — שלא לעשות סחורה מדבר איסור | DAAT,200 (fichier présent),oui,oui,
https://daattorah.com/yd/117/synthese,fr,yoreh-deah,117,,3-Synthese,sources/yoreh-deah/siman-117/niveau-3-synthese.html,Siman קי״ז — Commerce d'un aliment interdit (סחורה) | DAAT,200 (fichier présent),oui,oui,
https://daattorah.com/yd/117/halakha/en,en,yoreh-deah,117,,,sources/yoreh-deah/siman-117/niveau-4-halakha-en.html,Siman 117 — Trading in Forbidden Food (סחורה) | DAAT,200 (fichier présent),oui,oui,
https://daattorah.com/yd/117/halakha/he,he,yoreh-deah,117,,,sources/yoreh-deah/siman-117/niveau-4-halakha-he.html,סימן קי״ז — שלא לעשות סחורה מדבר איסור | DAAT,200 (fichier présent),oui,oui,
https://daattorah.com/yd/117/halakha,fr,yoreh-deah,117,,,sources/yoreh-deah/siman-117/niveau-4-halakha.html,Siman 117 — Commerce d'un aliment interdit (סחורה) | DAAT,200 (fichier présent),oui,oui,
https://daattorah.com/yd/118/en,en,yoreh-deah,118,,Index,sources/yoreh-deah/siman-118/index-en.html,Siman 118 — Food Entrusted via a Non-Jew (חותמות) | DAAT,200 (fichier présent),oui,oui,
https://daattorah.com/yd/118/he,he,yoreh-deah,118,,Index,sources/yoreh-deah/siman-118/index-he.html,סימן קי״ח — חותמות בדבר הנשלח ביד עכו״ם | DAAT,200 (fichier présent),oui,oui,
https://daattorah.com/yd/118/,fr,yoreh-deah,118,,Index,sources/yoreh-deah/siman-118/index.html,Siman 118 — Aliments confiés à un non-Juif (חותמות) | DAAT,200 (fichier présent),oui,oui,
https://daattorah.com/yd/118/base/en,en,yoreh-deah,118,,1-Base,sources/yoreh-deah/siman-118/niveau-1-base-en.html,Siman קי״ח · Level 1 Foundations — Food Entrusted via a Non-Jew (חותמות) | DAAT,200 (fichier présent),oui,oui,
https://daattorah.com/yd/118/base/he,he,yoreh-deah,118,,1-Base,sources/yoreh-deah/siman-118/niveau-1-base-he.html,סימן קי״ח — חותמות בדבר הנשלח ביד עכו״ם | DAAT,200 (fichier présent),oui,oui,
https://daattorah.com/yd/118/base,fr,yoreh-deah,118,,1-Base,sources/yoreh-deah/siman-118/niveau-1-base.html,Siman קי״ח · Niveau 1 Base — Aliments confiés à un non-Juif (חותמות) | DAAT,200 (fichier présent),oui,oui,
https://daattorah.com/yd/118/lamdan,fr,yoreh-deah,118,,2-Lamdan,sources/yoreh-deah/siman-118/niveau-2-lamdan.html,Siman קי״ח · Lamdan — חותמות וסימנים ביד עכו״ם | DAAT,200 (fichier présent),oui,oui,
https://daattorah.com/yd/118/synthese/en,en,yoreh-deah,118,,3-Synthese,sources/yoreh-deah/siman-118/niveau-3-synthese-en.html,Siman 118 — Food Entrusted via a Non-Jew (חותמות) | DAAT,200 (fichier présent),oui,oui,
https://daattorah.com/yd/118/synthese/he,he,yoreh-deah,118,,3-Synthese,sources/yoreh-deah/siman-118/niveau-3-synthese-he.html,סימן קי״ח — חותמות בדבר הנשלח ביד עכו״ם | DAAT,200 (fichier présent),oui,oui,
https://daattorah.com/yd/118/synthese,fr,yoreh-deah,118,,3-Synthese,sources/yoreh-deah/siman-118/niveau-3-synthese.html,Siman 118 — Aliments confiés à un non-Juif | DAAT,200 (fichier présent),oui,oui,
https://daattorah.com/yd/118/halakha/en,en,yoreh-deah,118,,,sources/yoreh-deah/siman-118/niveau-4-halakha-en.html,Siman 118 — Food Entrusted via a Non-Jew (חותמות) | DAAT,200 (fichier présent),oui,oui,
https://daattorah.com/yd/118/halakha/he,he,yoreh-deah,118,,,sources/yoreh-deah/siman-118/niveau-4-halakha-he.html,סימן קי״ח — חותמות בדבר הנשלח ביד עכו״ם | DAAT,200 (fichier présent),oui,oui,
https://daattorah.com/yd/118/halakha,fr,yoreh-deah,118,,,sources/yoreh-deah/siman-118/niveau-4-halakha.html,Siman 118 — Aliments confiés à un non-Juif (חותמות) | DAAT,200 (fichier présent),oui,oui,
https://daattorah.com/yd/183/en,en,yoreh-deah,183,,Index,sources/yoreh-deah/siman-183/index-en.html,Siman 183 — Foundation of Niddah (Seven Clean Days) | DAAT,200 (fichier présent),oui,oui,
https://daattorah.com/yd/183/he,he,yoreh-deah,183,,Index,sources/yoreh-deah/siman-183/index-he.html,סימן קפ״ג — יסוד דין הנדה ושבעה נקיים | DAAT,200 (fichier présent),oui,oui,
https://daattorah.com/yd/183/,fr,yoreh-deah,183,,Index,sources/yoreh-deah/siman-183/index.html,Siman 183 — Le fondement de la Nidah (ז׳ נקיים) | DAAT,200 (fichier présent),oui,oui,
https://daattorah.com/yd/183/base/en,en,yoreh-deah,183,,1-Base,sources/yoreh-deah/siman-183/niveau-1-base-en.html,Siman 183 — Foundation of Niddah (Seven Clean Days) | DAAT,200 (fichier présent),oui,oui,
https://daattorah.com/yd/183/base/he,he,yoreh-deah,183,,1-Base,sources/yoreh-deah/siman-183/niveau-1-base-he.html,סימן קפ״ג — יסוד דין הנדה ושבעה נקיים | DAAT,200 (fichier présent),oui,oui,
https://daattorah.com/yd/183/base,fr,yoreh-deah,183,,1-Base,sources/yoreh-deah/siman-183/niveau-1-base.html,Siman 183 — Le fondement de la Nidah (ז׳ נקיים) | DAAT,200 (fichier présent),oui,oui,
https://daattorah.com/yd/183/lamdan,fr,yoreh-deah,183,,2-Lamdan,sources/yoreh-deah/siman-183/niveau-2-lamdan.html,Siman קפ״ג · Lamdan — יסוד דין הנדה והרגשה ועקירה | DAAT,200 (fichier présent),oui,oui,
https://daattorah.com/yd/183/synthese/en,en,yoreh-deah,183,,3-Synthese,sources/yoreh-deah/siman-183/niveau-3-synthese-en.html,Siman 183 — Foundation of Niddah (Seven Clean Days) | DAAT,200 (fichier présent),oui,oui,
https://daattorah.com/yd/183/synthese/he,he,yoreh-deah,183,,3-Synthese,sources/yoreh-deah/siman-183/niveau-3-synthese-he.html,סימן קפ״ג — יסוד דין הנדה ושבעה נקיים | DAAT,200 (fichier présent),oui,oui,
https://daattorah.com/yd/183/synthese,fr,yoreh-deah,183,,3-Synthese,sources/yoreh-deah/siman-183/niveau-3-synthese.html,Siman 183 — Le fondement de la Nidda (ז׳ נקיים) | DAAT,200 (fichier présent),oui,oui,
https://daattorah.com/yd/183/halakha/en,en,yoreh-deah,183,,,sources/yoreh-deah/siman-183/niveau-4-halakha-en.html,Siman 183 — Foundation of Niddah (Seven Clean Days) | DAAT,200 (fichier présent),oui,oui,
https://daattorah.com/yd/183/halakha/he,he,yoreh-deah,183,,,sources/yoreh-deah/siman-183/niveau-4-halakha-he.html,סימן קפ״ג — יסוד דין הנדה ושבעה נקיים | DAAT,200 (fichier présent),oui,oui,
https://daattorah.com/yd/183/halakha,fr,yoreh-deah,183,,,sources/yoreh-deah/siman-183/niveau-4-halakha.html,Siman 183 — Le fondement de la Nidah (ז׳ נקיים) | DAAT,200 (fichier présent),oui,oui,
https://daattorah.com/yd/184/en,en,yoreh-deah,184,,Index,sources/yoreh-deah/siman-184/index-en.html,Siman 184 — Separating Before the Period (Vesatot) | DAAT,200 (fichier présent),oui,oui,
https://daattorah.com/yd/184/he,he,yoreh-deah,184,,Index,sources/yoreh-deah/siman-184/index-he.html,סימן קפ״ד — פרישה סמוך לווסת | DAAT,200 (fichier présent),oui,oui,
https://daattorah.com/yd/184/,fr,yoreh-deah,184,,Index,sources/yoreh-deah/siman-184/index.html,Siman 184 — Perisha avant la période (וסתות) | DAAT,200 (fichier présent),oui,oui,
https://daattorah.com/yd/184/base/en,en,yoreh-deah,184,,1-Base,sources/yoreh-deah/siman-184/niveau-1-base-en.html,Siman קפ״ד — Separating Before the Period (Vesatot) | DAAT,200 (fichier présent),oui,oui,
https://daattorah.com/yd/184/base/he,he,yoreh-deah,184,,1-Base,sources/yoreh-deah/siman-184/niveau-1-base-he.html,סימן קפ״ד — פרישה סמוך לווסת | DAAT,200 (fichier présent),oui,oui,
https://daattorah.com/yd/184/base,fr,yoreh-deah,184,,1-Base,sources/yoreh-deah/siman-184/niveau-1-base.html,Siman קפ״ד — Perisha avant la période (וסתות) | DAAT,200 (fichier présent),oui,oui,
https://daattorah.com/yd/184/lamdan,fr,yoreh-deah,184,,2-Lamdan,sources/yoreh-deah/siman-184/niveau-2-lamdan.html,"Siman קפ״ד · Lamdan — וסתות דרבנן או דאורייתא, פרישה ועונה | DAAT",200 (fichier présent),oui,oui,
https://daattorah.com/yd/184/synthese/en,en,yoreh-deah,184,,3-Synthese,sources/yoreh-deah/siman-184/niveau-3-synthese-en.html,Siman 184 — Separating Before the Period (Vesatot) | DAAT,200 (fichier présent),oui,oui,
https://daattorah.com/yd/184/synthese/he,he,yoreh-deah,184,,3-Synthese,sources/yoreh-deah/siman-184/niveau-3-synthese-he.html,סימן קפ״ד — פרישה סמוך לווסת | DAAT,200 (fichier présent),oui,oui,
https://daattorah.com/yd/184/synthese,fr,yoreh-deah,184,,3-Synthese,sources/yoreh-deah/siman-184/niveau-3-synthese.html,Siman 184 — Perisha avant la période (וסתות) | DAAT,200 (fichier présent),oui,oui,
https://daattorah.com/yd/184/halakha/en,en,yoreh-deah,184,,,sources/yoreh-deah/siman-184/niveau-4-halakha-en.html,Siman 184 — Separating Before the Period (Vesatot) | DAAT,200 (fichier présent),oui,oui,
https://daattorah.com/yd/184/halakha/he,he,yoreh-deah,184,,,sources/yoreh-deah/siman-184/niveau-4-halakha-he.html,סימן קפ״ד — פרישה סמוך לווסת | DAAT,200 (fichier présent),oui,oui,
https://daattorah.com/yd/184/halakha,fr,yoreh-deah,184,,,sources/yoreh-deah/siman-184/niveau-4-halakha.html,Siman 184 — Perisha avant la période (וסתות) | DAAT,200 (fichier présent),oui,oui,
https://daattorah.com/yd/185/en,en,yoreh-deah,185,,Index,sources/yoreh-deah/siman-185/index-en.html,Siman 185 — The Woman's Word (Ne'emanut) | DAAT,200 (fichier présent),oui,oui,
https://daattorah.com/yd/185/he,he,yoreh-deah,185,,Index,sources/yoreh-deah/siman-185/index-he.html,סימן קפ״ה — נאמנות האשה ואמתלא | DAAT,200 (fichier présent),oui,oui,
https://daattorah.com/yd/185/,fr,yoreh-deah,185,,Index,sources/yoreh-deah/siman-185/index.html,Siman 185 — La parole de la femme (נאמנות) | DAAT,200 (fichier présent),oui,oui,
https://daattorah.com/yd/185/base/en,en,yoreh-deah,185,,1-Base,sources/yoreh-deah/siman-185/niveau-1-base-en.html,Siman 185 — The Woman's Word (Ne'emanut) | DAAT,200 (fichier présent),oui,oui,
https://daattorah.com/yd/185/base/he,he,yoreh-deah,185,,1-Base,sources/yoreh-deah/siman-185/niveau-1-base-he.html,סימן קפ״ה — נאמנות האשה ואמתלא | DAAT,200 (fichier présent),oui,oui,
https://daattorah.com/yd/185/base,fr,yoreh-deah,185,,1-Base,sources/yoreh-deah/siman-185/niveau-1-base.html,Siman 185 — La parole de la femme (נאמנות) | DAAT,200 (fichier présent),oui,oui,
https://daattorah.com/yd/185/lamdan,fr,yoreh-deah,185,,2-Lamdan,sources/yoreh-deah/siman-185/niveau-2-lamdan.html,"Siman קפ״ה · Lamdan — נאמנות האשה, אמתלא ויציאתו הנאה לו | DAAT",200 (fichier présent),oui,oui,
https://daattorah.com/yd/185/synthese/en,en,yoreh-deah,185,,3-Synthese,sources/yoreh-deah/siman-185/niveau-3-synthese-en.html,Siman 185 — The Woman's Word (Ne'emanut) | DAAT,200 (fichier présent),oui,oui,
https://daattorah.com/yd/185/synthese/he,he,yoreh-deah,185,,3-Synthese,sources/yoreh-deah/siman-185/niveau-3-synthese-he.html,סימן קפ״ה — נאמנות האשה ואמתלא | DAAT,200 (fichier présent),oui,oui,
https://daattorah.com/yd/185/synthese,fr,yoreh-deah,185,,3-Synthese,sources/yoreh-deah/siman-185/niveau-3-synthese.html,Siman 185 — La parole de la femme (נאמנות) | DAAT,200 (fichier présent),oui,oui,
https://daattorah.com/yd/185/halakha/en,en,yoreh-deah,185,,,sources/yoreh-deah/siman-185/niveau-4-halakha-en.html,Siman 185 — The Woman's Word (Ne'emanut) | DAAT,200 (fichier présent),oui,oui,
https://daattorah.com/yd/185/halakha/he,he,yoreh-deah,185,,,sources/yoreh-deah/siman-185/niveau-4-halakha-he.html,סימן קפ״ה — נאמנות האשה ואמתלא | DAAT,200 (fichier présent),oui,oui,
https://daattorah.com/yd/185/halakha,fr,yoreh-deah,185,,,sources/yoreh-deah/siman-185/niveau-4-halakha.html,Siman 185 — La parole de la femme (נאמנות) | DAAT,200 (fichier présent),oui,oui,
https://daattorah.com/yd/186/en,en,yoreh-deah,186,,Index,sources/yoreh-deah/siman-186/index-en.html,Siman 186 — Bedikot Before and After Relations | DAAT,200 (fichier présent),oui,oui,
https://daattorah.com/yd/186/he,he,yoreh-deah,186,,Index,sources/yoreh-deah/siman-186/index-he.html,סימן קפ״ו — בדיקת האשה לפני ולאחר תשמיש | DAAT,200 (fichier présent),oui,oui,
https://daattorah.com/yd/186/,fr,yoreh-deah,186,,Index,sources/yoreh-deah/siman-186/index.html,Siman 186 — Bedikot avant/après le rapport (וסת) | DAAT,200 (fichier présent),oui,oui,
https://daattorah.com/yd/186/base/en,en,yoreh-deah,186,,1-Base,sources/yoreh-deah/siman-186/niveau-1-base-en.html,Siman 186 — Bedikot Before and After Relations | DAAT,200 (fichier présent),oui,oui,
https://daattorah.com/yd/186/base/he,he,yoreh-deah,186,,1-Base,sources/yoreh-deah/siman-186/niveau-1-base-he.html,סימן קפ״ו — בדיקת האשה לפני ולאחר תשמיש | DAAT,200 (fichier présent),oui,oui,
https://daattorah.com/yd/186/base,fr,yoreh-deah,186,,1-Base,sources/yoreh-deah/siman-186/niveau-1-base.html,Siman 186 — Bedikot avant/après le rapport (וסת) | DAAT,200 (fichier présent),oui,oui,
https://daattorah.com/yd/186/lamdan,fr,yoreh-deah,186,,2-Lamdan,sources/yoreh-deah/siman-186/niveau-2-lamdan.html,Siman קפ״ו · Lamdan — בדיקת האשה לפני תשמיש ולאחריו | DAAT,200 (fichier présent),oui,oui,
https://daattorah.com/yd/186/synthese/en,en,yoreh-deah,186,,3-Synthese,sources/yoreh-deah/siman-186/niveau-3-synthese-en.html,Siman 186 — Bedikot Before and After Relations | DAAT,200 (fichier présent),oui,oui,
https://daattorah.com/yd/186/synthese/he,he,yoreh-deah,186,,3-Synthese,sources/yoreh-deah/siman-186/niveau-3-synthese-he.html,סימן קפ״ו — בדיקת האשה לפני ולאחר תשמיש | DAAT,200 (fichier présent),oui,oui,
https://daattorah.com/yd/186/synthese,fr,yoreh-deah,186,,3-Synthese,sources/yoreh-deah/siman-186/niveau-3-synthese.html,Siman 186 — Bedikot avant/après le rapport (וסת) | DAAT,200 (fichier présent),oui,oui,
https://daattorah.com/yd/186/halakha/en,en,yoreh-deah,186,,,sources/yoreh-deah/siman-186/niveau-4-halakha-en.html,Siman 186 — Bedikot Before and After Relations | DAAT,200 (fichier présent),oui,oui,
https://daattorah.com/yd/186/halakha/he,he,yoreh-deah,186,,,sources/yoreh-deah/siman-186/niveau-4-halakha-he.html,סימן קפ״ו — בדיקת האשה לפני ולאחר תשמיש | DAAT,200 (fichier présent),oui,oui,
https://daattorah.com/yd/186/halakha,fr,yoreh-deah,186,,,sources/yoreh-deah/siman-186/niveau-4-halakha.html,Siman 186 — Bedikot avant/après le rapport (וסת) | DAAT,200 (fichier présent),oui,oui,
https://daattorah.com/yd/187/en,en,yoreh-deah,187,,Index,sources/yoreh-deah/siman-187/index-en.html,Siman 187 — Bleeding From Relations | DAAT,200 (fichier présent),oui,oui,
https://daattorah.com/yd/187/he,he,yoreh-deah,187,,Index,sources/yoreh-deah/siman-187/index-he.html,סימן קפ״ז — דין רואה מחמת תשמיש | DAAT,200 (fichier présent),oui,oui,
https://daattorah.com/yd/187/,fr,yoreh-deah,187,,Index,sources/yoreh-deah/siman-187/index.html,Siman 187 — Saignement lors du rapport (רמ״ת) | DAAT,200 (fichier présent),oui,oui,
https://daattorah.com/yd/187/base/en,en,yoreh-deah,187,,1-Base,sources/yoreh-deah/siman-187/niveau-1-base-en.html,Siman 187 — Bleeding From Relations | DAAT,200 (fichier présent),oui,oui,
https://daattorah.com/yd/187/base/he,he,yoreh-deah,187,,1-Base,sources/yoreh-deah/siman-187/niveau-1-base-he.html,סימן קפ״ז — דין רואה מחמת תשמיש | DAAT,200 (fichier présent),oui,oui,
https://daattorah.com/yd/187/base,fr,yoreh-deah,187,,1-Base,sources/yoreh-deah/siman-187/niveau-1-base.html,Siman 187 — Saignement lors du rapport (רמ״ת) | DAAT,200 (fichier présent),oui,oui,
https://daattorah.com/yd/187/lamdan,fr,yoreh-deah,187,,2-Lamdan,sources/yoreh-deah/siman-187/niveau-2-lamdan.html,Siman קפ״ז · Lamdan — רואה מחמת תשמיש : מקור או מכה | DAAT,200 (fichier présent),oui,oui,
https://daattorah.com/yd/187/synthese/en,en,yoreh-deah,187,,3-Synthese,sources/yoreh-deah/siman-187/niveau-3-synthese-en.html,Siman 187 — Bleeding From Relations | DAAT,200 (fichier présent),oui,oui,
https://daattorah.com/yd/187/synthese/he,he,yoreh-deah,187,,3-Synthese,sources/yoreh-deah/siman-187/niveau-3-synthese-he.html,סימן קפ״ז — דין רואה מחמת תשמיש | DAAT,200 (fichier présent),oui,oui,
https://daattorah.com/yd/187/synthese,fr,yoreh-deah,187,,3-Synthese,sources/yoreh-deah/siman-187/niveau-3-synthese.html,Siman 187 — Saignement lors du rapport (רמ״ת) | DAAT,200 (fichier présent),oui,oui,
https://daattorah.com/yd/187/halakha/en,en,yoreh-deah,187,,,sources/yoreh-deah/siman-187/niveau-4-halakha-en.html,Siman 187 — Bleeding From Relations | DAAT,200 (fichier présent),oui,oui,
https://daattorah.com/yd/187/halakha/he,he,yoreh-deah,187,,,sources/yoreh-deah/siman-187/niveau-4-halakha-he.html,סימן קפ״ז — דין רואה מחמת תשמיש | DAAT,200 (fichier présent),oui,oui,
https://daattorah.com/yd/187/halakha,fr,yoreh-deah,187,,,sources/yoreh-deah/siman-187/niveau-4-halakha.html,Siman 187 — Saignement lors du rapport (רמ״ת) | DAAT,200 (fichier présent),oui,oui,
https://daattorah.com/yd/188/en,en,yoreh-deah,188,,Index,sources/yoreh-deah/siman-188/index-en.html,Siman 188 — The Colors of Niddah Blood | DAAT,200 (fichier présent),oui,oui,
https://daattorah.com/yd/188/he,he,yoreh-deah,188,,Index,sources/yoreh-deah/siman-188/index-he.html,סימן קפ״ח — מראות הדם הטמאים והטהורים | DAAT,200 (fichier présent),oui,oui,
https://daattorah.com/yd/188/,fr,yoreh-deah,188,,Index,sources/yoreh-deah/siman-188/index.html,Siman 188 — Les couleurs de sang (מראות) | DAAT,200 (fichier présent),oui,oui,
https://daattorah.com/yd/188/base/en,en,yoreh-deah,188,,1-Base,sources/yoreh-deah/siman-188/niveau-1-base-en.html,Siman 188 — The Colors of Niddah Blood | DAAT,200 (fichier présent),oui,oui,
https://daattorah.com/yd/188/base/he,he,yoreh-deah,188,,1-Base,sources/yoreh-deah/siman-188/niveau-1-base-he.html,סימן קפ״ח — מראות הדם הטמאים והטהורים | DAAT,200 (fichier présent),oui,oui,
https://daattorah.com/yd/188/base,fr,yoreh-deah,188,,1-Base,sources/yoreh-deah/siman-188/niveau-1-base.html,Siman 188 — Les couleurs de sang (מראות) | DAAT,200 (fichier présent),oui,oui,
https://daattorah.com/yd/188/lamdan,fr,yoreh-deah,188,,2-Lamdan,sources/yoreh-deah/siman-188/niveau-2-lamdan.html,Siman קפ״ח · Lamdan — מראות הדם : ה' מראות וגזרת חכמים | DAAT,200 (fichier présent),oui,oui,
https://daattorah.com/yd/188/synthese/en,en,yoreh-deah,188,,3-Synthese,sources/yoreh-deah/siman-188/niveau-3-synthese-en.html,Siman 188 — The Colors of Niddah Blood | DAAT,200 (fichier présent),oui,oui,
https://daattorah.com/yd/188/synthese/he,he,yoreh-deah,188,,3-Synthese,sources/yoreh-deah/siman-188/niveau-3-synthese-he.html,סימן קפ״ח — מראות הדם הטמאים והטהורים | DAAT,200 (fichier présent),oui,oui,
https://daattorah.com/yd/188/synthese,fr,yoreh-deah,188,,3-Synthese,sources/yoreh-deah/siman-188/niveau-3-synthese.html,Siman 188 — Les couleurs de sang (מראות) | DAAT,200 (fichier présent),oui,oui,
https://daattorah.com/yd/188/halakha/en,en,yoreh-deah,188,,,sources/yoreh-deah/siman-188/niveau-4-halakha-en.html,Siman 188 — The Colors of Niddah Blood | DAAT,200 (fichier présent),oui,oui,
https://daattorah.com/yd/188/halakha/he,he,yoreh-deah,188,,,sources/yoreh-deah/siman-188/niveau-4-halakha-he.html,סימן קפ״ח — מראות הדם הטמאים והטהורים | DAAT,200 (fichier présent),oui,oui,
https://daattorah.com/yd/188/halakha,fr,yoreh-deah,188,,,sources/yoreh-deah/siman-188/niveau-4-halakha.html,Siman 188 — Les couleurs de sang (מראות) | DAAT,200 (fichier présent),oui,oui,
https://daattorah.com/yd/189/en,en,yoreh-deah,189,,Index,sources/yoreh-deah/siman-189/index-en.html,Siman 189 — The Menstrual Vesatot | DAAT,200 (fichier présent),oui,oui,
https://daattorah.com/yd/189/he,he,yoreh-deah,189,,Index,sources/yoreh-deah/siman-189/index-he.html,סימן קפ״ט — דיני הווסתות | DAAT,200 (fichier présent),oui,oui,
https://daattorah.com/yd/189/,fr,yoreh-deah,189,,Index,sources/yoreh-deah/siman-189/index.html,Siman 189 — Les périodes menstruelles (וסתות) | DAAT,200 (fichier présent),oui,oui,
https://daattorah.com/yd/189/base/en,en,yoreh-deah,189,,1-Base,sources/yoreh-deah/siman-189/niveau-1-base-en.html,Siman 189 — The Menstrual Vesatot | DAAT,200 (fichier présent),oui,oui,
https://daattorah.com/yd/189/base/he,he,yoreh-deah,189,,1-Base,sources/yoreh-deah/siman-189/niveau-1-base-he.html,סימן קפ״ט — דיני הווסתות | DAAT,200 (fichier présent),oui,oui,
https://daattorah.com/yd/189/base,fr,yoreh-deah,189,,1-Base,sources/yoreh-deah/siman-189/niveau-1-base.html,Siman 189 — Les périodes menstruelles (וסתות) | DAAT,200 (fichier présent),oui,oui,
https://daattorah.com/yd/189/lamdan,fr,yoreh-deah,189,,2-Lamdan,sources/yoreh-deah/siman-189/niveau-2-lamdan.html,"Siman קפ״ט · Lamdan — דיני וסתות, קבוע ושאינו קבוע | DAAT",200 (fichier présent),oui,oui,
https://daattorah.com/yd/189/synthese/en,en,yoreh-deah,189,,3-Synthese,sources/yoreh-deah/siman-189/niveau-3-synthese-en.html,Siman 189 — The Menstrual Vesatot | DAAT,200 (fichier présent),oui,oui,
https://daattorah.com/yd/189/synthese/he,he,yoreh-deah,189,,3-Synthese,sources/yoreh-deah/siman-189/niveau-3-synthese-he.html,סימן קפ״ט — דיני הווסתות | DAAT,200 (fichier présent),oui,oui,
https://daattorah.com/yd/189/synthese,fr,yoreh-deah,189,,3-Synthese,sources/yoreh-deah/siman-189/niveau-3-synthese.html,Siman 189 — Les périodes menstruelles (וסתות) | DAAT,200 (fichier présent),oui,oui,
https://daattorah.com/yd/189/halakha/en,en,yoreh-deah,189,,,sources/yoreh-deah/siman-189/niveau-4-halakha-en.html,Siman 189 — The Menstrual Vesatot | DAAT,200 (fichier présent),oui,oui,
https://daattorah.com/yd/189/halakha/he,he,yoreh-deah,189,,,sources/yoreh-deah/siman-189/niveau-4-halakha-he.html,סימן קפ״ט — דיני הווסתות | DAAT,200 (fichier présent),oui,oui,
https://daattorah.com/yd/189/halakha,fr,yoreh-deah,189,,,sources/yoreh-deah/siman-189/niveau-4-halakha.html,Siman 189 — Les périodes menstruelles (וסתות) | DAAT,200 (fichier présent),oui,oui,
https://daattorah.com/yd/190/en,en,yoreh-deah,190,,Index,sources/yoreh-deah/siman-190/index-en.html,Siman 190 — The Laws of Stains (Ketamim) | DAAT,200 (fichier présent),oui,oui,
https://daattorah.com/yd/190/he,he,yoreh-deah,190,,Index,sources/yoreh-deah/siman-190/index-he.html,סימן ק״צ — דיני הכתמים ובדיקת האשה | DAAT,200 (fichier présent),oui,oui,
https://daattorah.com/yd/190/,fr,yoreh-deah,190,,Index,sources/yoreh-deah/siman-190/index.html,Siman 190 — Les taches (כתמים) | DAAT,200 (fichier présent),oui,oui,
https://daattorah.com/yd/190/base/en,en,yoreh-deah,190,,1-Base,sources/yoreh-deah/siman-190/niveau-1-base-en.html,Siman 190 — The Laws of Stains (Ketamim) | DAAT,200 (fichier présent),oui,oui,
https://daattorah.com/yd/190/base/he,he,yoreh-deah,190,,1-Base,sources/yoreh-deah/siman-190/niveau-1-base-he.html,סימן ק״צ — דיני הכתמים ובדיקת האשה | DAAT,200 (fichier présent),oui,oui,
https://daattorah.com/yd/190/base,fr,yoreh-deah,190,,1-Base,sources/yoreh-deah/siman-190/niveau-1-base.html,Siman 190 — Les taches (כתמים) | DAAT,200 (fichier présent),oui,oui,
https://daattorah.com/yd/190/lamdan,fr,yoreh-deah,190,,2-Lamdan,sources/yoreh-deah/siman-190/niveau-2-lamdan.html,Siman ק״צ · Lamdan — דיני הכתמים | DAAT,200 (fichier présent),oui,oui,
https://daattorah.com/yd/190/synthese/en,en,yoreh-deah,190,,3-Synthese,sources/yoreh-deah/siman-190/niveau-3-synthese-en.html,Siman 190 — The Laws of Stains (Ketamim) | DAAT,200 (fichier présent),oui,oui,
https://daattorah.com/yd/190/synthese/he,he,yoreh-deah,190,,3-Synthese,sources/yoreh-deah/siman-190/niveau-3-synthese-he.html,סימן ק״צ — דיני הכתמים ובדיקת האשה | DAAT,200 (fichier présent),oui,oui,
https://daattorah.com/yd/190/synthese,fr,yoreh-deah,190,,3-Synthese,sources/yoreh-deah/siman-190/niveau-3-synthese.html,Siman 190 — Les taches (כתמים) | DAAT,200 (fichier présent),oui,oui,
https://daattorah.com/yd/190/halakha/en,en,yoreh-deah,190,,,sources/yoreh-deah/siman-190/niveau-4-halakha-en.html,Siman 190 — The Laws of Stains (Ketamim) | DAAT,200 (fichier présent),oui,oui,
https://daattorah.com/yd/190/halakha/he,he,yoreh-deah,190,,,sources/yoreh-deah/siman-190/niveau-4-halakha-he.html,סימן ק״צ — דיני הכתמים ובדיקת האשה | DAAT,200 (fichier présent),oui,oui,
https://daattorah.com/yd/190/halakha,fr,yoreh-deah,190,,,sources/yoreh-deah/siman-190/niveau-4-halakha.html,Siman 190 — Les taches (כתמים) | DAAT,200 (fichier présent),oui,oui,
https://daattorah.com/yd/191/en,en,yoreh-deah,191,,Index,sources/yoreh-deah/siman-191/index-en.html,Siman 191 — Blood Found While Urinating | DAAT,200 (fichier présent),oui,oui,
https://daattorah.com/yd/191/he,he,yoreh-deah,191,,Index,sources/yoreh-deah/siman-191/index-he.html,סימן קצ״א — דם הנמצא במי רגליה | DAAT,200 (fichier présent),oui,oui,
https://daattorah.com/yd/191/,fr,yoreh-deah,191,,Index,sources/yoreh-deah/siman-191/index.html,Siman 191 — Le sang en urinant (דם בהשתנה) | DAAT,200 (fichier présent),oui,oui,
https://daattorah.com/yd/191/base/en,en,yoreh-deah,191,,1-Base,sources/yoreh-deah/siman-191/niveau-1-base-en.html,Siman 191 — Blood Found While Urinating | DAAT,200 (fichier présent),oui,oui,
https://daattorah.com/yd/191/base/he,he,yoreh-deah,191,,1-Base,sources/yoreh-deah/siman-191/niveau-1-base-he.html,סימן קצ״א — דם הנמצא במי רגליה | DAAT,200 (fichier présent),oui,oui,
https://daattorah.com/yd/191/base,fr,yoreh-deah,191,,1-Base,sources/yoreh-deah/siman-191/niveau-1-base.html,Siman 191 — Le sang en urinant (דם בהשתנה) | DAAT,200 (fichier présent),oui,oui,
https://daattorah.com/yd/191/lamdan,fr,yoreh-deah,191,,2-Lamdan,sources/yoreh-deah/siman-191/niveau-2-lamdan.html,Siman קצ״א · Lamdan — דם הנמצא במי רגליה | DAAT,200 (fichier présent),oui,oui,
https://daattorah.com/yd/191/synthese/en,en,yoreh-deah,191,,3-Synthese,sources/yoreh-deah/siman-191/niveau-3-synthese-en.html,Siman 191 — Blood Found While Urinating | DAAT,200 (fichier présent),oui,oui,
https://daattorah.com/yd/191/synthese/he,he,yoreh-deah,191,,3-Synthese,sources/yoreh-deah/siman-191/niveau-3-synthese-he.html,סימן קצ״א — דם הנמצא במי רגליה | DAAT,200 (fichier présent),oui,oui,
https://daattorah.com/yd/191/synthese,fr,yoreh-deah,191,,3-Synthese,sources/yoreh-deah/siman-191/niveau-3-synthese.html,Siman 191 — Le sang en urinant (דם בהשתנה) | DAAT,200 (fichier présent),oui,oui,
https://daattorah.com/yd/191/halakha/en,en,yoreh-deah,191,,,sources/yoreh-deah/siman-191/niveau-4-halakha-en.html,Siman 191 — Blood Found While Urinating | DAAT,200 (fichier présent),oui,oui,
https://daattorah.com/yd/191/halakha/he,he,yoreh-deah,191,,,sources/yoreh-deah/siman-191/niveau-4-halakha-he.html,סימן קצ״א — דם הנמצא במי רגליה | DAAT,200 (fichier présent),oui,oui,
https://daattorah.com/yd/191/halakha,fr,yoreh-deah,191,,,sources/yoreh-deah/siman-191/niveau-4-halakha.html,Siman 191 — Le sang en urinant (דם בהשתנה) | DAAT,200 (fichier présent),oui,oui,
https://daattorah.com/yd/192/en,en,yoreh-deah,192,,Index,sources/yoreh-deah/siman-192/index-en.html,Siman 192 — The Bride Before the Chuppah (Kallah) | DAAT,200 (fichier présent),oui,oui,
https://daattorah.com/yd/192/he,he,yoreh-deah,192,,Index,sources/yoreh-deah/siman-192/index-he.html,סימן קצ״ב — דיני כלה ושבעה נקיים של חימוד | DAAT,200 (fichier présent),oui,oui,
https://daattorah.com/yd/192/,fr,yoreh-deah,192,,Index,sources/yoreh-deah/siman-192/index.html,Siman 192 — La mariée avant la houppa (כלה) | DAAT,200 (fichier présent),oui,oui,
https://daattorah.com/yd/192/base/en,en,yoreh-deah,192,,1-Base,sources/yoreh-deah/siman-192/niveau-1-base-en.html,Siman 192 — The Bride Before the Chuppah (Kallah) | DAAT,200 (fichier présent),oui,oui,
https://daattorah.com/yd/192/base/he,he,yoreh-deah,192,,1-Base,sources/yoreh-deah/siman-192/niveau-1-base-he.html,סימן קצ״ב — דיני כלה ושבעה נקיים של חימוד | DAAT,200 (fichier présent),oui,oui,
https://daattorah.com/yd/192/base,fr,yoreh-deah,192,,1-Base,sources/yoreh-deah/siman-192/niveau-1-base.html,Siman 192 — La mariée avant la houppa (כלה) | DAAT,200 (fichier présent),oui,oui,
https://daattorah.com/yd/192/lamdan,fr,yoreh-deah,192,,2-Lamdan,sources/yoreh-deah/siman-192/niveau-2-lamdan.html,"Siman קצ״ב · Lamdan — דם חימוד, טבילה ושמירה של כלה | DAAT",200 (fichier présent),oui,oui,
https://daattorah.com/yd/192/synthese/en,en,yoreh-deah,192,,3-Synthese,sources/yoreh-deah/siman-192/niveau-3-synthese-en.html,Siman 192 — The Bride Before the Chuppah (Kallah) | DAAT,200 (fichier présent),oui,oui,
https://daattorah.com/yd/192/synthese/he,he,yoreh-deah,192,,3-Synthese,sources/yoreh-deah/siman-192/niveau-3-synthese-he.html,סימן קצ״ב — דיני כלה ושבעה נקיים של חימוד | DAAT,200 (fichier présent),oui,oui,
https://daattorah.com/yd/192/synthese,fr,yoreh-deah,192,,3-Synthese,sources/yoreh-deah/siman-192/niveau-3-synthese.html,Siman 192 — La mariée avant la houppa (כלה) | DAAT,200 (fichier présent),oui,oui,
https://daattorah.com/yd/192/halakha/en,en,yoreh-deah,192,,,sources/yoreh-deah/siman-192/niveau-4-halakha-en.html,Siman 192 — The Bride Before the Chuppah (Kallah) | DAAT,200 (fichier présent),oui,oui,
https://daattorah.com/yd/192/halakha/he,he,yoreh-deah,192,,,sources/yoreh-deah/siman-192/niveau-4-halakha-he.html,סימן קצ״ב — דיני כלה ושבעה נקיים של חימוד | DAAT,200 (fichier présent),oui,oui,
https://daattorah.com/yd/192/halakha,fr,yoreh-deah,192,,,sources/yoreh-deah/siman-192/niveau-4-halakha.html,Siman 192 — La mariée avant la houppa (כלה) | DAAT,200 (fichier présent),oui,oui,
https://daattorah.com/yd/193/en,en,yoreh-deah,193,,Index,sources/yoreh-deah/siman-193/index-en.html,Siman 193 — The Blood of the First Union (Dam Betulim) | DAAT,200 (fichier présent),oui,oui,
https://daattorah.com/yd/193/he,he,yoreh-deah,193,,Index,sources/yoreh-deah/siman-193/index-he.html,סימן קצ״ג — דין דם בתולים ובעילת מצוה | DAAT,200 (fichier présent),oui,oui,
https://daattorah.com/yd/193/,fr,yoreh-deah,193,,Index,sources/yoreh-deah/siman-193/index.html,Siman 193 — Le sang de la première union (דם בתולים) | DAAT,200 (fichier présent),oui,oui,
https://daattorah.com/yd/193/base/en,en,yoreh-deah,193,,1-Base,sources/yoreh-deah/siman-193/niveau-1-base-en.html,Siman 193 — The Blood of the First Union (דם בתולים) | DAAT,200 (fichier présent),oui,oui,
https://daattorah.com/yd/193/base/he,he,yoreh-deah,193,,1-Base,sources/yoreh-deah/siman-193/niveau-1-base-he.html,סימן קצ״ג — דין דם בתולים ובעילת מצוה | DAAT,200 (fichier présent),oui,oui,
https://daattorah.com/yd/193/base,fr,yoreh-deah,193,,1-Base,sources/yoreh-deah/siman-193/niveau-1-base.html,Siman 193 — Le sang de la première union (דם בתולים) | DAAT,200 (fichier présent),oui,oui,
https://daattorah.com/yd/193/lamdan,fr,yoreh-deah,193,,2-Lamdan,sources/yoreh-deah/siman-193/niveau-2-lamdan.html,"Siman קצ״ג · Lamdan — דם בתולים, בעילת מצוה והרחקות | DAAT",200 (fichier présent),oui,oui,
https://daattorah.com/yd/193/synthese/en,en,yoreh-deah,193,,3-Synthese,sources/yoreh-deah/siman-193/niveau-3-synthese-en.html,Siman 193 — The Blood of the First Union (Dam Betulim) | DAAT,200 (fichier présent),oui,oui,
https://daattorah.com/yd/193/synthese/he,he,yoreh-deah,193,,3-Synthese,sources/yoreh-deah/siman-193/niveau-3-synthese-he.html,סימן קצ״ג — דין דם בתולים ובעילת מצוה | DAAT,200 (fichier présent),oui,oui,
https://daattorah.com/yd/193/synthese,fr,yoreh-deah,193,,3-Synthese,sources/yoreh-deah/siman-193/niveau-3-synthese.html,Siman 193 — Le sang de la première union (דם בתולים) | DAAT,200 (fichier présent),oui,oui,
https://daattorah.com/yd/193/halakha/en,en,yoreh-deah,193,,,sources/yoreh-deah/siman-193/niveau-4-halakha-en.html,Siman 193 — The Blood of the First Union (Dam Betulim) | DAAT,200 (fichier présent),oui,oui,
https://daattorah.com/yd/193/halakha/he,he,yoreh-deah,193,,,sources/yoreh-deah/siman-193/niveau-4-halakha-he.html,סימן קצ״ג — דין דם בתולים ובעילת מצוה | DAAT,200 (fichier présent),oui,oui,
https://daattorah.com/yd/193/halakha,fr,yoreh-deah,193,,,sources/yoreh-deah/siman-193/niveau-4-halakha.html,Siman 193 — Le sang de la première union (דם בתולים) | DAAT,200 (fichier présent),oui,oui,
https://daattorah.com/yd/194/en,en,yoreh-deah,194,,Index,sources/yoreh-deah/siman-194/index-en.html,Siman 194 — Childbirth and Miscarriage (Yoledet) | DAAT,200 (fichier présent),oui,oui,
https://daattorah.com/yd/194/he,he,yoreh-deah,194,,Index,sources/yoreh-deah/siman-194/index-he.html,סימן קצ״ד — דיני יולדת ומפלת | DAAT,200 (fichier présent),oui,oui,
https://daattorah.com/yd/194/,fr,yoreh-deah,194,,Index,sources/yoreh-deah/siman-194/index.html,Siman 194 — Accouchement et fausse couche (יולדת) | DAAT,200 (fichier présent),oui,oui,
https://daattorah.com/yd/194/base/en,en,yoreh-deah,194,,1-Base,sources/yoreh-deah/siman-194/niveau-1-base-en.html,Siman 194 — Childbirth and Miscarriage (Yoledet) | DAAT,200 (fichier présent),oui,oui,
https://daattorah.com/yd/194/base/he,he,yoreh-deah,194,,1-Base,sources/yoreh-deah/siman-194/niveau-1-base-he.html,סימן קצ״ד — דיני יולדת ומפלת | DAAT,200 (fichier présent),oui,oui,
https://daattorah.com/yd/194/base,fr,yoreh-deah,194,,1-Base,sources/yoreh-deah/siman-194/niveau-1-base.html,Siman 194 — Accouchement et fausse couche (יולדת) | DAAT,200 (fichier présent),oui,oui,
https://daattorah.com/yd/194/lamdan,fr,yoreh-deah,194,,2-Lamdan,sources/yoreh-deah/siman-194/niveau-2-lamdan.html,Siman קצ״ד · Lamdan — דיני יולדת ומפלת | DAAT,200 (fichier présent),oui,oui,
https://daattorah.com/yd/194/synthese/en,en,yoreh-deah,194,,3-Synthese,sources/yoreh-deah/siman-194/niveau-3-synthese-en.html,Siman 194 — Childbirth and Miscarriage (Yoledet) | DAAT,200 (fichier présent),oui,oui,
https://daattorah.com/yd/194/synthese/he,he,yoreh-deah,194,,3-Synthese,sources/yoreh-deah/siman-194/niveau-3-synthese-he.html,סימן קצ״ד — דיני יולדת ומפלת | DAAT,200 (fichier présent),oui,oui,
https://daattorah.com/yd/194/synthese,fr,yoreh-deah,194,,3-Synthese,sources/yoreh-deah/siman-194/niveau-3-synthese.html,Siman 194 — Accouchement et fausse couche (יולדת) | DAAT,200 (fichier présent),oui,oui,
https://daattorah.com/yd/194/halakha/en,en,yoreh-deah,194,,,sources/yoreh-deah/siman-194/niveau-4-halakha-en.html,Siman 194 — Childbirth and Miscarriage (Yoledet) | DAAT,200 (fichier présent),oui,oui,
https://daattorah.com/yd/194/halakha/he,he,yoreh-deah,194,,,sources/yoreh-deah/siman-194/niveau-4-halakha-he.html,סימן קצ״ד — דיני יולדת ומפלת | DAAT,200 (fichier présent),oui,oui,
https://daattorah.com/yd/194/halakha,fr,yoreh-deah,194,,,sources/yoreh-deah/siman-194/niveau-4-halakha.html,Siman 194 — Accouchement et fausse couche (יולדת) | DAAT,200 (fichier présent),oui,oui,
https://daattorah.com/yd/195/en,en,yoreh-deah,195,,Index,sources/yoreh-deah/siman-195/index-en.html,Siman 195 — The Separations During Niddah (הרחקות) | DAAT,200 (fichier présent),oui,oui,
https://daattorah.com/yd/195/he,he,yoreh-deah,195,,Index,sources/yoreh-deah/siman-195/index-he.html,סימן קצ״ה — דיני ההרחקות | DAAT,200 (fichier présent),oui,oui,
https://daattorah.com/yd/195/,fr,yoreh-deah,195,,Index,sources/yoreh-deah/siman-195/index.html,Siman 195 — Les séparations pendant la nidda (הרחקות) | DAAT,200 (fichier présent),oui,oui,
https://daattorah.com/yd/195/base/en,en,yoreh-deah,195,,1-Base,sources/yoreh-deah/siman-195/niveau-1-base-en.html,Siman 195 — The Separations During Niddah (Harchakot) | DAAT,200 (fichier présent),oui,oui,
https://daattorah.com/yd/195/base/he,he,yoreh-deah,195,,1-Base,sources/yoreh-deah/siman-195/niveau-1-base-he.html,סימן קצ״ה — דיני ההרחקות | DAAT,200 (fichier présent),oui,oui,
https://daattorah.com/yd/195/base,fr,yoreh-deah,195,,1-Base,sources/yoreh-deah/siman-195/niveau-1-base.html,Siman 195 — Les séparations pendant la nidda (הרחקות) | DAAT,200 (fichier présent),oui,oui,
https://daattorah.com/yd/195/lamdan,fr,yoreh-deah,195,,2-Lamdan,sources/yoreh-deah/siman-195/niveau-2-lamdan.html,"Siman קצ״ה · Lamdan — הרחקות הנדה: נגיעה, היכר, חבה וחולה | DAAT",200 (fichier présent),oui,oui,
https://daattorah.com/yd/195/synthese/en,en,yoreh-deah,195,,3-Synthese,sources/yoreh-deah/siman-195/niveau-3-synthese-en.html,Siman 195 — The Separations During Niddah (Harchakot) | DAAT,200 (fichier présent),oui,oui,
https://daattorah.com/yd/195/synthese/he,he,yoreh-deah,195,,3-Synthese,sources/yoreh-deah/siman-195/niveau-3-synthese-he.html,סימן קצ״ה — דיני ההרחקות | DAAT,200 (fichier présent),oui,oui,
https://daattorah.com/yd/195/synthese,fr,yoreh-deah,195,,3-Synthese,sources/yoreh-deah/siman-195/niveau-3-synthese.html,Siman 195 — Les séparations pendant la nidda (הרחקות) | DAAT,200 (fichier présent),oui,oui,
https://daattorah.com/yd/195/halakha/en,en,yoreh-deah,195,,,sources/yoreh-deah/siman-195/niveau-4-halakha-en.html,Siman 195 — The Separations During Niddah (הרחקות) | DAAT,200 (fichier présent),oui,oui,
https://daattorah.com/yd/195/halakha/he,he,yoreh-deah,195,,,sources/yoreh-deah/siman-195/niveau-4-halakha-he.html,סימן קצ״ה — דיני ההרחקות | DAAT,200 (fichier présent),oui,oui,
https://daattorah.com/yd/195/halakha,fr,yoreh-deah,195,,,sources/yoreh-deah/siman-195/niveau-4-halakha.html,Siman 195 — Les séparations pendant la nidda (הרחקות) | DAAT,200 (fichier présent),oui,oui,
https://daattorah.com/yd/196/en,en,yoreh-deah,196,,Index,sources/yoreh-deah/siman-196/index-en.html,Siman 196 — Hefsek Tahara and the Seven Clean Days | DAAT,200 (fichier présent),oui,oui,
https://daattorah.com/yd/196/he,he,yoreh-deah,196,,Index,sources/yoreh-deah/siman-196/index-he.html,סימן קצ״ו — הפסק טהרה וז' נקיים | DAAT,200 (fichier présent),oui,oui,
https://daattorah.com/yd/196/,fr,yoreh-deah,196,,Index,sources/yoreh-deah/siman-196/index.html,Siman 196 — Hefsek tahara et sept jours propres | DAAT,200 (fichier présent),oui,oui,
https://daattorah.com/yd/196/base/en,en,yoreh-deah,196,,1-Base,sources/yoreh-deah/siman-196/niveau-1-base-en.html,Siman 196 — Hefsek Tahara and Seven Clean Days | DAAT,200 (fichier présent),oui,oui,
https://daattorah.com/yd/196/base/he,he,yoreh-deah,196,,1-Base,sources/yoreh-deah/siman-196/niveau-1-base-he.html,סימן קצ״ו — הפסק טהרה וז' נקיים | DAAT,200 (fichier présent),oui,oui,
https://daattorah.com/yd/196/base,fr,yoreh-deah,196,,1-Base,sources/yoreh-deah/siman-196/niveau-1-base.html,Siman 196 — Hefsek tahara et sept jours propres | DAAT,200 (fichier présent),oui,oui,
https://daattorah.com/yd/196/lamdan,fr,yoreh-deah,196,,2-Lamdan,sources/yoreh-deah/siman-196/niveau-2-lamdan.html,"סימן קצ״ו · Lamdan — הפסק טהרה, ז' נקיים ובדיקות | DAAT",200 (fichier présent),oui,oui,
https://daattorah.com/yd/196/synthese/en,en,yoreh-deah,196,,3-Synthese,sources/yoreh-deah/siman-196/niveau-3-synthese-en.html,Siman 196 — Hefsek Tahara and the Seven Clean Days | DAAT,200 (fichier présent),oui,oui,
https://daattorah.com/yd/196/synthese/he,he,yoreh-deah,196,,3-Synthese,sources/yoreh-deah/siman-196/niveau-3-synthese-he.html,סימן קצ״ו — הפסק טהרה וז׳ נקיים | DAAT,200 (fichier présent),oui,oui,
https://daattorah.com/yd/196/synthese,fr,yoreh-deah,196,,3-Synthese,sources/yoreh-deah/siman-196/niveau-3-synthese.html,Siman 196 — Hefsek tahara et sept jours propres | DAAT,200 (fichier présent),oui,oui,
https://daattorah.com/yd/196/halakha/en,en,yoreh-deah,196,,,sources/yoreh-deah/siman-196/niveau-4-halakha-en.html,Siman 196 — Hefsek Tahara and the Seven Clean Days | DAAT,200 (fichier présent),oui,oui,
https://daattorah.com/yd/196/halakha/he,he,yoreh-deah,196,,,sources/yoreh-deah/siman-196/niveau-4-halakha-he.html,סימן קצ״ו — הפסק טהרה ושבעה נקיים | DAAT,200 (fichier présent),oui,oui,
https://daattorah.com/yd/196/halakha,fr,yoreh-deah,196,,,sources/yoreh-deah/siman-196/niveau-4-halakha.html,Siman 196 — Hefsek tahara et sept jours propres | DAAT,200 (fichier présent),oui,oui,
https://daattorah.com/yd/197/en,en,yoreh-deah,197,,Index,sources/yoreh-deah/siman-197/index-en.html,Siman 197 — The Time of the Tevilah | DAAT,200 (fichier présent),oui,oui,
https://daattorah.com/yd/197/he,he,yoreh-deah,197,,Index,sources/yoreh-deah/siman-197/index-he.html,סימן קצ״ז — דיני זמן הטבילה | DAAT,200 (fichier présent),oui,oui,
https://daattorah.com/yd/197/,fr,yoreh-deah,197,,Index,sources/yoreh-deah/siman-197/index.html,Siman 197 — Le moment de la טבילה (שלא תטבול ביום) | DAAT,200 (fichier présent),oui,oui,
https://daattorah.com/yd/197/base/en,en,yoreh-deah,197,,1-Base,sources/yoreh-deah/siman-197/niveau-1-base-en.html,Siman 197 — The Time of the Tevilah | DAAT,200 (fichier présent),oui,oui,
https://daattorah.com/yd/197/base/he,he,yoreh-deah,197,,1-Base,sources/yoreh-deah/siman-197/niveau-1-base-he.html,סימן קצ״ז — דיני זמן הטבילה | DAAT,200 (fichier présent),oui,oui,
https://daattorah.com/yd/197/base,fr,yoreh-deah,197,,1-Base,sources/yoreh-deah/siman-197/niveau-1-base.html,Siman 197 — Le moment de la טבילה (שלא תטבול ביום) | DAAT,200 (fichier présent),oui,oui,
https://daattorah.com/yd/197/lamdan,fr,yoreh-deah,197,,2-Lamdan,sources/yoreh-deah/siman-197/niveau-2-lamdan.html,סימן קצ״ז · Lamdan — דיני זמן הטבילה | DAAT,200 (fichier présent),oui,oui,
https://daattorah.com/yd/197/synthese/en,en,yoreh-deah,197,,3-Synthese,sources/yoreh-deah/siman-197/niveau-3-synthese-en.html,Siman 197 — The Time of the Tevilah | DAAT,200 (fichier présent),oui,oui,
https://daattorah.com/yd/197/synthese/he,he,yoreh-deah,197,,3-Synthese,sources/yoreh-deah/siman-197/niveau-3-synthese-he.html,סימן קצ״ז — דיני זמן הטבילה | DAAT,200 (fichier présent),oui,oui,
https://daattorah.com/yd/197/synthese,fr,yoreh-deah,197,,3-Synthese,sources/yoreh-deah/siman-197/niveau-3-synthese.html,Siman 197 — Le moment de la טבילה (שלא תטבול ביום) | DAAT,200 (fichier présent),oui,oui,
https://daattorah.com/yd/197/halakha/en,en,yoreh-deah,197,,,sources/yoreh-deah/siman-197/niveau-4-halakha-en.html,Siman 197 — The Time of the Tevilah | DAAT,200 (fichier présent),oui,oui,
https://daattorah.com/yd/197/halakha/he,he,yoreh-deah,197,,,sources/yoreh-deah/siman-197/niveau-4-halakha-he.html,סימן קצ״ז — דיני זמן הטבילה | DAAT,200 (fichier présent),oui,oui,
https://daattorah.com/yd/197/halakha,fr,yoreh-deah,197,,,sources/yoreh-deah/siman-197/niveau-4-halakha.html,Siman 197 — Le moment de la טבילה (שלא תטבול ביום) | DAAT,200 (fichier présent),oui,oui,
https://daattorah.com/yd/198/en,en,yoreh-deah,198,,Index,sources/yoreh-deah/siman-198/index-en.html,Siman 198 — Immersion and Interposition (Chatsitsa) | DAAT,200 (fichier présent),oui,oui,
https://daattorah.com/yd/198/he,he,yoreh-deah,198,,Index,sources/yoreh-deah/siman-198/index-he.html,סימן קצ״ח — דיני טבילה וחציצה | DAAT,200 (fichier présent),oui,oui,
https://daattorah.com/yd/198/,fr,yoreh-deah,198,,Index,sources/yoreh-deah/siman-198/index.html,Siman 198 — L'immersion et la ḥatsitsa (טבילה וחציצה) | DAAT,200 (fichier présent),oui,oui,
https://daattorah.com/yd/198/base/en,en,yoreh-deah,198,,1-Base,sources/yoreh-deah/siman-198/niveau-1-base-en.html,Siman 198 — Immersion and Interposition (Chatsitsa) | DAAT,200 (fichier présent),oui,oui,
https://daattorah.com/yd/198/base/he,he,yoreh-deah,198,,1-Base,sources/yoreh-deah/siman-198/niveau-1-base-he.html,סימן קצ״ח — דיני טבילה וחציצה | DAAT,200 (fichier présent),oui,oui,
https://daattorah.com/yd/198/base,fr,yoreh-deah,198,,1-Base,sources/yoreh-deah/siman-198/niveau-1-base.html,Siman 198 — L'immersion et la ḥatsitsa (טבילה וחציצה) | DAAT,200 (fichier présent),oui,oui,
https://daattorah.com/yd/198/lamdan,fr,yoreh-deah,198,,2-Lamdan,sources/yoreh-deah/siman-198/niveau-2-lamdan.html,סימן קצ״ח · Lamdan — דיני טבילה וחציצה | DAAT,200 (fichier présent),oui,oui,
https://daattorah.com/yd/198/synthese/en,en,yoreh-deah,198,,3-Synthese,sources/yoreh-deah/siman-198/niveau-3-synthese-en.html,Siman 198 — Immersion and Interposition (Chatsitsa) | DAAT,200 (fichier présent),oui,oui,
https://daattorah.com/yd/198/synthese/he,he,yoreh-deah,198,,3-Synthese,sources/yoreh-deah/siman-198/niveau-3-synthese-he.html,סימן קצ״ח — דיני טבילה וחציצה | DAAT,200 (fichier présent),oui,oui,
https://daattorah.com/yd/198/synthese,fr,yoreh-deah,198,,3-Synthese,sources/yoreh-deah/siman-198/niveau-3-synthese.html,Siman 198 — L'immersion et la ḥatsitsa (טבילה וחציצה) | DAAT,200 (fichier présent),oui,oui,
https://daattorah.com/yd/198/halakha/en,en,yoreh-deah,198,,,sources/yoreh-deah/siman-198/niveau-4-halakha-en.html,Siman 198 — Immersion and Interposition (Chatsitsa) | DAAT,200 (fichier présent),oui,oui,
https://daattorah.com/yd/198/halakha/he,he,yoreh-deah,198,,,sources/yoreh-deah/siman-198/niveau-4-halakha-he.html,סימן קצ״ח — דיני טבילה וחציצה | DAAT,200 (fichier présent),oui,oui,
https://daattorah.com/yd/198/halakha,fr,yoreh-deah,198,,,sources/yoreh-deah/siman-198/niveau-4-halakha.html,Siman 198 — L'immersion et la ḥatsitsa (טבילה וחציצה) | DAAT,200 (fichier présent),oui,oui,
https://daattorah.com/yd/199/en,en,yoreh-deah,199,,Index,sources/yoreh-deah/siman-199/index-en.html,Siman 199 — The Chafifah and the Hidden Places | DAAT,200 (fichier présent),oui,oui,
https://daattorah.com/yd/199/he,he,yoreh-deah,199,,Index,sources/yoreh-deah/siman-199/index-he.html,סימן קצ״ט — דיני חפיפה ובדיקת בית הסתרים | DAAT,200 (fichier présent),oui,oui,
https://daattorah.com/yd/199/,fr,yoreh-deah,199,,Index,sources/yoreh-deah/siman-199/index.html,Siman 199 — La ḥafifa et le bית הסתרים (חפיפה) | DAAT,200 (fichier présent),oui,oui,
https://daattorah.com/yd/199/base/en,en,yoreh-deah,199,,1-Base,sources/yoreh-deah/siman-199/niveau-1-base-en.html,Siman 199 — The Chafifah and the Hidden Places | DAAT,200 (fichier présent),oui,oui,
https://daattorah.com/yd/199/base/he,he,yoreh-deah,199,,1-Base,sources/yoreh-deah/siman-199/niveau-1-base-he.html,סימן קצ״ט — דיני חפיפה ובדיקת בית הסתרים | DAAT,200 (fichier présent),oui,oui,
https://daattorah.com/yd/199/base,fr,yoreh-deah,199,,1-Base,sources/yoreh-deah/siman-199/niveau-1-base.html,Siman 199 — La ḥafifa et le בית הסתרים (חפיפה) | DAAT,200 (fichier présent),oui,oui,
https://daattorah.com/yd/199/lamdan,fr,yoreh-deah,199,,2-Lamdan,sources/yoreh-deah/siman-199/niveau-2-lamdan.html,סימן קצ״ט · Lamdan — דיני חפיפה ובדיקת בית הסתרים | DAAT,200 (fichier présent),oui,oui,
https://daattorah.com/yd/199/synthese/en,en,yoreh-deah,199,,3-Synthese,sources/yoreh-deah/siman-199/niveau-3-synthese-en.html,Siman 199 — The Chafifah and the Hidden Places | DAAT,200 (fichier présent),oui,oui,
https://daattorah.com/yd/199/synthese/he,he,yoreh-deah,199,,3-Synthese,sources/yoreh-deah/siman-199/niveau-3-synthese-he.html,סימן קצ״ט — דיני חפיפה ובדיקת בית הסתרים | DAAT,200 (fichier présent),oui,oui,
https://daattorah.com/yd/199/synthese,fr,yoreh-deah,199,,3-Synthese,sources/yoreh-deah/siman-199/niveau-3-synthese.html,Siman 199 — La ḥafifa et le bית הסתרים (חפיפה) | DAAT,200 (fichier présent),oui,oui,
https://daattorah.com/yd/199/halakha/en,en,yoreh-deah,199,,,sources/yoreh-deah/siman-199/niveau-4-halakha-en.html,Siman 199 — The Chafifah and the Hidden Places | DAAT,200 (fichier présent),oui,oui,
https://daattorah.com/yd/199/halakha/he,he,yoreh-deah,199,,,sources/yoreh-deah/siman-199/niveau-4-halakha-he.html,סימן קצ״ט — דיני חפיפה ובדיקת בית הסתרים | DAAT,200 (fichier présent),oui,oui,
https://daattorah.com/yd/199/halakha,fr,yoreh-deah,199,,,sources/yoreh-deah/siman-199/niveau-4-halakha.html,Siman 199 — La ḥafifa et le bית הסתרים (חפיפה) | DAAT,200 (fichier présent),oui,oui,
https://daattorah.com/yd/200/en,en,yoreh-deah,200,,Index,sources/yoreh-deah/siman-200/index-en.html,Siman 200 — The Blessing of the Immersion | DAAT,200 (fichier présent),oui,oui,
https://daattorah.com/yd/200/he,he,yoreh-deah,200,,Index,sources/yoreh-deah/siman-200/index-he.html,סימן ר׳ — דין ברכת הטבילה | DAAT,200 (fichier présent),oui,oui,
https://daattorah.com/yd/200/,fr,yoreh-deah,200,,Index,sources/yoreh-deah/siman-200/index.html,Siman 200 — La bénédiction de l'immersion (ברכת הטבילה) | DAAT,200 (fichier présent),oui,oui,
https://daattorah.com/yd/200/base/en,en,yoreh-deah,200,,1-Base,sources/yoreh-deah/siman-200/niveau-1-base-en.html,Siman 200 — The Blessing of the Immersion | DAAT,200 (fichier présent),oui,oui,
https://daattorah.com/yd/200/base/he,he,yoreh-deah,200,,1-Base,sources/yoreh-deah/siman-200/niveau-1-base-he.html,סימן ר׳ — דין ברכת הטבילה | DAAT,200 (fichier présent),oui,oui,
https://daattorah.com/yd/200/base,fr,yoreh-deah,200,,1-Base,sources/yoreh-deah/siman-200/niveau-1-base.html,Siman 200 — La bénédiction de l'immersion (ברכת הטבילה) | DAAT,200 (fichier présent),oui,oui,
https://daattorah.com/yd/200/lamdan,fr,yoreh-deah,200,,2-Lamdan,sources/yoreh-deah/siman-200/niveau-2-lamdan.html,סימן ר׳ · Lamdan — דין ברכת הטבילה | DAAT,200 (fichier présent),oui,oui,
https://daattorah.com/yd/200/synthese/en,en,yoreh-deah,200,,3-Synthese,sources/yoreh-deah/siman-200/niveau-3-synthese-en.html,Siman 200 — The Blessing of the Immersion | DAAT,200 (fichier présent),oui,oui,
https://daattorah.com/yd/200/synthese/he,he,yoreh-deah,200,,3-Synthese,sources/yoreh-deah/siman-200/niveau-3-synthese-he.html,סימן ר׳ — דין ברכת הטבילה | DAAT,200 (fichier présent),oui,oui,
https://daattorah.com/yd/200/synthese,fr,yoreh-deah,200,,3-Synthese,sources/yoreh-deah/siman-200/niveau-3-synthese.html,Siman 200 — La bénédiction de l'immersion (ברכת הטבילה) | DAAT,200 (fichier présent),oui,oui,
https://daattorah.com/yd/200/halakha/en,en,yoreh-deah,200,,,sources/yoreh-deah/siman-200/niveau-4-halakha-en.html,Siman 200 — The Blessing of the Immersion | DAAT,200 (fichier présent),oui,oui,
https://daattorah.com/yd/200/halakha/he,he,yoreh-deah,200,,,sources/yoreh-deah/siman-200/niveau-4-halakha-he.html,סימן ר׳ — דין ברכת הטבילה | DAAT,200 (fichier présent),oui,oui,
https://daattorah.com/yd/200/halakha,fr,yoreh-deah,200,,,sources/yoreh-deah/siman-200/niveau-4-halakha.html,Siman 200 — La bénédiction de l'immersion (ברכת הטבילה) | DAAT,200 (fichier présent),oui,oui,
https://daattorah.com/yd/87/en,en,yoreh-deah,87,,Index,sources/yoreh-deah/siman-87/index-en.html,Siman 87 — Basar be-halav — the prohibition of meat | DAAT,200 (fichier présent),oui,oui,
https://daattorah.com/yd/87/he,he,yoreh-deah,87,,Index,sources/yoreh-deah/siman-87/index-he.html,סימן פ״ז — בשר בחלב — איסור בשר עם חלב | DAAT,200 (fichier présent),oui,oui,
https://daattorah.com/yd/87/,fr,yoreh-deah,87,,Index,sources/yoreh-deah/siman-87/index.html,Siman 87 — Bassar be-halav — l'interdit de la viande | DAAT,200 (fichier présent),oui,oui,
https://daattorah.com/yd/87/base/en,en,yoreh-deah,87,,1-Base,sources/yoreh-deah/siman-87/niveau-1-base-en.html,Siman פ״ז · Level 1 Foundations — Bassar be-Halav (meat and milk) · Educational introduction | DAAT,200 (fichier présent),oui,oui,
https://daattorah.com/yd/87/base/he,he,yoreh-deah,87,,1-Base,sources/yoreh-deah/siman-87/niveau-1-base-he.html,סימן פ״ז · רמה 1 בסיס — בשר בחלב · מבוא לימודי | DAAT,200 (fichier présent),oui,oui,
https://daattorah.com/yd/87/base,fr,yoreh-deah,87,,1-Base,sources/yoreh-deah/siman-87/niveau-1-base.html,Siman פ״ז · Niveau 1 Base — Bassar be-Halav (viande et lait) · Initiation pédagogique | DAAT,200 (fichier présent),oui,oui,
https://daattorah.com/yd/87/lamdan,fr,yoreh-deah,87,,2-Lamdan,sources/yoreh-deah/siman-87/niveau-2-lamdan.html,"Siman פ״ז · Niveau 2 Lamdan — Pilpoul approfondi · בשר בחלב, Houlin 113-116 | DAAT",200 (fichier présent),oui,oui,
https://daattorah.com/yd/87/synthese/en,en,yoreh-deah,87,,3-Synthese,sources/yoreh-deah/siman-87/niveau-3-synthese-en.html,Siman פ״ז · Level 3 — Synthesis / Review — בשר בחלב | DAAT,200 (fichier présent),oui,oui,
https://daattorah.com/yd/87/synthese/he,he,yoreh-deah,87,,3-Synthese,sources/yoreh-deah/siman-87/niveau-3-synthese-he.html,סימן פ״ז · רמה 3 — סיכום / חזרה — בשר בחלב | DAAT,200 (fichier présent),oui,oui,
https://daattorah.com/yd/87/synthese,fr,yoreh-deah,87,,3-Synthese,sources/yoreh-deah/siman-87/niveau-3-synthese.html,Siman פ״ז · Niveau 3 — Synthèse / Révision — בשר בחלב | DAAT,200 (fichier présent),oui,oui,
https://daattorah.com/yd/87/halakha/en,en,yoreh-deah,87,,,sources/yoreh-deah/siman-87/niveau-4-halakha-en.html,Siman פ״ז · Level 4 — Halakha le-ma'asse / Psak · בשר בחלב | DAAT,200 (fichier présent),oui,oui,
https://daattorah.com/yd/87/halakha/he,he,yoreh-deah,87,,,sources/yoreh-deah/siman-87/niveau-4-halakha-he.html,סימן פ״ז · רמה 4 — הלכה למעשה / פסק · בשר בחלב | DAAT,200 (fichier présent),oui,oui,
https://daattorah.com/yd/87/halakha,fr,yoreh-deah,87,,,sources/yoreh-deah/siman-87/niveau-4-halakha.html,Siman פ״ז · Niveau 4 — Halakha lema'asse / Psak · בשר בחלב | DAAT,200 (fichier présent),oui,oui,
https://daattorah.com/yd/88/en,en,yoreh-deah,88,,Index,sources/yoreh-deah/siman-88/index-en.html,Siman 88 — Not serving meat on a table where cheese | DAAT,200 (fichier présent),oui,oui,
https://daattorah.com/yd/88/he,he,yoreh-deah,88,,Index,sources/yoreh-deah/siman-88/index-he.html,סימן פ״ח — שלא להעלות בשר על השולחן שאוכלין עליו גבינה | DAAT,200 (fichier présent),oui,oui,
https://daattorah.com/yd/88/,fr,yoreh-deah,88,,Index,sources/yoreh-deah/siman-88/index.html,Siman 88 — Ne pas servir la viande sur une table où l'on | DAAT,200 (fichier présent),oui,oui,
https://daattorah.com/yd/88/base/en,en,yoreh-deah,88,,1-Base,sources/yoreh-deah/siman-88/niveau-1-base-en.html,Siman פ״ח · Level 1 Foundation — Meat and cheese on the same table · Educational introduction | DAAT,200 (fichier présent),oui,oui,
https://daattorah.com/yd/88/base/he,he,yoreh-deah,88,,1-Base,sources/yoreh-deah/siman-88/niveau-1-base-he.html,סימן פ״ח · רמה 1 בסיס — בשר וגבינה על שולחן אחד · מבוא לימודי | DAAT,200 (fichier présent),oui,oui,
https://daattorah.com/yd/88/base,fr,yoreh-deah,88,,1-Base,sources/yoreh-deah/siman-88/niveau-1-base.html,Siman פ״ח · Niveau 1 Base — Viande et fromage sur une même table · Initiation pédagogique | DAAT,200 (fichier présent),oui,oui,
https://daattorah.com/yd/88/lamdan,fr,yoreh-deah,88,,2-Lamdan,sources/yoreh-deah/siman-88/niveau-2-lamdan.html,"Siman פ״ח · Niveau 2 Lamdan — Pilpoul approfondi · viande et fromage à table, Houlin / Nedarim | DAAT",200 (fichier présent),oui,oui,
https://daattorah.com/yd/88/synthese/en,en,yoreh-deah,88,,3-Synthese,sources/yoreh-deah/siman-88/niveau-3-synthese-en.html,Siman פ״ח · Level 3 — Synthesis / Review — meat and cheese at the table | DAAT,200 (fichier présent),oui,oui,
https://daattorah.com/yd/88/synthese/he,he,yoreh-deah,88,,3-Synthese,sources/yoreh-deah/siman-88/niveau-3-synthese-he.html,סימן פ״ח · רמה 3 — סיכום / חזרה — בשר וגבינה על שלחן אחד | DAAT,200 (fichier présent),oui,oui,
https://daattorah.com/yd/88/synthese,fr,yoreh-deah,88,,3-Synthese,sources/yoreh-deah/siman-88/niveau-3-synthese.html,Siman פ״ח · Niveau 3 — Synthèse / Révision — viande et fromage à table | DAAT,200 (fichier présent),oui,oui,
https://daattorah.com/yd/88/halakha/en,en,yoreh-deah,88,,,sources/yoreh-deah/siman-88/niveau-4-halakha-en.html,Siman פ״ח · Level 4 — Halakha lema'asse / Psak · meat and cheese on one table | DAAT,200 (fichier présent),oui,oui,
https://daattorah.com/yd/88/halakha/he,he,yoreh-deah,88,,,sources/yoreh-deah/siman-88/niveau-4-halakha-he.html,סימן פ״ח · רמה 4 — הלכה למעשה / פסק · בשר וגבינה על שלחן אחד | DAAT,200 (fichier présent),oui,oui,
https://daattorah.com/yd/88/halakha,fr,yoreh-deah,88,,,sources/yoreh-deah/siman-88/niveau-4-halakha.html,Siman פ״ח · Niveau 4 — Halakha lema'asse / Psak · viande et fromage à table | DAAT,200 (fichier présent),oui,oui,
https://daattorah.com/yd/89/en,en,yoreh-deah,89,,Index,sources/yoreh-deah/siman-89/index-en.html,Siman 89 — Not eating cheese after meat | DAAT,200 (fichier présent),oui,oui,
https://daattorah.com/yd/89/he,he,yoreh-deah,89,,Index,sources/yoreh-deah/siman-89/index-he.html,סימן פ״ט — שלא לאכול גבינה אחר בשר — ההמתנה בין בשר לחלב | DAAT,200 (fichier présent),oui,oui,
https://daattorah.com/yd/89/,fr,yoreh-deah,89,,Index,sources/yoreh-deah/siman-89/index.html,Siman 89 — Ne pas manger de fromage après de la viande | DAAT,200 (fichier présent),oui,oui,
https://daattorah.com/yd/89/base/en,en,yoreh-deah,89,,1-Base,sources/yoreh-deah/siman-89/niveau-1-base-en.html,Siman פ״ט · Level 1 Basics — Waiting between meat and milk (the 6 hours) · Educational introduction | DAAT,200 (fichier présent),oui,oui,
https://daattorah.com/yd/89/base/he,he,yoreh-deah,89,,1-Base,sources/yoreh-deah/siman-89/niveau-1-base-he.html,סימן פ״ט · רמה 1 בסיס — ההמתנה בין בשר לחלב (שש השעות) · מבוא לימודי | DAAT,200 (fichier présent),oui,oui,
https://daattorah.com/yd/89/base,fr,yoreh-deah,89,,1-Base,sources/yoreh-deah/siman-89/niveau-1-base.html,Siman פ״ט · Niveau 1 Base — L'attente entre viande et lait (les 6 heures) · Initiation pédagogique | DAAT,200 (fichier présent),oui,oui,
https://daattorah.com/yd/89/lamdan,fr,yoreh-deah,89,,2-Lamdan,sources/yoreh-deah/siman-89/niveau-2-lamdan.html,"Siman פ״ט · Niveau 2 Lamdan — Pilpoul approfondi · ההמתנה בין בשר לחלב, Houlin 105a | DAAT",200 (fichier présent),oui,oui,
https://daattorah.com/yd/89/synthese/en,en,yoreh-deah,89,,3-Synthese,sources/yoreh-deah/siman-89/niveau-3-synthese-en.html,Siman פ״ט · Level 3 — Synthesis / Review — the waiting period between meat and milk | DAAT,200 (fichier présent),oui,oui,
https://daattorah.com/yd/89/synthese/he,he,yoreh-deah,89,,3-Synthese,sources/yoreh-deah/siman-89/niveau-3-synthese-he.html,סימן פ״ט · רמה 3 — סיכום / חזרה — ההמתנה בין בשר לחלב | DAAT,200 (fichier présent),oui,oui,
https://daattorah.com/yd/89/synthese,fr,yoreh-deah,89,,3-Synthese,sources/yoreh-deah/siman-89/niveau-3-synthese.html,Siman פ״ט · Niveau 3 — Synthèse / Révision — l'attente entre viande et lait | DAAT,200 (fichier présent),oui,oui,
https://daattorah.com/yd/89/halakha/en,en,yoreh-deah,89,,,sources/yoreh-deah/siman-89/niveau-4-halakha-en.html,Siman פ״ט · Level 4 — Halakha le-ma'asse / Psak · the waiting period between meat and milk | DAAT,200 (fichier présent),oui,oui,
https://daattorah.com/yd/89/halakha/he,he,yoreh-deah,89,,,sources/yoreh-deah/siman-89/niveau-4-halakha-he.html,סימן פ״ט · רמה 4 — הלכה למעשה / פסק · ההמתנה בין בשר לחלב | DAAT,200 (fichier présent),oui,oui,
https://daattorah.com/yd/89/halakha,fr,yoreh-deah,89,,,sources/yoreh-deah/siman-89/niveau-4-halakha.html,Siman פ״ט · Niveau 4 — Halakha lema'asse / Psak · l'attente entre viande et lait | DAAT,200 (fichier présent),oui,oui,
https://daattorah.com/yd/90/en,en,yoreh-deah,90,,Index,sources/yoreh-deah/siman-90/index-en.html,Siman 90 — The kachal (the udder) | DAAT,200 (fichier présent),oui,oui,
https://daattorah.com/yd/90/he,he,yoreh-deah,90,,Index,sources/yoreh-deah/siman-90/index-he.html,סימן צ׳ — הכחל (הדד) — איסור דרבנן והפלטת החלב | DAAT,200 (fichier présent),oui,oui,
https://daattorah.com/yd/90/,fr,yoreh-deah,90,,Index,sources/yoreh-deah/siman-90/index.html,Siman 90 — Le keil (la mamelle) | DAAT,200 (fichier présent),oui,oui,
https://daattorah.com/yd/90/base/en,en,yoreh-deah,90,,1-Base,sources/yoreh-deah/siman-90/niveau-1-base-en.html,Siman צ׳ · Level 1 Foundations — The keil (the udder) · דיני כחל · Educational introduction | DAAT,200 (fichier présent),oui,oui,
https://daattorah.com/yd/90/base/he,he,yoreh-deah,90,,1-Base,sources/yoreh-deah/siman-90/niveau-1-base-he.html,סימן צ׳ · רמה 1 בסיס — הכחל (הדד) · דיני כחל · מבוא לימודי | DAAT,200 (fichier présent),oui,oui,
https://daattorah.com/yd/90/base,fr,yoreh-deah,90,,1-Base,sources/yoreh-deah/siman-90/niveau-1-base.html,Siman צ׳ · Niveau 1 Base — Le keil (la mamelle) · דיני כחל · Initiation pédagogique | DAAT,200 (fichier présent),oui,oui,
https://daattorah.com/yd/90/lamdan,fr,yoreh-deah,90,,2-Lamdan,sources/yoreh-deah/siman-90/niveau-2-lamdan.html,"Siman צ׳ · Niveau 2 Lamdan — Pilpoul approfondi · דיני כחל, Houlin 109-110 | DAAT",200 (fichier présent),oui,oui,
https://daattorah.com/yd/90/synthese/en,en,yoreh-deah,90,,3-Synthese,sources/yoreh-deah/siman-90/niveau-3-synthese-en.html,Siman צ׳ · Level 3 — Synthesis / Review — דיני כחל | DAAT,200 (fichier présent),oui,oui,
https://daattorah.com/yd/90/synthese/he,he,yoreh-deah,90,,3-Synthese,sources/yoreh-deah/siman-90/niveau-3-synthese-he.html,סימן צ׳ · רמה 3 — סיכום / חזרה — דיני כחל | DAAT,200 (fichier présent),oui,oui,
https://daattorah.com/yd/90/synthese,fr,yoreh-deah,90,,3-Synthese,sources/yoreh-deah/siman-90/niveau-3-synthese.html,Siman צ׳ · Niveau 3 — Synthèse / Révision — דיני כחל | DAAT,200 (fichier présent),oui,oui,
https://daattorah.com/yd/90/halakha/en,en,yoreh-deah,90,,,sources/yoreh-deah/siman-90/niveau-4-halakha-en.html,Siman צ׳ · Level 4 — Halakha le-ma'asse / Psak · דיני כחל | DAAT,200 (fichier présent),oui,oui,
https://daattorah.com/yd/90/halakha/he,he,yoreh-deah,90,,,sources/yoreh-deah/siman-90/niveau-4-halakha-he.html,סימן צ׳ · רמה 4 — הלכה למעשה / פסק · דיני כחל | DAAT,200 (fichier présent),oui,oui,
https://daattorah.com/yd/90/halakha,fr,yoreh-deah,90,,,sources/yoreh-deah/siman-90/niveau-4-halakha.html,Siman צ׳ · Niveau 4 — Halakha lema'asse / Psak · דיני כחל | DAAT,200 (fichier présent),oui,oui,
https://daattorah.com/yd/91/en,en,yoreh-deah,91,,Index,sources/yoreh-deah/siman-91/index-en.html,Siman 91 — Meat and milk that became mixed | DAAT,200 (fichier présent),oui,oui,
https://daattorah.com/yd/91/he,he,yoreh-deah,91,,Index,sources/yoreh-deah/siman-91/index-he.html,"סימן צ״א — בשר וחלב שנתערבו — נגיעה, מליחה וכיסוי | DAAT",200 (fichier présent),oui,oui,
https://daattorah.com/yd/91/,fr,yoreh-deah,91,,Index,sources/yoreh-deah/siman-91/index.html,Siman 91 — Viande et lait qui se sont mélangés | DAAT,200 (fichier présent),oui,oui,
https://daattorah.com/yd/91/base/en,en,yoreh-deah,91,,1-Base,sources/yoreh-deah/siman-91/niveau-1-base-en.html,"Siman צ״א · Level 1 Foundations — Meat and milk that became mixed (contact, salting) · Educational introduction | DAAT",200 (fichier présent),oui,oui,
https://daattorah.com/yd/91/base/he,he,yoreh-deah,91,,1-Base,sources/yoreh-deah/siman-91/niveau-1-base-he.html,"סימן צ״א · רמה 1 בסיס — בשר וחלב שנתערבו (נגיעה, מליחה) · מבוא לימודי | DAAT",200 (fichier présent),oui,oui,
https://daattorah.com/yd/91/base,fr,yoreh-deah,91,,1-Base,sources/yoreh-deah/siman-91/niveau-1-base.html,"Siman צ״א · Niveau 1 Base — Viande et lait qui se sont mélangés (contact, salaison) · Initiation pédagogique | DAAT",200 (fichier présent),oui,oui,
https://daattorah.com/yd/91/lamdan,fr,yoreh-deah,91,,2-Lamdan,sources/yoreh-deah/siman-91/niveau-2-lamdan.html,"Siman צ״א · Niveau 2 Lamdan — Pilpoul approfondi · בשר וחלב שנתערבו, תתאה גבר | DAAT",200 (fichier présent),oui,oui,
https://daattorah.com/yd/91/synthese/en,en,yoreh-deah,91,,3-Synthese,sources/yoreh-deah/siman-91/niveau-3-synthese-en.html,Siman צ״א · Level 3 — Synthesis / Review — בשר וחלב שנתערבו | DAAT,200 (fichier présent),oui,oui,
https://daattorah.com/yd/91/synthese/he,he,yoreh-deah,91,,3-Synthese,sources/yoreh-deah/siman-91/niveau-3-synthese-he.html,סימן צ״א · רמה 3 — סיכום / חזרה — בשר וחלב שנתערבו | DAAT,200 (fichier présent),oui,oui,
https://daattorah.com/yd/91/synthese,fr,yoreh-deah,91,,3-Synthese,sources/yoreh-deah/siman-91/niveau-3-synthese.html,Siman צ״א · Niveau 3 — Synthèse / Révision — בשר וחלב שנתערבו | DAAT,200 (fichier présent),oui,oui,
https://daattorah.com/yd/91/halakha/en,en,yoreh-deah,91,,,sources/yoreh-deah/siman-91/niveau-4-halakha-en.html,Siman צ״א · Level 4 — Halakha le-ma'asse / Psak · בשר וחלב שנתערבו | DAAT,200 (fichier présent),oui,oui,
https://daattorah.com/yd/91/halakha/he,he,yoreh-deah,91,,,sources/yoreh-deah/siman-91/niveau-4-halakha-he.html,סימן צ״א · רמה 4 — הלכה למעשה / פסק · בשר וחלב שנתערבו | DAAT,200 (fichier présent),oui,oui,
https://daattorah.com/yd/91/halakha,fr,yoreh-deah,91,,,sources/yoreh-deah/siman-91/niveau-4-halakha.html,Siman צ״א · Niveau 4 — Halakha lema'asse / Psak · בשר וחלב שנתערבו | DAAT,200 (fichier présent),oui,oui,
https://daattorah.com/yd/92/en,en,yoreh-deah,92,,Index,sources/yoreh-deah/siman-92/index-en.html,Siman 92 — Milk that Fell into a Meat Pot | DAAT,200 (fichier présent),oui,oui,
https://daattorah.com/yd/92/he,he,yoreh-deah,92,,Index,sources/yoreh-deah/siman-92/index-he.html,סימן צ״ב — דין חלב שנפל לקדירה של בשר | DAAT,200 (fichier présent),oui,oui,
https://daattorah.com/yd/92/,fr,yoreh-deah,92,,Index,sources/yoreh-deah/siman-92/index.html,Siman 92 — Du lait tombé dans une marmite de viande | DAAT,200 (fichier présent),oui,oui,
https://daattorah.com/yd/92/base/en,en,yoreh-deah,92,,1-Base,sources/yoreh-deah/siman-92/niveau-1-base-en.html,Siman צ״ב · Level 1 Foundations — Milk that Fell into a Meat Pot · Educational introduction | DAAT,200 (fichier présent),oui,oui,
https://daattorah.com/yd/92/base/he,he,yoreh-deah,92,,1-Base,sources/yoreh-deah/siman-92/niveau-1-base-he.html,סימן צ״ב · רמה 1 בסיס — דין חלב שנפל לקדירה של בשר · מבוא לימודי | DAAT,200 (fichier présent),oui,oui,
https://daattorah.com/yd/92/base,fr,yoreh-deah,92,,1-Base,sources/yoreh-deah/siman-92/niveau-1-base.html,Siman צ״ב · Niveau 1 Base — Du lait tombé dans une marmite de viande · Initiation pédagogique | DAAT,200 (fichier présent),oui,oui,
https://daattorah.com/yd/92/lamdan,fr,yoreh-deah,92,,2-Lamdan,sources/yoreh-deah/siman-92/niveau-2-lamdan.html,"Siman צ״ב · Niveau 2 Lamdan — Pilpoul approfondi · חלב שנפל לקדירה של בשר, טעימת קפילא וביטול בששים | DAAT",200 (fichier présent),oui,oui,
https://daattorah.com/yd/92/synthese/en,en,yoreh-deah,92,,3-Synthese,sources/yoreh-deah/siman-92/niveau-3-synthese-en.html,Siman צ״ב · Level 3 — Synthesis / Review — דינין אם נפל חלב לקדירה של בשר | DAAT,200 (fichier présent),oui,oui,
https://daattorah.com/yd/92/synthese/he,he,yoreh-deah,92,,3-Synthese,sources/yoreh-deah/siman-92/niveau-3-synthese-he.html,סימן צ״ב · רמה 3 — סיכום / חזרה — דינין אם נפל חלב לקדירה של בשר | DAAT,200 (fichier présent),oui,oui,
https://daattorah.com/yd/92/synthese,fr,yoreh-deah,92,,3-Synthese,sources/yoreh-deah/siman-92/niveau-3-synthese.html,Siman צ״ב · Niveau 3 — Synthèse / Révision — דינין אם נפל חלב לקדירה של בשר | DAAT,200 (fichier présent),oui,oui,
https://daattorah.com/yd/92/halakha/en,en,yoreh-deah,92,,,sources/yoreh-deah/siman-92/niveau-4-halakha-en.html,Siman צ״ב · Level 4 — Halakha le-ma'asse / Psak · דינין אם נפל חלב לקדירה של בשר | DAAT,200 (fichier présent),oui,oui,
https://daattorah.com/yd/92/halakha/he,he,yoreh-deah,92,,,sources/yoreh-deah/siman-92/niveau-4-halakha-he.html,סימן צ״ב · רמה 4 — הלכה למעשה / פסק · דינין אם נפל חלב לקדירה של בשר | DAAT,200 (fichier présent),oui,oui,
https://daattorah.com/yd/92/halakha,fr,yoreh-deah,92,,,sources/yoreh-deah/siman-92/niveau-4-halakha.html,Siman צ״ב · Niveau 4 — Halakha lema'asse / Psak · דינין אם נפל חלב לקדירה של בשר | DAAT,200 (fichier présent),oui,oui,
https://daattorah.com/yd/93/en,en,yoreh-deah,93,,Index,sources/yoreh-deah/siman-93/index-en.html,Siman 93 — Cooking Milk in a Meat Pot | DAAT,200 (fichier présent),oui,oui,
https://daattorah.com/yd/93/he,he,yoreh-deah,93,,Index,sources/yoreh-deah/siman-93/index-he.html,סימן צ״ג — דין קדרה שבישלו בה בשר | DAAT,200 (fichier présent),oui,oui,
https://daattorah.com/yd/93/,fr,yoreh-deah,93,,Index,sources/yoreh-deah/siman-93/index.html,Siman 93 — Cuire du lait dans une marmite ayant servi | DAAT,200 (fichier présent),oui,oui,
https://daattorah.com/yd/93/base/en,en,yoreh-deah,93,,1-Base,sources/yoreh-deah/siman-93/niveau-1-base-en.html,Siman צ״ג · Level 1 Foundations — Cooking Milk in a Meat Pot · Educational introduction | DAAT,200 (fichier présent),oui,oui,
https://daattorah.com/yd/93/base/he,he,yoreh-deah,93,,1-Base,sources/yoreh-deah/siman-93/niveau-1-base-he.html,סימן צ״ג · רמה 1 בסיס — דין קדרה שבישלו בה בשר · מבוא לימודי | DAAT,200 (fichier présent),oui,oui,
https://daattorah.com/yd/93/base,fr,yoreh-deah,93,,1-Base,sources/yoreh-deah/siman-93/niveau-1-base.html,Siman צ״ג · Niveau 1 Base — Cuire du lait dans une marmite ayant servi à la viande · Initiation pédagogique | DAAT,200 (fichier présent),oui,oui,
https://daattorah.com/yd/93/lamdan,fr,yoreh-deah,93,,2-Lamdan,sources/yoreh-deah/siman-93/niveau-2-lamdan.html,"Siman צ״ג · Niveau 2 Lamdan — Pilpoul approfondi · קדרה שבישלו בה בשר לא יבשלו בה חלב, בן יומו ונותן טעם לפגם | DAAT",200 (fichier présent),oui,oui,
https://daattorah.com/yd/93/synthese/en,en,yoreh-deah,93,,3-Synthese,sources/yoreh-deah/siman-93/niveau-3-synthese-en.html,Siman צ״ג · Level 3 — Synthesis / Review — דין קדרה שבישלו בה בשר | DAAT,200 (fichier présent),oui,oui,
https://daattorah.com/yd/93/synthese/he,he,yoreh-deah,93,,3-Synthese,sources/yoreh-deah/siman-93/niveau-3-synthese-he.html,סימן צ״ג · רמה 3 — סיכום / חזרה — דין קדרה שבישלו בה בשר | DAAT,200 (fichier présent),oui,oui,
https://daattorah.com/yd/93/synthese,fr,yoreh-deah,93,,3-Synthese,sources/yoreh-deah/siman-93/niveau-3-synthese.html,Siman צ״ג · Niveau 3 — Synthèse / Révision — דין קדרה שבישלו בה בשר | DAAT,200 (fichier présent),oui,oui,
https://daattorah.com/yd/93/halakha/en,en,yoreh-deah,93,,,sources/yoreh-deah/siman-93/niveau-4-halakha-en.html,Siman צ״ג · Level 4 — Halakha le-ma'asse / Psak · Cooking Milk in a Meat Pot | DAAT,200 (fichier présent),oui,oui,
https://daattorah.com/yd/93/halakha/he,he,yoreh-deah,93,,,sources/yoreh-deah/siman-93/niveau-4-halakha-he.html,סימן צ״ג · רמה 4 — הלכה למעשה / פסק · קדרה שבישלו בה בשר לא יבשלו בה חלב | DAAT,200 (fichier présent),oui,oui,
https://daattorah.com/yd/93/halakha,fr,yoreh-deah,93,,,sources/yoreh-deah/siman-93/niveau-4-halakha.html,Siman צ״ג · Niveau 4 — Halakha lema'asse / Psak · קדרה שבישלו בה בשר לא יבשלו בה חלב | DAAT,200 (fichier présent),oui,oui,
https://daattorah.com/yd/94/en,en,yoreh-deah,94,,Index,sources/yoreh-deah/siman-94/index-en.html,Siman 94 — Dipping a Dairy Spoon into a Meat Pot | DAAT,200 (fichier présent),oui,oui,
https://daattorah.com/yd/94/he,he,yoreh-deah,94,,Index,sources/yoreh-deah/siman-94/index-he.html,סימן צ״ד — דין התוחב כף חולבת בקדרה של בשר | DAAT,200 (fichier présent),oui,oui,
https://daattorah.com/yd/94/,fr,yoreh-deah,94,,Index,sources/yoreh-deah/siman-94/index.html,Siman 94 — Tremper une louche laitière dans une marmite | DAAT,200 (fichier présent),oui,oui,
https://daattorah.com/yd/94/base/en,en,yoreh-deah,94,,1-Base,sources/yoreh-deah/siman-94/niveau-1-base-en.html,Siman צ״ד · Level 1 Foundations — Dipping a Dairy Spoon into a Meat Pot · Educational introduction | DAAT,200 (fichier présent),oui,oui,
https://daattorah.com/yd/94/base/he,he,yoreh-deah,94,,1-Base,sources/yoreh-deah/siman-94/niveau-1-base-he.html,סימן צ״ד · רמה 1 בסיס — דין התוחב כף חולבת בקדרה של בשר · מבוא לימודי | DAAT,200 (fichier présent),oui,oui,
https://daattorah.com/yd/94/base,fr,yoreh-deah,94,,1-Base,sources/yoreh-deah/siman-94/niveau-1-base.html,Siman צ״ד · Niveau 1 Base — Tremper une louche laitière dans une marmite de viande · Initiation pédagogique | DAAT,200 (fichier présent),oui,oui,
https://daattorah.com/yd/94/lamdan,fr,yoreh-deah,94,,2-Lamdan,sources/yoreh-deah/siman-94/niveau-2-lamdan.html,"Siman צ״ד · Niveau 2 Lamdan — Pilpoul approfondi · התוחב כף חולבת בקדרה של בשר, לשער נגד מה שנתחב ונותן טעם בר נותן טעם | DAAT",200 (fichier présent),oui,oui,
https://daattorah.com/yd/94/synthese/en,en,yoreh-deah,94,,3-Synthese,sources/yoreh-deah/siman-94/niveau-3-synthese-en.html,Siman צ״ד · Level 3 — Synthesis / Review — דין התוחב כף חולבת בקדרה של בשר | DAAT,200 (fichier présent),oui,oui,
https://daattorah.com/yd/94/synthese/he,he,yoreh-deah,94,,3-Synthese,sources/yoreh-deah/siman-94/niveau-3-synthese-he.html,סימן צ״ד · רמה 3 — סיכום / חזרה — דין התוחב כף חולבת בקדרה של בשר | DAAT,200 (fichier présent),oui,oui,
https://daattorah.com/yd/94/synthese,fr,yoreh-deah,94,,3-Synthese,sources/yoreh-deah/siman-94/niveau-3-synthese.html,Siman צ״ד · Niveau 3 — Synthèse / Révision — דין התוחב כף חולבת בקדרה של בשר | DAAT,200 (fichier présent),oui,oui,
https://daattorah.com/yd/94/halakha/en,en,yoreh-deah,94,,,sources/yoreh-deah/siman-94/niveau-4-halakha-en.html,Siman צ״ד · Level 4 — Halakha le-ma'asse / Psak · דין התוחב כף חולבת בקדרה של בשר | DAAT,200 (fichier présent),oui,oui,
https://daattorah.com/yd/94/halakha/he,he,yoreh-deah,94,,,sources/yoreh-deah/siman-94/niveau-4-halakha-he.html,סימן צ״ד · רמה 4 — הלכה למעשה / פסק · דין התוחב כף חולבת בקדרה של בשר | DAAT,200 (fichier présent),oui,oui,
https://daattorah.com/yd/94/halakha,fr,yoreh-deah,94,,,sources/yoreh-deah/siman-94/niveau-4-halakha.html,Siman צ״ד · Niveau 4 — Halakha lema'asse / Psak · דין התוחב כף חולבת בקדרה של בשר | DAAT,200 (fichier présent),oui,oui,
https://daattorah.com/yd/95/en,en,yoreh-deah,95,,Index,sources/yoreh-deah/siman-95/index-en.html,Siman 95 — Fish and Eggs Cooked in a Meat Pot | DAAT,200 (fichier présent),oui,oui,
https://daattorah.com/yd/95/he,he,yoreh-deah,95,,Index,sources/yoreh-deah/siman-95/index-he.html,סימן צ״ה — דין דגים וביצה שנתבשלו בקדרה של בשר | DAAT,200 (fichier présent),oui,oui,
https://daattorah.com/yd/95/,fr,yoreh-deah,95,,Index,sources/yoreh-deah/siman-95/index.html,Siman 95 — Poisson et œuf cuits dans une marmite | DAAT,200 (fichier présent),oui,oui,
https://daattorah.com/yd/95/base/en,en,yoreh-deah,95,,1-Base,sources/yoreh-deah/siman-95/niveau-1-base-en.html,Siman צ״ה · Level 1 Foundations — Fish and Eggs Cooked in a Meat Pot · Educational introduction | DAAT,200 (fichier présent),oui,oui,
https://daattorah.com/yd/95/base/he,he,yoreh-deah,95,,1-Base,sources/yoreh-deah/siman-95/niveau-1-base-he.html,סימן צ״ה · רמה 1 בסיס — דין דגים וביצה שנתבשלו בקדרה של בשר · מבוא לימודי | DAAT,200 (fichier présent),oui,oui,
https://daattorah.com/yd/95/base,fr,yoreh-deah,95,,1-Base,sources/yoreh-deah/siman-95/niveau-1-base.html,Siman צ״ה · Niveau 1 Base — Poisson et œuf cuits dans une marmite de viande · Initiation pédagogique | DAAT,200 (fichier présent),oui,oui,
https://daattorah.com/yd/95/lamdan,fr,yoreh-deah,95,,2-Lamdan,sources/yoreh-deah/siman-95/niveau-2-lamdan.html,"Siman צ״ה · Niveau 2 Lamdan — Pilpoul approfondi · דגים וביצה שנתבשלו בקדרה של בשר, נותן טעם בר נותן טעם דהיתרא | DAAT",200 (fichier présent),oui,oui,
https://daattorah.com/yd/95/synthese/en,en,yoreh-deah,95,,3-Synthese,sources/yoreh-deah/siman-95/niveau-3-synthese-en.html,Siman צ״ה · Level 3 — Synthesis / Review — דגים וביצה שנתבשלו בקדרה של בשר | DAAT,200 (fichier présent),oui,oui,
https://daattorah.com/yd/95/synthese/he,he,yoreh-deah,95,,3-Synthese,sources/yoreh-deah/siman-95/niveau-3-synthese-he.html,סימן צ״ה · רמה 3 — סיכום / חזרה — דגים וביצה שנתבשלו בקדרה של בשר | DAAT,200 (fichier présent),oui,oui,
https://daattorah.com/yd/95/synthese,fr,yoreh-deah,95,,3-Synthese,sources/yoreh-deah/siman-95/niveau-3-synthese.html,Siman צ״ה · Niveau 3 — Synthèse / Révision — דגים וביצה שנתבשלו בקדרה של בשר | DAAT,200 (fichier présent),oui,oui,
https://daattorah.com/yd/95/halakha/en,en,yoreh-deah,95,,,sources/yoreh-deah/siman-95/niveau-4-halakha-en.html,Siman צ״ה · Level 4 — Halakha le-ma'asse / Psak · דגים וביצה שנתבשלו בקדרה של בשר | DAAT,200 (fichier présent),oui,oui,
https://daattorah.com/yd/95/halakha/he,he,yoreh-deah,95,,,sources/yoreh-deah/siman-95/niveau-4-halakha-he.html,סימן צ״ה · רמה 4 — הלכה למעשה / פסק · דגים וביצה שנתבשלו בקדרה של בשר | DAAT,200 (fichier présent),oui,oui,
https://daattorah.com/yd/95/halakha,fr,yoreh-deah,95,,,sources/yoreh-deah/siman-95/niveau-4-halakha.html,Siman צ״ה · Niveau 4 — Halakha lema'asse / Psak · דגים וביצה שנתבשלו בקדרה של בשר | DAAT,200 (fichier présent),oui,oui,
https://daattorah.com/yd/96/en,en,yoreh-deah,96,,Index,sources/yoreh-deah/siman-96/index-en.html,Siman 96 — A Sharp Food Cut with a Knife (Davar Charif) | DAAT,200 (fichier présent),oui,oui,
https://daattorah.com/yd/96/he,he,yoreh-deah,96,,Index,sources/yoreh-deah/siman-96/index-he.html,סימן צ״ו — דין מאכל חריף שנחתך בסכין של בשר | DAAT,200 (fichier présent),oui,oui,
https://daattorah.com/yd/96/,fr,yoreh-deah,96,,Index,sources/yoreh-deah/siman-96/index.html,Siman 96 — L'aliment piquant coupé au couteau | DAAT,200 (fichier présent),oui,oui,
https://daattorah.com/yd/96/base/en,en,yoreh-deah,96,,1-Base,sources/yoreh-deah/siman-96/niveau-1-base-en.html,Siman צ״ו · Level 1 Foundations — A Sharp Food Cut with a Knife · Educational introduction | DAAT,200 (fichier présent),oui,oui,
https://daattorah.com/yd/96/base/he,he,yoreh-deah,96,,1-Base,sources/yoreh-deah/siman-96/niveau-1-base-he.html,סימן צ״ו · רמה 1 בסיס — דין מאכל חריף שנחתך בסכין של בשר · מבוא לימודי | DAAT,200 (fichier présent),oui,oui,
https://daattorah.com/yd/96/base,fr,yoreh-deah,96,,1-Base,sources/yoreh-deah/siman-96/niveau-1-base.html,Siman צ״ו · Niveau 1 Base — L'aliment piquant coupé au couteau · Initiation pédagogique | DAAT,200 (fichier présent),oui,oui,
https://daattorah.com/yd/96/lamdan,fr,yoreh-deah,96,,2-Lamdan,sources/yoreh-deah/siman-96/niveau-2-lamdan.html,Siman צ״ו · Niveau 2 Lamdan — Pilpoul approfondi — L'aliment piquant coupé au couteau (le דבר חריף) | DAAT,200 (fichier présent),oui,oui,
https://daattorah.com/yd/96/synthese/en,en,yoreh-deah,96,,3-Synthese,sources/yoreh-deah/siman-96/niveau-3-synthese-en.html,Siman צ״ו · Level 3 — Synthesis / Review — דין מאכל חריף שנחתך בסכין של בשר | DAAT,200 (fichier présent),oui,oui,
https://daattorah.com/yd/96/synthese/he,he,yoreh-deah,96,,3-Synthese,sources/yoreh-deah/siman-96/niveau-3-synthese-he.html,סימן צ״ו · רמה 3 — סיכום / חזרה — דין מאכל חריף שנחתך בסכין של בשר | DAAT,200 (fichier présent),oui,oui,
https://daattorah.com/yd/96/synthese,fr,yoreh-deah,96,,3-Synthese,sources/yoreh-deah/siman-96/niveau-3-synthese.html,Siman צ״ו · Niveau 3 — Synthèse / Révision — דין מאכל חריף שנחתך בסכין של בשר | DAAT,200 (fichier présent),oui,oui,
https://daattorah.com/yd/96/halakha/en,en,yoreh-deah,96,,,sources/yoreh-deah/siman-96/niveau-4-halakha-en.html,Siman צ״ו · Level 4 — Halakha le-ma'asse / Psak · דין מאכל חריף שנחתך בסכין של בשר | DAAT,200 (fichier présent),oui,oui,
https://daattorah.com/yd/96/halakha/he,he,yoreh-deah,96,,,sources/yoreh-deah/siman-96/niveau-4-halakha-he.html,סימן צ״ו · רמה 4 — הלכה למעשה / פסק · דין מאכל חריף שנחתך בסכין של בשר | DAAT,200 (fichier présent),oui,oui,
https://daattorah.com/yd/96/halakha,fr,yoreh-deah,96,,,sources/yoreh-deah/siman-96/niveau-4-halakha.html,Siman צ״ו · Niveau 4 — Halakha lema'asse / Psak · דין מאכל חריף שנחתך בסכין של בשר | DAAT,200 (fichier présent),oui,oui,
https://daattorah.com/yd/97/en,en,yoreh-deah,97,,Index,sources/yoreh-deah/siman-97/index-en.html,Siman 97 — Not Kneading Dough with Milk | DAAT,200 (fichier présent),oui,oui,
https://daattorah.com/yd/97/he,he,yoreh-deah,97,,Index,sources/yoreh-deah/siman-97/index-he.html,סימן צ״ז — דין שלא ללוש עיסה בחלב | DAAT,200 (fichier présent),oui,oui,
https://daattorah.com/yd/97/,fr,yoreh-deah,97,,Index,sources/yoreh-deah/siman-97/index.html,Siman 97 — Ne pas pétrir la pâte au lait | DAAT,200 (fichier présent),oui,oui,
https://daattorah.com/yd/97/base/en,en,yoreh-deah,97,,1-Base,sources/yoreh-deah/siman-97/niveau-1-base-en.html,Siman צ״ז · Level 1 Foundations — Not Kneading Dough with Milk · Educational introduction | DAAT,200 (fichier présent),oui,oui,
https://daattorah.com/yd/97/base/he,he,yoreh-deah,97,,1-Base,sources/yoreh-deah/siman-97/niveau-1-base-he.html,סימן צ״ז · רמה 1 בסיס — דין שלא ללוש עיסה בחלב · מבוא לימודי | DAAT,200 (fichier présent),oui,oui,
https://daattorah.com/yd/97/base,fr,yoreh-deah,97,,1-Base,sources/yoreh-deah/siman-97/niveau-1-base.html,Siman צ״ז · Niveau 1 Base — Ne pas pétrir la pâte au lait · Initiation pédagogique | DAAT,200 (fichier présent),oui,oui,
https://daattorah.com/yd/97/lamdan,fr,yoreh-deah,97,,2-Lamdan,sources/yoreh-deah/siman-97/niveau-2-lamdan.html,"Siman צ״ז · Niveau 2 Lamdan — Pilpoul approfondi · שלא ללוש עיסה בחלב, גזירה שמא יאכלנה עם בשר | DAAT",200 (fichier présent),oui,oui,
https://daattorah.com/yd/97/synthese/en,en,yoreh-deah,97,,3-Synthese,sources/yoreh-deah/siman-97/niveau-3-synthese-en.html,Siman צ״ז · Level 3 — Synthesis / Review — שלא ללוש עיסה בחלב | DAAT,200 (fichier présent),oui,oui,
https://daattorah.com/yd/97/synthese/he,he,yoreh-deah,97,,3-Synthese,sources/yoreh-deah/siman-97/niveau-3-synthese-he.html,סימן צ״ז · רמה 3 — סיכום / חזרה — שלא ללוש עיסה בחלב | DAAT,200 (fichier présent),oui,oui,
https://daattorah.com/yd/97/synthese,fr,yoreh-deah,97,,3-Synthese,sources/yoreh-deah/siman-97/niveau-3-synthese.html,Siman צ״ז · Niveau 3 — Synthèse / Révision — שלא ללוש עיסה בחלב | DAAT,200 (fichier présent),oui,oui,
https://daattorah.com/yd/97/halakha/en,en,yoreh-deah,97,,,sources/yoreh-deah/siman-97/niveau-4-halakha-en.html,Siman צ״ז · Level 4 — Halakha le-ma'asse / Psak · שלא ללוש עיסה בחלב | DAAT,200 (fichier présent),oui,oui,
https://daattorah.com/yd/97/halakha/he,he,yoreh-deah,97,,,sources/yoreh-deah/siman-97/niveau-4-halakha-he.html,סימן צ״ז · רמה 4 — הלכה למעשה / פסק · שלא ללוש עיסה בחלב | DAAT,200 (fichier présent),oui,oui,
https://daattorah.com/yd/97/halakha,fr,yoreh-deah,97,,,sources/yoreh-deah/siman-97/niveau-4-halakha.html,Siman צ״ז · Niveau 4 — Halakha lema'asse / Psak · שלא ללוש עיסה בחלב | DAAT,200 (fichier présent),oui,oui,
https://daattorah.com/yd/98/en,en,yoreh-deah,98,,Index,sources/yoreh-deah/siman-98/index-en.html,Siman 98 — A Prohibition Mixed into Permitted Food | DAAT,200 (fichier présent),oui,oui,
https://daattorah.com/yd/98/he,he,yoreh-deah,98,,Index,sources/yoreh-deah/siman-98/index-he.html,סימן צ״ח — דין איסור שנתערב בהיתר ואופן ביטולו | DAAT,200 (fichier présent),oui,oui,
https://daattorah.com/yd/98/,fr,yoreh-deah,98,,Index,sources/yoreh-deah/siman-98/index.html,Siman 98 — Un interdit mêlé à du permis et son annulation | DAAT,200 (fichier présent),oui,oui,
https://daattorah.com/yd/98/base/en,en,yoreh-deah,98,,1-Base,sources/yoreh-deah/siman-98/niveau-1-base-en.html,Siman צ״ח · Level 1 Foundations — A Prohibition Mixed into Permitted Food and Its Nullification (ביטול בששים) · Educational introduction | DAAT,200 (fichier présent),oui,oui,
https://daattorah.com/yd/98/base/he,he,yoreh-deah,98,,1-Base,sources/yoreh-deah/siman-98/niveau-1-base-he.html,סימן צ״ח · רמה 1 בסיס — דין איסור שנתערב בהיתר ואופן ביטולו (ביטול בששים) · מבוא לימודי | DAAT,200 (fichier présent),oui,oui,
https://daattorah.com/yd/98/base,fr,yoreh-deah,98,,1-Base,sources/yoreh-deah/siman-98/niveau-1-base.html,Siman צ״ח · Niveau 1 Base — Un interdit mêlé à du permis et son annulation (ביטול בששים) · Initiation pédagogique | DAAT,200 (fichier présent),oui,oui,
https://daattorah.com/yd/98/lamdan,fr,yoreh-deah,98,,2-Lamdan,sources/yoreh-deah/siman-98/niveau-2-lamdan.html,"Siman צ״ח · Niveau 2 Lamdan — Pilpoul approfondi · איסור שנתערב בהיתר וביטולו בששים, מין במינו ומין בשאינו מינו | DAAT",200 (fichier présent),oui,oui,
https://daattorah.com/yd/98/synthese/en,en,yoreh-deah,98,,3-Synthese,sources/yoreh-deah/siman-98/niveau-3-synthese-en.html,Siman צ״ח · Level 3 — Synthesis / Review — דין איסור שנתערב בהיתר ואופן ביטולו | DAAT,200 (fichier présent),oui,oui,
https://daattorah.com/yd/98/synthese/he,he,yoreh-deah,98,,3-Synthese,sources/yoreh-deah/siman-98/niveau-3-synthese-he.html,סימן צ״ח · רמה 3 — סיכום / חזרה — דין איסור שנתערב בהיתר ואופן ביטולו | DAAT,200 (fichier présent),oui,oui,
https://daattorah.com/yd/98/synthese,fr,yoreh-deah,98,,3-Synthese,sources/yoreh-deah/siman-98/niveau-3-synthese.html,Siman צ״ח · Niveau 3 — Synthèse / Révision — דין איסור שנתערב בהיתר ואופן ביטולו | DAAT,200 (fichier présent),oui,oui,
https://daattorah.com/yd/98/halakha/en,en,yoreh-deah,98,,,sources/yoreh-deah/siman-98/niveau-4-halakha-en.html,Siman צ״ח · Level 4 — Halakha le-ma'asse / Psak · דין איסור שנתערב בהיתר ואופן ביטולו | DAAT,200 (fichier présent),oui,oui,
https://daattorah.com/yd/98/halakha/he,he,yoreh-deah,98,,,sources/yoreh-deah/siman-98/niveau-4-halakha-he.html,סימן צ״ח · רמה 4 — הלכה למעשה / פסק · דין איסור שנתערב בהיתר ואופן ביטולו | DAAT,200 (fichier présent),oui,oui,
https://daattorah.com/yd/98/halakha,fr,yoreh-deah,98,,,sources/yoreh-deah/siman-98/niveau-4-halakha.html,Siman צ״ח · Niveau 4 — Halakha lema'asse / Psak · דין איסור שנתערב בהיתר ואופן ביטולו | DAAT,200 (fichier présent),oui,oui,
https://daattorah.com/yd/99/en,en,yoreh-deah,99,,Index,sources/yoreh-deah/siman-99/index-en.html,Siman 99 — One May Not Nullify a Prohibition Deliberately | DAAT,200 (fichier présent),oui,oui,
https://daattorah.com/yd/99/he,he,yoreh-deah,99,,Index,sources/yoreh-deah/siman-99/index-he.html,סימן צ״ט — דין העצמות וביטול איסור לכתחילה | DAAT,200 (fichier présent),oui,oui,
https://daattorah.com/yd/99/,fr,yoreh-deah,99,,Index,sources/yoreh-deah/siman-99/index.html,Siman 99 — On n'annule pas un interdit délibérément | DAAT,200 (fichier présent),oui,oui,
https://daattorah.com/yd/99/base/en,en,yoreh-deah,99,,1-Base,sources/yoreh-deah/siman-99/niveau-1-base-en.html,Siman צ״ט · Level 1 Foundations — One May Not Nullify a Prohibition Deliberately · Educational introduction | DAAT,200 (fichier présent),oui,oui,
https://daattorah.com/yd/99/base/he,he,yoreh-deah,99,,1-Base,sources/yoreh-deah/siman-99/niveau-1-base-he.html,סימן צ״ט · רמה 1 בסיס — דין העצמות וביטול איסור לכתחילה · מבוא לימודי | DAAT,200 (fichier présent),oui,oui,
https://daattorah.com/yd/99/base,fr,yoreh-deah,99,,1-Base,sources/yoreh-deah/siman-99/niveau-1-base.html,Siman צ״ט · Niveau 1 Base — On n'annule pas un interdit délibérément · Initiation pédagogique | DAAT,200 (fichier présent),oui,oui,
https://daattorah.com/yd/99/lamdan,fr,yoreh-deah,99,,2-Lamdan,sources/yoreh-deah/siman-99/niveau-2-lamdan.html,Siman צ״ט · Niveau 2 Lamdan — Pilpoul approfondi · דין העצמות אם מצטרפין לבטל איסור ושלא לבטל איסור לכתחילה | DAAT,200 (fichier présent),oui,oui,
https://daattorah.com/yd/99/synthese/en,en,yoreh-deah,99,,3-Synthese,sources/yoreh-deah/siman-99/niveau-3-synthese-en.html,Siman צ״ט · Level 3 — Synthesis / Review — דין העצמות וביטול איסור לכתחילה | DAAT,200 (fichier présent),oui,oui,
https://daattorah.com/yd/99/synthese/he,he,yoreh-deah,99,,3-Synthese,sources/yoreh-deah/siman-99/niveau-3-synthese-he.html,סימן צ״ט · רמה 3 — סיכום / חזרה — דין העצמות וביטול איסור לכתחילה | DAAT,200 (fichier présent),oui,oui,
https://daattorah.com/yd/99/synthese,fr,yoreh-deah,99,,3-Synthese,sources/yoreh-deah/siman-99/niveau-3-synthese.html,Siman צ״ט · Niveau 3 — Synthèse / Révision — דין העצמות וביטול איסור לכתחילה | DAAT,200 (fichier présent),oui,oui,
https://daattorah.com/yd/99/halakha/en,en,yoreh-deah,99,,,sources/yoreh-deah/siman-99/niveau-4-halakha-en.html,Siman צ״ט · Level 4 — Halakha le-ma'asse / Psak · דין העצמות וביטול איסור לכתחילה | DAAT,200 (fichier présent),oui,oui,
https://daattorah.com/yd/99/halakha/he,he,yoreh-deah,99,,,sources/yoreh-deah/siman-99/niveau-4-halakha-he.html,סימן צ״ט · רמה 4 — הלכה למעשה / פסק · דין העצמות וביטול איסור לכתחילה | DAAT,200 (fichier présent),oui,oui,
https://daattorah.com/yd/99/halakha,fr,yoreh-deah,99,,,sources/yoreh-deah/siman-99/niveau-4-halakha.html,Siman צ״ט · Niveau 4 — Halakha lema'asse / Psak · דין העצמות וביטול איסור לכתחילה | DAAT,200 (fichier présent),oui,oui,
https://daattorah.com/soutenir-en.html,en,racine,,,,soutenir-en.html,"Support DAAT — Donation, dedication & patronage",200 (fichier présent),oui,oui,
https://daattorah.com/soutenir-he.html,he,racine,,,,soutenir-he.html,"תמיכה בדעת — תרומה, הקדשה ונדבנות",200 (fichier présent),oui,oui,
https://daattorah.com/soutenir.html,fr,racine,,,,soutenir.html,"Soutenir DAAT — Don, dédicace & mécénat pour l'étude",200 (fichier présent),oui,oui,
