Pattern,Fichier,Detail
meta-gershayim,sources/orah-haim/siman-32/niveau-3-synthese.html,1 meta
meta-gershayim,sources/yoreh-deah/siman-102/niveau-1-base.html,1 meta
meta-gershayim,sources/yoreh-deah/siman-102/niveau-1-base-he.html,1 meta
titre-tronque,sources/yoreh-deah/siman-88/index.html,Siman 88 — Ne pas servir la viande sur une table où l'on | DAAT
coquille-sikhot,sources/shabbat/siman-245/niveau-4-daat-harav-en.html,סיכות (→שיחות)
meta-gershayim,sources/shabbat/siman-245/index-he.html,3 meta
meta-gershayim,sources/shabbat/siman-245/index.html,2 meta
coquille-sikhot,sources/shabbat/siman-245/niveau-4-daat-harav.html,סיכות (→שיחות)
meta-gershayim,sources/shabbat/siman-245/niveau-4-daat-harav.html,3 meta
meta-gershayim,sources/shabbat/siman-245/index-en.html,2 meta
coquille-sikhot,sources/shabbat/siman-262/niveau-4-daat-harav-en.html,סיכות (→שיחות)
titre-tronque,sources/shabbat/siman-262/niveau-4-daat-harav-en.html,Siman 262 · Level 4 Daat HaRav — Shittah (שיטה) of | Hilkhot Shabbat
compteur-3-niveaux,sources/shabbat/siman-262/index.html,Les 3 niveaux
coquille-sikhot,sources/shabbat/siman-262/niveau-4-daat-harav.html,סיכות (→שיחות)
meta-gershayim,sources/shabbat/siman-262/niveau-4-daat-harav.html,3 meta
coquille-sikhot,sources/shabbat/siman-280/niveau-4-daat-harav-en.html,סיכות (→שיחות)
meta-gershayim,sources/shabbat/siman-280/niveau-2-lamdan-en.html,3 meta
titre-tronque,sources/shabbat/siman-280/niveau-2-lamdan-en.html,"Siman <bdi>ר""פ</bdi> · Level 2 — Les relations conjugales à | Hilkhot Shabbat"
compteur-3-niveaux,sources/shabbat/siman-280/index.html,Les 3 niveaux
meta-gershayim,sources/shabbat/siman-280/niveau-1-base.html,4 meta
titre-tronque,sources/shabbat/siman-280/niveau-1-base.html,"Siman <bdi>ר""פ</bdi> · Niveau 1 — Les relations conjugales à | Hilkhot Shabbat"
coquille-sikhot,sources/shabbat/siman-280/niveau-4-daat-harav.html,סיכות (→שיחות)
meta-gershayim,sources/shabbat/siman-280/niveau-4-daat-harav.html,3 meta
coquille-sikhot,sources/shabbat/siman-280/niveau-4-daat-harav-he.html,סיכות (→שיחות)
meta-gershayim,sources/shabbat/siman-280/niveau-2-lamdan.html,3 meta
titre-tronque,sources/shabbat/siman-280/niveau-2-lamdan.html,"Siman <bdi>ר""פ</bdi> · Niveau 2 — Les relations conjugales à | Hilkhot Shabbat"
meta-gershayim,sources/shabbat/siman-280/niveau-3-synthese.html,3 meta
titre-tronque,sources/shabbat/siman-280/niveau-3-synthese.html,"Siman <bdi>ר""פ</bdi> · Niveau 3 — Les relations conjugales à | Hilkhot Shabbat"
meta-gershayim,sources/shabbat/siman-280/niveau-2-lamdan-he.html,3 meta
meta-gershayim,sources/shabbat/siman-358/niveau-4-daat-harav-en.html,2 meta
commentaire-a-verifier,sources/shabbat/siman-358/niveau-4-daat-harav-en.html,1
meta-gershayim,sources/shabbat/siman-358/niveau-2-lamdan-en.html,3 meta
titre-tronque,sources/shabbat/siman-358/niveau-2-lamdan-en.html,"Siman <bdi>שנ""ח</bdi> · Level 2 — Lieux entourés pour | Hilkhot Shabbat"
meta-gershayim,sources/shabbat/siman-358/niveau-1-base-en.html,2 meta
compteur-3-niveaux,sources/shabbat/siman-358/index.html,Les 3 niveaux
meta-gershayim,sources/shabbat/siman-358/niveau-1-base.html,4 meta
titre-tronque,sources/shabbat/siman-358/niveau-1-base.html,"Siman <bdi>שנ""ח</bdi> · Niveau 1 — Lieux entourés pour | Hilkhot Shabbat"
meta-gershayim,sources/shabbat/siman-358/niveau-3-synthese-he.html,2 meta
coquille-sikhot,sources/shabbat/siman-358/niveau-4-daat-harav.html,סיכות (→שיחות)
meta-gershayim,sources/shabbat/siman-358/niveau-4-daat-harav.html,3 meta
commentaire-a-verifier,sources/shabbat/siman-358/niveau-4-daat-harav.html,2
meta-gershayim,sources/shabbat/siman-358/niveau-4-daat-harav-he.html,2 meta
meta-gershayim,sources/shabbat/siman-358/niveau-2-lamdan.html,3 meta
titre-tronque,sources/shabbat/siman-358/niveau-2-lamdan.html,"Siman <bdi>שנ""ח</bdi> · Niveau 2 — Lieux entourés pour | Hilkhot Shabbat"
meta-gershayim,sources/shabbat/siman-358/niveau-3-synthese-en.html,2 meta
meta-gershayim,sources/shabbat/siman-358/niveau-3-synthese.html,3 meta
titre-tronque,sources/shabbat/siman-358/niveau-3-synthese.html,"Siman <bdi>שנ""ח</bdi> · Niveau 3 — Lieux entourés pour | Hilkhot Shabbat"
meta-gershayim,sources/shabbat/siman-358/niveau-1-base-he.html,2 meta
meta-gershayim,sources/shabbat/siman-358/niveau-2-lamdan-he.html,3 meta
coquille-sikhot,sources/shabbat/siman-365/niveau-4-daat-harav-en.html,סיכות (→שיחות)
meta-gershayim,sources/shabbat/siman-365/niveau-2-lamdan-en.html,3 meta
meta-gershayim,sources/shabbat/siman-365/niveau-1-base-en.html,4 meta
compteur-3-niveaux,sources/shabbat/siman-365/index.html,Les 3 niveaux
meta-gershayim,sources/shabbat/siman-365/niveau-1-base.html,4 meta
meta-gershayim,sources/shabbat/siman-365/niveau-3-synthese-he.html,3 meta
coquille-sikhot,sources/shabbat/siman-365/niveau-4-daat-harav.html,סיכות (→שיחות)
meta-gershayim,sources/shabbat/siman-365/niveau-4-daat-harav.html,3 meta
meta-gershayim,sources/shabbat/siman-365/niveau-2-lamdan.html,3 meta
meta-gershayim,sources/shabbat/siman-365/niveau-3-synthese-en.html,3 meta
meta-gershayim,sources/shabbat/siman-365/niveau-3-synthese.html,3 meta
meta-gershayim,sources/shabbat/siman-365/niveau-1-base-he.html,4 meta
meta-gershayim,sources/shabbat/siman-365/niveau-2-lamdan-he.html,3 meta
coquille-sikhot,sources/shabbat/siman-261/niveau-4-daat-harav-en.html,סיכות (→שיחות)
meta-gershayim,sources/shabbat/siman-261/niveau-4-daat-harav-en.html,3 meta
compteur-3-niveaux,sources/shabbat/siman-261/index.html,Les 3 niveaux
titre-tronque,sources/shabbat/siman-261/index.html,Siman 261 — Le moment de l'allumage des bougies de | Hilkhot Shabbat
titre-tronque,sources/shabbat/siman-261/niveau-1-base.html,Siman <bdi>רס״א</bdi> · Niveau 1 — Le moment de l'allumage des | Hilkhot Shabbat
coquille-sikhot,sources/shabbat/siman-261/niveau-4-daat-harav.html,סיכות (→שיחות)
meta-gershayim,sources/shabbat/siman-261/niveau-4-daat-harav.html,3 meta
coquille-sikhot,sources/shabbat/siman-297/niveau-4-daat-harav-en.html,סיכות (→שיחות)
meta-gershayim,sources/shabbat/siman-297/niveau-2-lamdan-en.html,3 meta
titre-tronque,sources/shabbat/siman-297/niveau-2-lamdan-en.html,"Siman <bdi>רצ""ז</bdi> · Level 2 — Les besamim (épices) pour | Hilkhot Shabbat"
compteur-3-niveaux,sources/shabbat/siman-297/index.html,Les 3 niveaux
meta-gershayim,sources/shabbat/siman-297/niveau-1-base.html,4 meta
titre-tronque,sources/shabbat/siman-297/niveau-1-base.html,"Siman <bdi>רצ""ז</bdi> · Niveau 1 — Les besamim (épices) pour | Hilkhot Shabbat"
meta-gershayim,sources/shabbat/siman-297/niveau-3-synthese-he.html,2 meta
coquille-sikhot,sources/shabbat/siman-297/niveau-4-daat-harav.html,סיכות (→שיחות)
meta-gershayim,sources/shabbat/siman-297/niveau-4-daat-harav.html,3 meta
meta-gershayim,sources/shabbat/siman-297/niveau-2-lamdan.html,3 meta
titre-tronque,sources/shabbat/siman-297/niveau-2-lamdan.html,"Siman <bdi>רצ""ז</bdi> · Niveau 2 — Les besamim (épices) pour | Hilkhot Shabbat"
meta-gershayim,sources/shabbat/siman-297/niveau-3-synthese.html,3 meta
titre-tronque,sources/shabbat/siman-297/niveau-3-synthese.html,"Siman <bdi>רצ""ז</bdi> · Niveau 3 — Les besamim (épices) pour | Hilkhot Shabbat"
meta-gershayim,sources/shabbat/siman-297/niveau-1-base-he.html,2 meta
meta-gershayim,sources/shabbat/siman-297/niveau-2-lamdan-he.html,3 meta
coquille-sikhot,sources/shabbat/siman-326/niveau-4-daat-harav-en.html,סיכות (→שיחות)
meta-gershayim,sources/shabbat/siman-326/niveau-4-daat-harav-en.html,3 meta
meta-gershayim,sources/shabbat/siman-326/niveau-2-lamdan-en.html,3 meta
meta-gershayim,sources/shabbat/siman-326/niveau-1-base-en.html,4 meta
compteur-3-niveaux,sources/shabbat/siman-326/index.html,Les 3 niveaux
meta-gershayim,sources/shabbat/siman-326/niveau-1-base.html,4 meta
meta-gershayim,sources/shabbat/siman-326/niveau-3-synthese-he.html,3 meta
coquille-sikhot,sources/shabbat/siman-326/niveau-4-daat-harav.html,סיכות (→שיחות)
meta-gershayim,sources/shabbat/siman-326/niveau-4-daat-harav.html,3 meta
meta-gershayim,sources/shabbat/siman-326/niveau-4-daat-harav-he.html,3 meta
meta-gershayim,sources/shabbat/siman-326/niveau-2-lamdan.html,3 meta
meta-gershayim,sources/shabbat/siman-326/niveau-3-synthese-en.html,3 meta
meta-gershayim,sources/shabbat/siman-326/niveau-3-synthese.html,3 meta
meta-gershayim,sources/shabbat/siman-326/niveau-1-base-he.html,4 meta
meta-gershayim,sources/shabbat/siman-326/niveau-2-lamdan-he.html,3 meta
coquille-sikhot,sources/shabbat/siman-289/niveau-4-daat-harav-en.html,סיכות (→שיחות)
meta-gershayim,sources/shabbat/siman-289/niveau-4-daat-harav-en.html,3 meta
meta-gershayim,sources/shabbat/siman-289/niveau-2-lamdan-en.html,3 meta
meta-gershayim,sources/shabbat/siman-289/niveau-1-base-en.html,4 meta
compteur-3-niveaux,sources/shabbat/siman-289/index.html,Les 3 niveaux
meta-gershayim,sources/shabbat/siman-289/niveau-1-base.html,4 meta
meta-gershayim,sources/shabbat/siman-289/niveau-3-synthese-he.html,3 meta
coquille-sikhot,sources/shabbat/siman-289/niveau-4-daat-harav.html,סיכות (→שיחות)
meta-gershayim,sources/shabbat/siman-289/niveau-4-daat-harav.html,3 meta
coquille-sikhot,sources/shabbat/siman-289/niveau-4-daat-harav-he.html,סיכות (→שיחות)
meta-gershayim,sources/shabbat/siman-289/niveau-4-daat-harav-he.html,5 meta
meta-gershayim,sources/shabbat/siman-289/niveau-2-lamdan.html,3 meta
meta-gershayim,sources/shabbat/siman-289/niveau-3-synthese-en.html,3 meta
meta-gershayim,sources/shabbat/siman-289/niveau-3-synthese.html,3 meta
meta-gershayim,sources/shabbat/siman-289/niveau-1-base-he.html,4 meta
meta-gershayim,sources/shabbat/siman-289/niveau-2-lamdan-he.html,3 meta
coquille-sikhot,sources/shabbat/siman-264/niveau-4-daat-harav-en.html,סיכות (→שיחות)
commentaire-a-verifier,sources/shabbat/siman-264/niveau-4-daat-harav-en.html,3
compteur-3-niveaux,sources/shabbat/siman-264/index-he.html,שלוש רמות
compteur-3-niveaux,sources/shabbat/siman-264/index.html,Les 3 niveaux
titre-tronque,sources/shabbat/siman-264/index.html,Siman 264 — Mèches et huile pour les bougies de | Hilkhot Shabbat
coquille-sikhot,sources/shabbat/siman-264/niveau-4-daat-harav.html,סיכות (→שיחות)
meta-gershayim,sources/shabbat/siman-264/niveau-4-daat-harav.html,3 meta
commentaire-a-verifier,sources/shabbat/siman-264/niveau-4-daat-harav.html,3
siman-siman-duplique,sources/shabbat/siman-264/niveau-4-daat-harav-he.html,סימן (סימן)
compteur-3-niveaux,sources/shabbat/siman-264/index-en.html,3 levels of limud
coquille-sikhot,sources/shabbat/siman-255/niveau-4-daat-harav-en.html,סיכות (→שיחות)
commentaire-a-verifier,sources/shabbat/siman-255/niveau-4-daat-harav-en.html,1
compteur-3-niveaux,sources/shabbat/siman-255/index.html,Les 3 niveaux
titre-tronque,sources/shabbat/siman-255/index.html,Siman 255 — Préparation du feu avant l'entrée de | Hilkhot Shabbat
coquille-sikhot,sources/shabbat/siman-255/niveau-4-daat-harav.html,סיכות (→שיחות)
meta-gershayim,sources/shabbat/siman-255/niveau-4-daat-harav.html,3 meta
commentaire-a-verifier,sources/shabbat/siman-255/niveau-4-daat-harav.html,1
coquille-sikhot,sources/shabbat/siman-355/niveau-4-daat-harav-en.html,סיכות (→שיחות)
meta-gershayim,sources/shabbat/siman-355/niveau-2-lamdan-en.html,3 meta
titre-tronque,sources/shabbat/siman-355/niveau-1-base-en.html,Siman 355 · Level 1 — Balcony Over Water and | Hilkhot Shabbat
compteur-3-niveaux,sources/shabbat/siman-355/index.html,Les 3 niveaux
meta-gershayim,sources/shabbat/siman-355/niveau-1-base.html,4 meta
meta-gershayim,sources/shabbat/siman-355/niveau-3-synthese-he.html,2 meta
coquille-sikhot,sources/shabbat/siman-355/niveau-4-daat-harav.html,סיכות (→שיחות)
meta-gershayim,sources/shabbat/siman-355/niveau-4-daat-harav.html,3 meta
meta-gershayim,sources/shabbat/siman-355/niveau-4-daat-harav-he.html,2 meta
meta-gershayim,sources/shabbat/siman-355/niveau-2-lamdan.html,3 meta
titre-tronque,sources/shabbat/siman-355/niveau-3-synthese-en.html,Siman 355 · Level 3 — Balcony Over Water and | Hilkhot Shabbat
meta-gershayim,sources/shabbat/siman-355/niveau-3-synthese.html,3 meta
meta-gershayim,sources/shabbat/siman-355/niveau-1-base-he.html,2 meta
meta-gershayim,sources/shabbat/siman-355/niveau-2-lamdan-he.html,3 meta
coquille-sikhot,sources/shabbat/siman-285/niveau-4-daat-harav-en.html,סיכות (→שיחות)
meta-gershayim,sources/shabbat/siman-285/niveau-4-daat-harav-en.html,3 meta
meta-gershayim,sources/shabbat/siman-285/niveau-2-lamdan-en.html,3 meta
titre-tronque,sources/shabbat/siman-285/niveau-2-lamdan-en.html,"Siman <bdi>רפ""ה</bdi> · Level 2 — Lire la parasha 2 fois en | Hilkhot Shabbat"
meta-gershayim,sources/shabbat/siman-285/niveau-1-base-en.html,4 meta
compteur-3-niveaux,sources/shabbat/siman-285/index.html,Les 3 niveaux
meta-gershayim,sources/shabbat/siman-285/niveau-1-base.html,4 meta
titre-tronque,sources/shabbat/siman-285/niveau-1-base.html,"Siman <bdi>רפ""ה</bdi> · Niveau 1 — Lire la parasha 2 fois en | Hilkhot Shabbat"
coquille-sikhot,sources/shabbat/siman-285/niveau-4-daat-harav.html,סיכות (→שיחות)
meta-gershayim,sources/shabbat/siman-285/niveau-4-daat-harav.html,3 meta
meta-gershayim,sources/shabbat/siman-285/niveau-2-lamdan.html,3 meta
titre-tronque,sources/shabbat/siman-285/niveau-2-lamdan.html,"Siman <bdi>רפ""ה</bdi> · Niveau 2 — Lire la parasha 2 fois en | Hilkhot Shabbat"
meta-gershayim,sources/shabbat/siman-285/niveau-3-synthese-en.html,3 meta
meta-gershayim,sources/shabbat/siman-285/niveau-3-synthese.html,3 meta
titre-tronque,sources/shabbat/siman-285/niveau-3-synthese.html,"Siman <bdi>רפ""ה</bdi> · Niveau 3 — Lire la parasha 2 fois en | Hilkhot Shabbat"
meta-gershayim,sources/shabbat/siman-285/niveau-2-lamdan-he.html,3 meta
coquille-sikhot,sources/shabbat/siman-328/niveau-4-daat-harav-en.html,סיכות (→שיחות)
meta-gershayim,sources/shabbat/siman-328/niveau-2-lamdan-en.html,3 meta
compteur-3-niveaux,sources/shabbat/siman-328/index.html,Les 3 niveaux
meta-gershayim,sources/shabbat/siman-328/niveau-1-base.html,4 meta
meta-gershayim,sources/shabbat/siman-328/niveau-3-synthese-he.html,2 meta
coquille-sikhot,sources/shabbat/siman-328/niveau-4-daat-harav.html,סיכות (→שיחות)
meta-gershayim,sources/shabbat/siman-328/niveau-4-daat-harav.html,3 meta
coquille-sikhot,sources/shabbat/siman-328/niveau-4-daat-harav-he.html,סיכות (→שיחות)
meta-gershayim,sources/shabbat/siman-328/niveau-4-daat-harav-he.html,3 meta
meta-gershayim,sources/shabbat/siman-328/niveau-2-lamdan.html,3 meta
meta-gershayim,sources/shabbat/siman-328/niveau-3-synthese.html,3 meta
meta-gershayim,sources/shabbat/siman-328/niveau-1-base-he.html,2 meta
meta-gershayim,sources/shabbat/siman-328/niveau-2-lamdan-he.html,3 meta
coquille-sikhot,sources/shabbat/siman-341/niveau-4-daat-harav-en.html,סיכות (→שיחות)
meta-gershayim,sources/shabbat/siman-341/niveau-4-daat-harav-en.html,3 meta
meta-gershayim,sources/shabbat/siman-341/niveau-2-lamdan-en.html,3 meta
titre-tronque,sources/shabbat/siman-341/niveau-2-lamdan-en.html,"Siman <bdi>שמ""א</bdi> · Level 2 — Annulation des vœux à | Hilkhot Shabbat"
meta-gershayim,sources/shabbat/siman-341/niveau-1-base-en.html,4 meta
compteur-3-niveaux,sources/shabbat/siman-341/index.html,Les 3 niveaux
meta-gershayim,sources/shabbat/siman-341/niveau-1-base.html,4 meta
titre-tronque,sources/shabbat/siman-341/niveau-1-base.html,"Siman <bdi>שמ""א</bdi> · Niveau 1 — Annulation des vœux à | Hilkhot Shabbat"
meta-gershayim,sources/shabbat/siman-341/niveau-3-synthese-he.html,3 meta
coquille-sikhot,sources/shabbat/siman-341/niveau-4-daat-harav.html,סיכות (→שיחות)
meta-gershayim,sources/shabbat/siman-341/niveau-4-daat-harav.html,3 meta
meta-gershayim,sources/shabbat/siman-341/niveau-4-daat-harav-he.html,3 meta
siman-siman-duplique,sources/shabbat/siman-341/niveau-4-daat-harav-he.html,סימן (סימן)
meta-gershayim,sources/shabbat/siman-341/niveau-2-lamdan.html,3 meta
titre-tronque,sources/shabbat/siman-341/niveau-2-lamdan.html,"Siman <bdi>שמ""א</bdi> · Niveau 2 — Annulation des vœux à | Hilkhot Shabbat"
meta-gershayim,sources/shabbat/siman-341/niveau-3-synthese-en.html,3 meta
meta-gershayim,sources/shabbat/siman-341/niveau-3-synthese.html,3 meta
titre-tronque,sources/shabbat/siman-341/niveau-3-synthese.html,"Siman <bdi>שמ""א</bdi> · Niveau 3 — Annulation des vœux à | Hilkhot Shabbat"
meta-gershayim,sources/shabbat/siman-341/niveau-1-base-he.html,4 meta
meta-gershayim,sources/shabbat/siman-341/niveau-2-lamdan-he.html,3 meta
coquille-sikhot,sources/shabbat/siman-357/niveau-4-daat-harav-en.html,סיכות (→שיחות)
meta-gershayim,sources/shabbat/siman-357/niveau-2-lamdan-en.html,3 meta
compteur-3-niveaux,sources/shabbat/siman-357/index.html,Les 3 niveaux
meta-gershayim,sources/shabbat/siman-357/niveau-1-base.html,4 meta
meta-gershayim,sources/shabbat/siman-357/niveau-3-synthese-he.html,3 meta
coquille-sikhot,sources/shabbat/siman-357/niveau-4-daat-harav.html,סיכות (→שיחות)
meta-gershayim,sources/shabbat/siman-357/niveau-4-daat-harav.html,3 meta
meta-gershayim,sources/shabbat/siman-357/niveau-4-daat-harav-he.html,1 meta
meta-gershayim,sources/shabbat/siman-357/niveau-2-lamdan.html,3 meta
meta-gershayim,sources/shabbat/siman-357/niveau-3-synthese-en.html,3 meta
meta-gershayim,sources/shabbat/siman-357/niveau-3-synthese.html,3 meta
meta-gershayim,sources/shabbat/siman-357/niveau-1-base-he.html,1 meta
meta-gershayim,sources/shabbat/siman-357/niveau-2-lamdan-he.html,3 meta
coquille-sikhot,sources/shabbat/siman-346/niveau-4-daat-harav-en.html,סיכות (→שיחות)
meta-gershayim,sources/shabbat/siman-346/niveau-4-daat-harav-en.html,3 meta
meta-gershayim,sources/shabbat/siman-346/niveau-2-lamdan-en.html,3 meta
meta-gershayim,sources/shabbat/siman-346/niveau-1-base-en.html,4 meta
compteur-3-niveaux,sources/shabbat/siman-346/index-he.html,שלוש רמות
compteur-3-niveaux,sources/shabbat/siman-346/index.html,Les 3 niveaux
meta-gershayim,sources/shabbat/siman-346/niveau-1-base.html,4 meta
meta-gershayim,sources/shabbat/siman-346/niveau-3-synthese-he.html,3 meta
coquille-sikhot,sources/shabbat/siman-346/niveau-4-daat-harav.html,סיכות (→שיחות)
meta-gershayim,sources/shabbat/siman-346/niveau-4-daat-harav.html,3 meta
coquille-sikhot,sources/shabbat/siman-346/niveau-4-daat-harav-he.html,סיכות (→שיחות)
meta-gershayim,sources/shabbat/siman-346/niveau-4-daat-harav-he.html,5 meta
siman-siman-duplique,sources/shabbat/siman-346/niveau-4-daat-harav-he.html,סימן (סימן)
meta-gershayim,sources/shabbat/siman-346/niveau-2-lamdan.html,3 meta
meta-gershayim,sources/shabbat/siman-346/niveau-3-synthese-en.html,3 meta
meta-gershayim,sources/shabbat/siman-346/niveau-3-synthese.html,3 meta
meta-gershayim,sources/shabbat/siman-346/niveau-1-base-he.html,4 meta
meta-gershayim,sources/shabbat/siman-346/niveau-2-lamdan-he.html,3 meta
compteur-3-niveaux,sources/shabbat/siman-256/index.html,Les 3 niveaux
coquille-sikhot,sources/shabbat/siman-256/niveau-4-daat-harav.html,סיכות (→שיחות)
meta-gershayim,sources/shabbat/siman-256/niveau-4-daat-harav.html,3 meta
siman-siman-duplique,sources/shabbat/siman-256/niveau-4-daat-harav-he.html,סימן (סימן)
coquille-sikhot,sources/shabbat/siman-267/niveau-4-daat-harav-en.html,סיכות (→שיחות)
meta-gershayim,sources/shabbat/siman-267/niveau-2-lamdan-en.html,3 meta
compteur-3-niveaux,sources/shabbat/siman-267/index-he.html,שלוש רמות
compteur-3-niveaux,sources/shabbat/siman-267/index.html,Les 3 niveaux
meta-gershayim,sources/shabbat/siman-267/niveau-1-base.html,4 meta
coquille-sikhot,sources/shabbat/siman-267/niveau-4-daat-harav.html,סיכות (→שיחות)
meta-gershayim,sources/shabbat/siman-267/niveau-4-daat-harav.html,3 meta
coquille-sikhot,sources/shabbat/siman-267/niveau-4-daat-harav-he.html,סיכות (→שיחות)
siman-siman-duplique,sources/shabbat/siman-267/niveau-4-daat-harav-he.html,סימן (סימן)
meta-gershayim,sources/shabbat/siman-267/niveau-2-lamdan.html,3 meta
meta-gershayim,sources/shabbat/siman-267/niveau-3-synthese.html,3 meta
meta-gershayim,sources/shabbat/siman-267/niveau-2-lamdan-he.html,3 meta
commentaire-a-verifier,sources/shabbat/siman-322/niveau-4-daat-harav-en.html,4
meta-gershayim,sources/shabbat/siman-322/niveau-2-lamdan-en.html,3 meta
meta-gershayim,sources/shabbat/siman-322/niveau-1-base-en.html,4 meta
compteur-3-niveaux,sources/shabbat/siman-322/index-he.html,שלוש רמות
compteur-3-niveaux,sources/shabbat/siman-322/index.html,Les 3 niveaux
meta-gershayim,sources/shabbat/siman-322/niveau-1-base.html,4 meta
meta-gershayim,sources/shabbat/siman-322/niveau-3-synthese-he.html,3 meta
commentaire-a-verifier,sources/shabbat/siman-322/niveau-4-daat-harav.html,5
meta-gershayim,sources/shabbat/siman-322/niveau-4-daat-harav-he.html,2 meta
commentaire-a-verifier,sources/shabbat/siman-322/niveau-4-daat-harav-he.html,2
meta-gershayim,sources/shabbat/siman-322/niveau-2-lamdan.html,3 meta
meta-gershayim,sources/shabbat/siman-322/niveau-3-synthese-en.html,3 meta
meta-gershayim,sources/shabbat/siman-322/niveau-3-synthese.html,3 meta
meta-gershayim,sources/shabbat/siman-322/niveau-1-base-he.html,4 meta
compteur-3-niveaux,sources/shabbat/siman-322/index-en.html,3 levels of study
meta-gershayim,sources/shabbat/siman-322/niveau-2-lamdan-he.html,3 meta
coquille-sikhot,sources/shabbat/siman-253/niveau-4-daat-harav-en.html,סיכות (→שיחות)
meta-gershayim,sources/shabbat/siman-253/niveau-4-daat-harav-en.html,3 meta
titre-tronque,sources/shabbat/siman-253/niveau-4-daat-harav-en.html,Siman 253 · Level 4 — Shitah of the Alter Rebbe on | Hilkhot Shabbat
commentaire-a-verifier,sources/shabbat/siman-253/niveau-4-daat-harav-en.html,2
compteur-3-niveaux,sources/shabbat/siman-253/index.html,Les 3 niveaux
coquille-sikhot,sources/shabbat/siman-253/niveau-4-daat-harav.html,סיכות (→שיחות)
meta-gershayim,sources/shabbat/siman-253/niveau-4-daat-harav.html,3 meta
commentaire-a-verifier,sources/shabbat/siman-253/niveau-4-daat-harav.html,2
coquille-sikhot,sources/shabbat/siman-336/niveau-4-daat-harav-en.html,סיכות (→שיחות)
meta-gershayim,sources/shabbat/siman-336/niveau-4-daat-harav-en.html,3 meta
meta-gershayim,sources/shabbat/siman-336/niveau-2-lamdan-en.html,3 meta
meta-gershayim,sources/shabbat/siman-336/niveau-1-base-en.html,1 meta
titre-tronque,sources/shabbat/siman-336/niveau-1-base-en.html,"Siman 336 (של""ו) · Level 1 — Walking on grass and | Hilkhot Shabbat"
compteur-3-niveaux,sources/shabbat/siman-336/index.html,Les 3 niveaux
meta-gershayim,sources/shabbat/siman-336/niveau-1-base.html,4 meta
meta-gershayim,sources/shabbat/siman-336/niveau-3-synthese-he.html,2 meta
coquille-sikhot,sources/shabbat/siman-336/niveau-4-daat-harav.html,סיכות (→שיחות)
meta-gershayim,sources/shabbat/siman-336/niveau-4-daat-harav.html,3 meta
coquille-sikhot,sources/shabbat/siman-336/niveau-4-daat-harav-he.html,סיכות (→שיחות)
meta-gershayim,sources/shabbat/siman-336/niveau-4-daat-harav-he.html,3 meta
meta-gershayim,sources/shabbat/siman-336/niveau-2-lamdan.html,3 meta
meta-gershayim,sources/shabbat/siman-336/niveau-3-synthese-en.html,1 meta
titre-tronque,sources/shabbat/siman-336/niveau-3-synthese-en.html,"Siman 336 (של""ו) · Level 3 — Walking on grass and | Hilkhot Shabbat"
meta-gershayim,sources/shabbat/siman-336/niveau-3-synthese.html,3 meta
meta-gershayim,sources/shabbat/siman-336/niveau-1-base-he.html,2 meta
titre-tronque,sources/shabbat/siman-336/index-en.html,Siman 336 — Walking on grass and climbing trees on | Hilkhot Shabbat
meta-gershayim,sources/shabbat/siman-336/niveau-2-lamdan-he.html,3 meta
coquille-sikhot,sources/shabbat/siman-301/niveau-4-daat-harav-en.html,סיכות (→שיחות)
meta-gershayim,sources/shabbat/siman-301/niveau-2-lamdan-en.html,3 meta
meta-gershayim,sources/shabbat/siman-301/niveau-1-base-en.html,4 meta
titre-tronque,sources/shabbat/siman-301/niveau-1-base-en.html,"Siman ש""א · Level 1 — Going out with clothing and | Hilkhot Shabbat"
compteur-3-niveaux,sources/shabbat/siman-301/index.html,Les 3 niveaux
meta-gershayim,sources/shabbat/siman-301/niveau-1-base.html,4 meta
meta-gershayim,sources/shabbat/siman-301/niveau-3-synthese-he.html,2 meta
coquille-sikhot,sources/shabbat/siman-301/niveau-4-daat-harav.html,סיכות (→שיחות)
meta-gershayim,sources/shabbat/siman-301/niveau-4-daat-harav.html,3 meta
commentaire-a-verifier,sources/shabbat/siman-301/niveau-4-daat-harav.html,8
meta-gershayim,sources/shabbat/siman-301/niveau-2-lamdan.html,3 meta
meta-gershayim,sources/shabbat/siman-301/niveau-3-synthese-en.html,2 meta
meta-gershayim,sources/shabbat/siman-301/niveau-3-synthese.html,3 meta
meta-gershayim,sources/shabbat/siman-301/niveau-1-base-he.html,4 meta
titre-tronque,sources/shabbat/siman-301/index-en.html,Siman 301 — Going out on Shabbos with clothing and | Hilkhot Shabbat
meta-gershayim,sources/shabbat/siman-301/niveau-2-lamdan-he.html,3 meta
coquille-sikhot,sources/shabbat/siman-320/niveau-4-daat-harav-en.html,סיכות (→שיחות)
meta-gershayim,sources/shabbat/siman-320/niveau-4-daat-harav-en.html,3 meta
commentaire-a-verifier,sources/shabbat/siman-320/niveau-4-daat-harav-en.html,1
meta-gershayim,sources/shabbat/siman-320/niveau-2-lamdan-en.html,3 meta
meta-gershayim,sources/shabbat/siman-320/niveau-1-base-en.html,3 meta
titre-tronque,sources/shabbat/siman-320/niveau-1-base-en.html,"Siman <bdi>ש""כ</bdi> · Level 1 — Sechitah (Squeezing) on | Hilkhot Shabbat"
compteur-3-niveaux,sources/shabbat/siman-320/index.html,Les 3 niveaux
meta-gershayim,sources/shabbat/siman-320/niveau-1-base.html,4 meta
meta-gershayim,sources/shabbat/siman-320/niveau-3-synthese-he.html,3 meta
coquille-sikhot,sources/shabbat/siman-320/niveau-4-daat-harav.html,סיכות (→שיחות)
meta-gershayim,sources/shabbat/siman-320/niveau-4-daat-harav.html,3 meta
commentaire-a-verifier,sources/shabbat/siman-320/niveau-4-daat-harav.html,1
coquille-sikhot,sources/shabbat/siman-320/niveau-4-daat-harav-he.html,סיכות (→שיחות)
meta-gershayim,sources/shabbat/siman-320/niveau-4-daat-harav-he.html,5 meta
meta-gershayim,sources/shabbat/siman-320/niveau-2-lamdan.html,3 meta
meta-gershayim,sources/shabbat/siman-320/niveau-3-synthese-en.html,3 meta
meta-gershayim,sources/shabbat/siman-320/niveau-3-synthese.html,3 meta
meta-gershayim,sources/shabbat/siman-320/niveau-1-base-he.html,4 meta
meta-gershayim,sources/shabbat/siman-320/niveau-2-lamdan-he.html,3 meta
meta-gershayim,sources/shabbat/siman-275/niveau-4-daat-harav-en.html,3 meta
commentaire-a-verifier,sources/shabbat/siman-275/niveau-4-daat-harav-en.html,3
meta-gershayim,sources/shabbat/siman-275/niveau-2-lamdan-en.html,3 meta
meta-gershayim,sources/shabbat/siman-275/niveau-1-base-en.html,4 meta
compteur-3-niveaux,sources/shabbat/siman-275/index.html,Les 3 niveaux
meta-gershayim,sources/shabbat/siman-275/niveau-1-base.html,4 meta
meta-gershayim,sources/shabbat/siman-275/niveau-3-synthese-he.html,3 meta
coquille-sikhot,sources/shabbat/siman-275/niveau-4-daat-harav.html,סיכות (→שיחות)
meta-gershayim,sources/shabbat/siman-275/niveau-4-daat-harav.html,3 meta
commentaire-a-verifier,sources/shabbat/siman-275/niveau-4-daat-harav.html,3
meta-gershayim,sources/shabbat/siman-275/niveau-4-daat-harav-he.html,3 meta
meta-gershayim,sources/shabbat/siman-275/niveau-2-lamdan.html,3 meta
meta-gershayim,sources/shabbat/siman-275/niveau-3-synthese-en.html,3 meta
meta-gershayim,sources/shabbat/siman-275/niveau-3-synthese.html,3 meta
meta-gershayim,sources/shabbat/siman-275/niveau-1-base-he.html,4 meta
meta-gershayim,sources/shabbat/siman-275/niveau-2-lamdan-he.html,3 meta
coquille-sikhot,sources/shabbat/siman-307/niveau-4-daat-harav-en.html,סיכות (→שיחות)
meta-gershayim,sources/shabbat/siman-307/niveau-4-daat-harav-en.html,3 meta
meta-gershayim,sources/shabbat/siman-307/niveau-2-lamdan-en.html,3 meta
meta-gershayim,sources/shabbat/siman-307/niveau-1-base-en.html,5 meta
compteur-3-niveaux,sources/shabbat/siman-307/index.html,Les 3 niveaux
meta-gershayim,sources/shabbat/siman-307/niveau-1-base.html,4 meta
meta-gershayim,sources/shabbat/siman-307/niveau-3-synthese-he.html,3 meta
coquille-sikhot,sources/shabbat/siman-307/niveau-4-daat-harav.html,סיכות (→שיחות)
meta-gershayim,sources/shabbat/siman-307/niveau-4-daat-harav.html,3 meta
meta-gershayim,sources/shabbat/siman-307/niveau-4-daat-harav-he.html,5 meta
meta-gershayim,sources/shabbat/siman-307/niveau-2-lamdan.html,3 meta
meta-gershayim,sources/shabbat/siman-307/niveau-3-synthese-en.html,3 meta
meta-gershayim,sources/shabbat/siman-307/niveau-3-synthese.html,3 meta
meta-gershayim,sources/shabbat/siman-307/niveau-1-base-he.html,5 meta
meta-gershayim,sources/shabbat/siman-307/niveau-2-lamdan-he.html,3 meta
coquille-sikhot,sources/shabbat/siman-257/niveau-4-daat-harav-en.html,סיכות (→שיחות)
commentaire-a-verifier,sources/shabbat/siman-257/niveau-4-daat-harav-en.html,5
compteur-3-niveaux,sources/shabbat/siman-257/index-he.html,שלוש רמות
compteur-3-niveaux,sources/shabbat/siman-257/index.html,Les 3 niveaux
coquille-sikhot,sources/shabbat/siman-257/niveau-4-daat-harav.html,סיכות (→שיחות)
meta-gershayim,sources/shabbat/siman-257/niveau-4-daat-harav.html,3 meta
commentaire-a-verifier,sources/shabbat/siman-257/niveau-4-daat-harav.html,5
coquille-sikhot,sources/shabbat/siman-246/niveau-4-daat-harav-en.html,סיכות (→שיחות)
titre-tronque,sources/shabbat/siman-246/niveau-1-base-en.html,Siman רמ״ו · Level 1 — Lending and Renting Kelim to | Hilkhot Shabbat
compteur-3-niveaux,sources/shabbat/siman-246/index-he.html,שלוש רמות
meta-gershayim,sources/shabbat/siman-246/index-he.html,5 meta
titre-tronque,sources/shabbat/siman-246/niveau-1-base.html,Siman רמ״ו · Niveau 1 — Prêt et location à un | Hilkhot Shabbat
coquille-sikhot,sources/shabbat/siman-246/niveau-4-daat-harav.html,סיכות (→שיחות)
titre-siman-242,sources/shabbat/siman-246/niveau-4-daat-harav.html,Siman 242 · Niveau 4 — Chitah de l'Admour HaZaken | Hilkhot Shabbat
coquille-sikhot,sources/shabbat/siman-246/niveau-4-daat-harav-he.html,סיכות (→שיחות)
titre-tronque,sources/shabbat/siman-246/index-en.html,Siman רמ״ו — Lending and Renting Utensils to a | Hilkhot Shabbat
coquille-sikhot,sources/shabbat/siman-295/niveau-4-daat-harav-en.html,סיכות (→שיחות)
meta-gershayim,sources/shabbat/siman-295/niveau-4-daat-harav-en.html,3 meta
meta-gershayim,sources/shabbat/siman-295/niveau-2-lamdan-en.html,3 meta
meta-gershayim,sources/shabbat/siman-295/niveau-1-base-en.html,4 meta
compteur-3-niveaux,sources/shabbat/siman-295/index.html,Les 3 niveaux
titre-tronque,sources/shabbat/siman-295/index.html,Siman 295 — Avdala faite par le chliach tsibour à | Hilkhot Shabbat
meta-gershayim,sources/shabbat/siman-295/niveau-1-base.html,4 meta
meta-gershayim,sources/shabbat/siman-295/niveau-3-synthese-he.html,3 meta
coquille-sikhot,sources/shabbat/siman-295/niveau-4-daat-harav.html,סיכות (→שיחות)
meta-gershayim,sources/shabbat/siman-295/niveau-4-daat-harav.html,3 meta
commentaire-a-verifier,sources/shabbat/siman-295/niveau-4-daat-harav.html,1
meta-gershayim,sources/shabbat/siman-295/niveau-4-daat-harav-he.html,5 meta
meta-gershayim,sources/shabbat/siman-295/niveau-2-lamdan.html,3 meta
meta-gershayim,sources/shabbat/siman-295/niveau-3-synthese-en.html,3 meta
meta-gershayim,sources/shabbat/siman-295/niveau-3-synthese.html,3 meta
meta-gershayim,sources/shabbat/siman-295/niveau-1-base-he.html,4 meta
meta-gershayim,sources/shabbat/siman-295/niveau-2-lamdan-he.html,3 meta
coquille-sikhot,sources/shabbat/siman-337/niveau-4-daat-harav-en.html,סיכות (→שיחות)
meta-gershayim,sources/shabbat/siman-337/niveau-4-daat-harav-en.html,3 meta
meta-gershayim,sources/shabbat/siman-337/niveau-2-lamdan-en.html,3 meta
meta-gershayim,sources/shabbat/siman-337/niveau-1-base-en.html,4 meta
compteur-3-niveaux,sources/shabbat/siman-337/index.html,Les 3 niveaux
meta-gershayim,sources/shabbat/siman-337/niveau-1-base.html,4 meta
meta-gershayim,sources/shabbat/siman-337/niveau-3-synthese-he.html,3 meta
coquille-sikhot,sources/shabbat/siman-337/niveau-4-daat-harav.html,סיכות (→שיחות)
meta-gershayim,sources/shabbat/siman-337/niveau-4-daat-harav.html,3 meta
meta-gershayim,sources/shabbat/siman-337/niveau-4-daat-harav-he.html,5 meta
meta-gershayim,sources/shabbat/siman-337/niveau-2-lamdan.html,3 meta
meta-gershayim,sources/shabbat/siman-337/niveau-3-synthese-en.html,3 meta
meta-gershayim,sources/shabbat/siman-337/niveau-3-synthese.html,3 meta
meta-gershayim,sources/shabbat/siman-337/niveau-1-base-he.html,4 meta
meta-gershayim,sources/shabbat/siman-337/niveau-2-lamdan-he.html,3 meta
coquille-sikhot,sources/shabbat/siman-284/niveau-4-daat-harav-en.html,סיכות (→שיחות)
meta-gershayim,sources/shabbat/siman-284/niveau-4-daat-harav-en.html,3 meta
meta-gershayim,sources/shabbat/siman-284/niveau-2-lamdan-en.html,3 meta
meta-gershayim,sources/shabbat/siman-284/niveau-1-base-en.html,4 meta
compteur-3-niveaux,sources/shabbat/siman-284/index.html,Les 3 niveaux
meta-gershayim,sources/shabbat/siman-284/niveau-1-base.html,4 meta
coquille-sikhot,sources/shabbat/siman-284/niveau-4-daat-harav.html,סיכות (→שיחות)
meta-gershayim,sources/shabbat/siman-284/niveau-4-daat-harav.html,3 meta
meta-gershayim,sources/shabbat/siman-284/niveau-2-lamdan.html,3 meta
meta-gershayim,sources/shabbat/siman-284/niveau-3-synthese-en.html,3 meta
meta-gershayim,sources/shabbat/siman-284/niveau-3-synthese.html,3 meta
meta-gershayim,sources/shabbat/siman-284/niveau-2-lamdan-he.html,3 meta
coquille-sikhot,sources/shabbat/siman-283/niveau-4-daat-harav-en.html,סיכות (→שיחות)
meta-gershayim,sources/shabbat/siman-283/niveau-2-lamdan-en.html,3 meta
compteur-3-niveaux,sources/shabbat/siman-283/index.html,Les 3 niveaux
meta-gershayim,sources/shabbat/siman-283/niveau-1-base.html,4 meta
coquille-sikhot,sources/shabbat/siman-283/niveau-4-daat-harav.html,סיכות (→שיחות)
meta-gershayim,sources/shabbat/siman-283/niveau-4-daat-harav.html,3 meta
meta-gershayim,sources/shabbat/siman-283/niveau-2-lamdan.html,3 meta
meta-gershayim,sources/shabbat/siman-283/niveau-3-synthese.html,3 meta
titre-tronque,sources/shabbat/siman-283/index-en.html,Siman 283 — Why we don't take out 2 Sifrei Torah on | Hilkhot Shabbat
meta-gershayim,sources/shabbat/siman-283/niveau-2-lamdan-he.html,3 meta
coquille-sikhot,sources/shabbat/siman-286/niveau-4-daat-harav-en.html,סיכות (→שיחות)
meta-gershayim,sources/shabbat/siman-286/niveau-4-daat-harav-en.html,3 meta
titre-tronque,sources/shabbat/siman-286/niveau-4-daat-harav-en.html,Siman 286 · Level 4 — Shitah of the Alter Rebbe on | Hilkhot Shabbat
meta-gershayim,sources/shabbat/siman-286/niveau-2-lamdan-en.html,3 meta
compteur-3-niveaux,sources/shabbat/siman-286/index.html,Les 3 niveaux
meta-gershayim,sources/shabbat/siman-286/niveau-1-base.html,4 meta
coquille-sikhot,sources/shabbat/siman-286/niveau-4-daat-harav.html,סיכות (→שיחות)
meta-gershayim,sources/shabbat/siman-286/niveau-4-daat-harav.html,3 meta
meta-gershayim,sources/shabbat/siman-286/niveau-2-lamdan.html,3 meta
meta-gershayim,sources/shabbat/siman-286/niveau-3-synthese.html,3 meta
meta-gershayim,sources/shabbat/siman-286/niveau-2-lamdan-he.html,3 meta
coquille-sikhot,sources/shabbat/siman-343/niveau-4-daat-harav-en.html,סיכות (→שיחות)
meta-gershayim,sources/shabbat/siman-343/niveau-4-daat-harav-en.html,3 meta
meta-gershayim,sources/shabbat/siman-343/niveau-2-lamdan-en.html,3 meta
meta-gershayim,sources/shabbat/siman-343/niveau-1-base-en.html,4 meta
compteur-3-niveaux,sources/shabbat/siman-343/index.html,Les 3 niveaux
meta-gershayim,sources/shabbat/siman-343/niveau-1-base.html,4 meta
meta-gershayim,sources/shabbat/siman-343/niveau-3-synthese-he.html,3 meta
coquille-sikhot,sources/shabbat/siman-343/niveau-4-daat-harav.html,סיכות (→שיחות)
meta-gershayim,sources/shabbat/siman-343/niveau-4-daat-harav.html,3 meta
coquille-sikhot,sources/shabbat/siman-343/niveau-4-daat-harav-he.html,סיכות (→שיחות)
meta-gershayim,sources/shabbat/siman-343/niveau-4-daat-harav-he.html,3 meta
meta-gershayim,sources/shabbat/siman-343/niveau-2-lamdan.html,3 meta
meta-gershayim,sources/shabbat/siman-343/niveau-3-synthese-en.html,3 meta
meta-gershayim,sources/shabbat/siman-343/niveau-3-synthese.html,3 meta
meta-gershayim,sources/shabbat/siman-343/niveau-1-base-he.html,4 meta
meta-gershayim,sources/shabbat/siman-343/niveau-2-lamdan-he.html,3 meta
coquille-sikhot,sources/shabbat/siman-327/niveau-4-daat-harav-en.html,סיכות (→שיחות)
titre-tronque,sources/shabbat/siman-327/niveau-4-daat-harav-en.html,Siman שכ״ז · Level 4 — Daat HaRav — Shitah of the | Hilkhot Shabbat
meta-gershayim,sources/shabbat/siman-327/niveau-2-lamdan-en.html,3 meta
compteur-3-niveaux,sources/shabbat/siman-327/index.html,Les 3 niveaux
meta-gershayim,sources/shabbat/siman-327/niveau-1-base.html,4 meta
meta-gershayim,sources/shabbat/siman-327/niveau-3-synthese-he.html,3 meta
coquille-sikhot,sources/shabbat/siman-327/niveau-4-daat-harav.html,סיכות (→שיחות)
meta-gershayim,sources/shabbat/siman-327/niveau-4-daat-harav.html,3 meta
meta-gershayim,sources/shabbat/siman-327/niveau-2-lamdan.html,3 meta
meta-gershayim,sources/shabbat/siman-327/niveau-3-synthese-en.html,3 meta
meta-gershayim,sources/shabbat/siman-327/niveau-3-synthese.html,3 meta
meta-gershayim,sources/shabbat/siman-327/niveau-2-lamdan-he.html,3 meta
coquille-sikhot,sources/shabbat/siman-270/niveau-4-daat-harav-en.html,סיכות (→שיחות)
meta-gershayim,sources/shabbat/siman-270/niveau-4-daat-harav-en.html,3 meta
meta-gershayim,sources/shabbat/siman-270/niveau-2-lamdan-en.html,3 meta
meta-gershayim,sources/shabbat/siman-270/niveau-1-base-en.html,4 meta
compteur-3-niveaux,sources/shabbat/siman-270/index.html,Les 3 niveaux
meta-gershayim,sources/shabbat/siman-270/niveau-1-base.html,4 meta
meta-gershayim,sources/shabbat/siman-270/niveau-3-synthese-he.html,3 meta
coquille-sikhot,sources/shabbat/siman-270/niveau-4-daat-harav.html,סיכות (→שיחות)
meta-gershayim,sources/shabbat/siman-270/niveau-4-daat-harav.html,3 meta
coquille-sikhot,sources/shabbat/siman-270/niveau-4-daat-harav-he.html,סיכות (→שיחות)
meta-gershayim,sources/shabbat/siman-270/niveau-4-daat-harav-he.html,3 meta
meta-gershayim,sources/shabbat/siman-270/niveau-2-lamdan.html,3 meta
meta-gershayim,sources/shabbat/siman-270/niveau-3-synthese-en.html,3 meta
meta-gershayim,sources/shabbat/siman-270/niveau-3-synthese.html,3 meta
meta-gershayim,sources/shabbat/siman-270/niveau-1-base-he.html,4 meta
meta-gershayim,sources/shabbat/siman-270/niveau-2-lamdan-he.html,3 meta
coquille-sikhot,sources/shabbat/siman-247/niveau-4-daat-harav-en.html,סיכות (→שיחות)
meta-gershayim,sources/shabbat/siman-247/index-he.html,6 meta
compteur-3-niveaux,sources/shabbat/siman-247/index.html,Les 3 niveaux
titre-tronque,sources/shabbat/siman-247/index.html,Siman 247 — Envoyer une lettre ou un objet par un | Hilkhot Shabbat
titre-tronque,sources/shabbat/siman-247/niveau-1-base.html,Siman רמ״ז · Niveau 1 — Envoyer une lettre par un | Hilkhot Shabbat
coquille-sikhot,sources/shabbat/siman-247/niveau-4-daat-harav.html,סיכות (→שיחות)
meta-gershayim,sources/shabbat/siman-247/niveau-4-daat-harav.html,3 meta
titre-tronque,sources/shabbat/siman-247/index-en.html,Siman 247 — Sending a Letter or Item via a | Hilkhot Shabbat
coquille-sikhot,sources/shabbat/siman-329/niveau-4-daat-harav-en.html,סיכות (→שיחות)
meta-gershayim,sources/shabbat/siman-329/niveau-2-lamdan-en.html,3 meta
compteur-3-niveaux,sources/shabbat/siman-329/index.html,Les 3 niveaux
meta-gershayim,sources/shabbat/siman-329/niveau-1-base.html,4 meta
meta-gershayim,sources/shabbat/siman-329/niveau-3-synthese-he.html,2 meta
coquille-sikhot,sources/shabbat/siman-329/niveau-4-daat-harav.html,סיכות (→שיחות)
meta-gershayim,sources/shabbat/siman-329/niveau-4-daat-harav.html,3 meta
coquille-sikhot,sources/shabbat/siman-329/niveau-4-daat-harav-he.html,סיכות (→שיחות)
meta-gershayim,sources/shabbat/siman-329/niveau-4-daat-harav-he.html,3 meta
meta-gershayim,sources/shabbat/siman-329/niveau-2-lamdan.html,3 meta
meta-gershayim,sources/shabbat/siman-329/niveau-3-synthese.html,3 meta
meta-gershayim,sources/shabbat/siman-329/niveau-1-base-he.html,2 meta
meta-gershayim,sources/shabbat/siman-329/niveau-2-lamdan-he.html,3 meta
coquille-sikhot,sources/shabbat/siman-306/niveau-4-daat-harav-en.html,סיכות (→שיחות)
meta-gershayim,sources/shabbat/siman-306/niveau-2-lamdan-en.html,3 meta
titre-tronque,sources/shabbat/siman-306/niveau-2-lamdan-en.html,"Siman <bdi>ש""ו</bdi> · Level 2 — Sur quels sujets parler à | Hilkhot Shabbat"
meta-gershayim,sources/shabbat/siman-306/niveau-1-base-en.html,4 meta
titre-tronque,sources/shabbat/siman-306/niveau-1-base-en.html,"Siman <bdi>ש""ו</bdi> · Level 1 — Forbidden Activities on | Hilkhot Shabbat"
compteur-3-niveaux,sources/shabbat/siman-306/index.html,Les 3 niveaux
meta-gershayim,sources/shabbat/siman-306/niveau-1-base.html,4 meta
titre-tronque,sources/shabbat/siman-306/niveau-1-base.html,"Siman <bdi>ש""ו</bdi> · Niveau 1 — Sur quels sujets parler à | Hilkhot Shabbat"
meta-gershayim,sources/shabbat/siman-306/niveau-3-synthese-he.html,3 meta
coquille-sikhot,sources/shabbat/siman-306/niveau-4-daat-harav.html,סיכות (→שיחות)
meta-gershayim,sources/shabbat/siman-306/niveau-4-daat-harav.html,3 meta
meta-gershayim,sources/shabbat/siman-306/niveau-4-daat-harav-he.html,3 meta
meta-gershayim,sources/shabbat/siman-306/niveau-2-lamdan.html,3 meta
titre-tronque,sources/shabbat/siman-306/niveau-2-lamdan.html,"Siman <bdi>ש""ו</bdi> · Niveau 2 — Sur quels sujets parler à | Hilkhot Shabbat"
meta-gershayim,sources/shabbat/siman-306/niveau-3-synthese-en.html,3 meta
titre-tronque,sources/shabbat/siman-306/niveau-3-synthese-en.html,"Siman <bdi>ש""ו</bdi> · Level 3 — Forbidden Activities on | Hilkhot Shabbat"
meta-gershayim,sources/shabbat/siman-306/niveau-3-synthese.html,3 meta
titre-tronque,sources/shabbat/siman-306/niveau-3-synthese.html,"Siman <bdi>ש""ו</bdi> · Niveau 3 — Sur quels sujets parler à | Hilkhot Shabbat"
meta-gershayim,sources/shabbat/siman-306/niveau-1-base-he.html,4 meta
meta-gershayim,sources/shabbat/siman-306/niveau-2-lamdan-he.html,3 meta
meta-gershayim,sources/shabbat/siman-323/niveau-2-lamdan-en.html,3 meta
compteur-3-niveaux,sources/shabbat/siman-323/index.html,Les 3 niveaux
meta-gershayim,sources/shabbat/siman-323/niveau-1-base.html,4 meta
meta-gershayim,sources/shabbat/siman-323/niveau-3-synthese-he.html,2 meta
coquille-sikhot,sources/shabbat/siman-323/niveau-4-daat-harav.html,סיכות (→שיחות)
meta-gershayim,sources/shabbat/siman-323/niveau-4-daat-harav.html,3 meta
meta-gershayim,sources/shabbat/siman-323/niveau-4-daat-harav-he.html,2 meta
meta-gershayim,sources/shabbat/siman-323/niveau-2-lamdan.html,3 meta
meta-gershayim,sources/shabbat/siman-323/niveau-3-synthese.html,3 meta
meta-gershayim,sources/shabbat/siman-323/niveau-1-base-he.html,2 meta
meta-gershayim,sources/shabbat/siman-323/niveau-2-lamdan-he.html,3 meta
coquille-sikhot,sources/shabbat/siman-266/niveau-4-daat-harav-en.html,סיכות (→שיחות)
meta-gershayim,sources/shabbat/siman-266/niveau-2-lamdan-en.html,3 meta
meta-gershayim,sources/shabbat/siman-266/niveau-1-base-en.html,4 meta
titre-tronque,sources/shabbat/siman-266/niveau-1-base-en.html,"Siman <bdi>רס""ו</bdi> · Level 1 — One Caught by Shabbos On the | Hilkhot Shabbat"
compteur-3-niveaux,sources/shabbat/siman-266/index-he.html,שלוש רמות
compteur-3-niveaux,sources/shabbat/siman-266/index.html,Les 3 niveaux
titre-tronque,sources/shabbat/siman-266/index.html,Siman 266 — Le voyageur surpris par l'entrée de | Hilkhot Shabbat
meta-gershayim,sources/shabbat/siman-266/niveau-1-base.html,4 meta
meta-gershayim,sources/shabbat/siman-266/niveau-3-synthese-he.html,3 meta
coquille-sikhot,sources/shabbat/siman-266/niveau-4-daat-harav.html,סיכות (→שיחות)
meta-gershayim,sources/shabbat/siman-266/niveau-4-daat-harav.html,3 meta
meta-gershayim,sources/shabbat/siman-266/niveau-2-lamdan.html,3 meta
meta-gershayim,sources/shabbat/siman-266/niveau-3-synthese-en.html,3 meta
meta-gershayim,sources/shabbat/siman-266/niveau-3-synthese.html,3 meta
meta-gershayim,sources/shabbat/siman-266/niveau-1-base-he.html,4 meta
titre-tronque,sources/shabbat/siman-266/index-en.html,Siman 266 — The Traveler Caught by Shabbos on the | Hilkhot Shabbat
meta-gershayim,sources/shabbat/siman-266/niveau-2-lamdan-he.html,3 meta
titre-tronque,sources/shabbat/siman-266/niveau-2-lamdan-he.html,"Siman <bdi>רס""ו</bdi> · רמה 2 — Le voyageur surpris par l'entrée de | הלכות שבת"
coquille-sikhot,sources/shabbat/siman-300/niveau-4-daat-harav-en.html,סיכות (→שיחות)
compteur-3-niveaux,sources/shabbat/siman-300/index.html,Les 3 niveaux
coquille-sikhot,sources/shabbat/siman-300/niveau-4-daat-harav.html,סיכות (→שיחות)
meta-gershayim,sources/shabbat/siman-300/niveau-4-daat-harav-he.html,3 meta
titre-tronque,sources/shabbat/siman-300/index-en.html,Siman 300 — Melaveh Malkah — the escorting meal of | Hilkhot Shabbat
coquille-sikhot,sources/shabbat/siman-263/niveau-4-daat-harav-en.html,סיכות (→שיחות)
meta-gershayim,sources/shabbat/siman-263/niveau-4-daat-harav-en.html,3 meta
compteur-3-niveaux,sources/shabbat/siman-263/index-he.html,שלוש רמות
compteur-3-niveaux,sources/shabbat/siman-263/index.html,Les 3 niveaux
coquille-sikhot,sources/shabbat/siman-263/niveau-4-daat-harav.html,סיכות (→שיחות)
meta-gershayim,sources/shabbat/siman-263/niveau-4-daat-harav.html,3 meta
compteur-3-niveaux,sources/shabbat/siman-263/index-en.html,3 levels of limud
coquille-sikhot,sources/shabbat/siman-345/niveau-4-daat-harav-en.html,סיכות (→שיחות)
meta-gershayim,sources/shabbat/siman-345/niveau-4-daat-harav-en.html,3 meta
meta-gershayim,sources/shabbat/siman-345/niveau-2-lamdan-en.html,3 meta
meta-gershayim,sources/shabbat/siman-345/niveau-1-base-en.html,4 meta
compteur-3-niveaux,sources/shabbat/siman-345/index.html,Les 3 niveaux
meta-gershayim,sources/shabbat/siman-345/niveau-1-base.html,4 meta
meta-gershayim,sources/shabbat/siman-345/niveau-3-synthese-he.html,3 meta
coquille-sikhot,sources/shabbat/siman-345/niveau-4-daat-harav.html,סיכות (→שיחות)
meta-gershayim,sources/shabbat/siman-345/niveau-4-daat-harav.html,3 meta
coquille-sikhot,sources/shabbat/siman-345/niveau-4-daat-harav-he.html,סיכות (→שיחות)
meta-gershayim,sources/shabbat/siman-345/niveau-4-daat-harav-he.html,3 meta
meta-gershayim,sources/shabbat/siman-345/niveau-2-lamdan.html,3 meta
meta-gershayim,sources/shabbat/siman-345/niveau-3-synthese-en.html,3 meta
meta-gershayim,sources/shabbat/siman-345/niveau-3-synthese.html,3 meta
meta-gershayim,sources/shabbat/siman-345/niveau-1-base-he.html,4 meta
meta-gershayim,sources/shabbat/siman-345/niveau-2-lamdan-he.html,3 meta
coquille-sikhot,sources/shabbat/siman-276/niveau-4-daat-harav-en.html,סיכות (→שיחות)
commentaire-a-verifier,sources/shabbat/siman-276/niveau-4-daat-harav-en.html,5
meta-gershayim,sources/shabbat/siman-276/niveau-2-lamdan-en.html,3 meta
titre-tronque,sources/shabbat/siman-276/niveau-2-lamdan-en.html,"Siman <bdi>רע""ו</bdi> · Level 2 — Bougie allumée par un | Hilkhot Shabbat"
titre-tronque,sources/shabbat/siman-276/niveau-1-base-en.html,"Siman <bdi>רע""ו</bdi> · Level 1 — Candle lit by a non-Jew on | Hilkhot Shabbat"
compteur-3-niveaux,sources/shabbat/siman-276/index.html,Les 3 niveaux
meta-gershayim,sources/shabbat/siman-276/niveau-1-base.html,4 meta
titre-tronque,sources/shabbat/siman-276/niveau-1-base.html,"Siman <bdi>רע""ו</bdi> · Niveau 1 — Bougie allumée par un | Hilkhot Shabbat"
coquille-sikhot,sources/shabbat/siman-276/niveau-4-daat-harav.html,סיכות (→שיחות)
meta-gershayim,sources/shabbat/siman-276/niveau-4-daat-harav.html,3 meta
commentaire-a-verifier,sources/shabbat/siman-276/niveau-4-daat-harav.html,5
coquille-sikhot,sources/shabbat/siman-276/niveau-4-daat-harav-he.html,סיכות (→שיחות)
meta-gershayim,sources/shabbat/siman-276/niveau-2-lamdan.html,3 meta
titre-tronque,sources/shabbat/siman-276/niveau-2-lamdan.html,"Siman <bdi>רע""ו</bdi> · Niveau 2 — Bougie allumée par un | Hilkhot Shabbat"
titre-tronque,sources/shabbat/siman-276/niveau-3-synthese-en.html,"Siman <bdi>רע""ו</bdi> · Level 3 — Candle lit by a non-Jew on | Hilkhot Shabbat"
meta-gershayim,sources/shabbat/siman-276/niveau-3-synthese.html,3 meta
titre-tronque,sources/shabbat/siman-276/niveau-3-synthese.html,"Siman <bdi>רע""ו</bdi> · Niveau 3 — Bougie allumée par un | Hilkhot Shabbat"
meta-gershayim,sources/shabbat/siman-276/niveau-2-lamdan-he.html,3 meta
meta-gershayim,sources/shabbat/siman-316/niveau-2-lamdan-en.html,3 meta
compteur-3-niveaux,sources/shabbat/siman-316/index.html,Les 3 niveaux
meta-gershayim,sources/shabbat/siman-316/niveau-1-base.html,4 meta
meta-gershayim,sources/shabbat/siman-316/niveau-3-synthese-he.html,3 meta
coquille-sikhot,sources/shabbat/siman-316/niveau-4-daat-harav.html,סיכות (→שיחות)
meta-gershayim,sources/shabbat/siman-316/niveau-4-daat-harav.html,3 meta
meta-gershayim,sources/shabbat/siman-316/niveau-2-lamdan.html,3 meta
meta-gershayim,sources/shabbat/siman-316/niveau-3-synthese-en.html,3 meta
titre-tronque,sources/shabbat/siman-316/niveau-3-synthese-en.html,"Siman <bdi>שט""ז</bdi> · Level 3 — Tzeida (Trapping Animals) on | Hilkhot Shabbat"
meta-gershayim,sources/shabbat/siman-316/niveau-3-synthese.html,3 meta
meta-gershayim,sources/shabbat/siman-316/niveau-2-lamdan-he.html,3 meta
coquille-sikhot,sources/shabbat/siman-349/niveau-4-daat-harav-en.html,סיכות (→שיחות)
meta-gershayim,sources/shabbat/siman-349/niveau-4-daat-harav-en.html,3 meta
meta-gershayim,sources/shabbat/siman-349/niveau-2-lamdan-en.html,3 meta
titre-tronque,sources/shabbat/siman-349/niveau-2-lamdan-en.html,"Siman <bdi>שמ""ט</bdi> · Level 2 — Les 4 amot personnelles dans | Hilkhot Shabbat"
meta-gershayim,sources/shabbat/siman-349/niveau-1-base-en.html,4 meta
compteur-3-niveaux,sources/shabbat/siman-349/index-he.html,שלוש רמות
compteur-3-niveaux,sources/shabbat/siman-349/index.html,Les 3 niveaux
meta-gershayim,sources/shabbat/siman-349/niveau-1-base.html,4 meta
meta-gershayim,sources/shabbat/siman-349/niveau-3-synthese-he.html,3 meta
coquille-sikhot,sources/shabbat/siman-349/niveau-4-daat-harav.html,סיכות (→שיחות)
meta-gershayim,sources/shabbat/siman-349/niveau-4-daat-harav.html,3 meta
meta-gershayim,sources/shabbat/siman-349/niveau-4-daat-harav-he.html,5 meta
meta-gershayim,sources/shabbat/siman-349/niveau-2-lamdan.html,3 meta
meta-gershayim,sources/shabbat/siman-349/niveau-3-synthese-en.html,3 meta
meta-gershayim,sources/shabbat/siman-349/niveau-3-synthese.html,3 meta
meta-gershayim,sources/shabbat/siman-349/niveau-1-base-he.html,4 meta
meta-gershayim,sources/shabbat/siman-349/niveau-2-lamdan-he.html,3 meta
coquille-sikhot,sources/shabbat/siman-334/niveau-4-daat-harav-en.html,סיכות (→שיחות)
meta-gershayim,sources/shabbat/siman-334/niveau-4-daat-harav-en.html,3 meta
meta-gershayim,sources/shabbat/siman-334/niveau-2-lamdan-en.html,3 meta
meta-gershayim,sources/shabbat/siman-334/niveau-1-base-en.html,1 meta
compteur-3-niveaux,sources/shabbat/siman-334/index.html,Les 3 niveaux
meta-gershayim,sources/shabbat/siman-334/niveau-1-base.html,4 meta
meta-gershayim,sources/shabbat/siman-334/niveau-3-synthese-he.html,2 meta
coquille-sikhot,sources/shabbat/siman-334/niveau-4-daat-harav.html,סיכות (→שיחות)
meta-gershayim,sources/shabbat/siman-334/niveau-4-daat-harav.html,3 meta
meta-gershayim,sources/shabbat/siman-334/niveau-4-daat-harav-he.html,3 meta
meta-gershayim,sources/shabbat/siman-334/niveau-2-lamdan.html,3 meta
meta-gershayim,sources/shabbat/siman-334/niveau-3-synthese-en.html,1 meta
meta-gershayim,sources/shabbat/siman-334/niveau-3-synthese.html,3 meta
meta-gershayim,sources/shabbat/siman-334/niveau-1-base-he.html,2 meta
meta-gershayim,sources/shabbat/siman-334/niveau-2-lamdan-he.html,3 meta
coquille-sikhot,sources/shabbat/siman-313/niveau-4-daat-harav-en.html,סיכות (→שיחות)
meta-gershayim,sources/shabbat/siman-313/niveau-2-lamdan-en.html,3 meta
compteur-3-niveaux,sources/shabbat/siman-313/index.html,Les 3 niveaux
meta-gershayim,sources/shabbat/siman-313/niveau-1-base.html,4 meta
meta-gershayim,sources/shabbat/siman-313/niveau-3-synthese-he.html,2 meta
coquille-sikhot,sources/shabbat/siman-313/niveau-4-daat-harav.html,סיכות (→שיחות)
meta-gershayim,sources/shabbat/siman-313/niveau-4-daat-harav.html,3 meta
coquille-sikhot,sources/shabbat/siman-313/niveau-4-daat-harav-he.html,סיכות (→שיחות)
meta-gershayim,sources/shabbat/siman-313/niveau-4-daat-harav-he.html,3 meta
meta-gershayim,sources/shabbat/siman-313/niveau-2-lamdan.html,3 meta
meta-gershayim,sources/shabbat/siman-313/niveau-3-synthese.html,3 meta
meta-gershayim,sources/shabbat/siman-313/niveau-1-base-he.html,2 meta
meta-gershayim,sources/shabbat/siman-313/niveau-2-lamdan-he.html,3 meta
coquille-sikhot,sources/shabbat/siman-291/niveau-4-daat-harav-en.html,סיכות (→שיחות)
meta-gershayim,sources/shabbat/siman-291/niveau-4-daat-harav-en.html,3 meta
meta-gershayim,sources/shabbat/siman-291/niveau-2-lamdan-en.html,3 meta
meta-gershayim,sources/shabbat/siman-291/niveau-1-base-en.html,4 meta
compteur-3-niveaux,sources/shabbat/siman-291/index.html,Les 3 niveaux
meta-gershayim,sources/shabbat/siman-291/niveau-1-base.html,4 meta
meta-gershayim,sources/shabbat/siman-291/niveau-3-synthese-he.html,3 meta
coquille-sikhot,sources/shabbat/siman-291/niveau-4-daat-harav.html,סיכות (→שיחות)
meta-gershayim,sources/shabbat/siman-291/niveau-4-daat-harav.html,3 meta
meta-gershayim,sources/shabbat/siman-291/niveau-4-daat-harav-he.html,5 meta
meta-gershayim,sources/shabbat/siman-291/niveau-2-lamdan.html,3 meta
meta-gershayim,sources/shabbat/siman-291/niveau-3-synthese-en.html,3 meta
meta-gershayim,sources/shabbat/siman-291/niveau-3-synthese.html,3 meta
meta-gershayim,sources/shabbat/siman-291/niveau-1-base-he.html,4 meta
meta-gershayim,sources/shabbat/siman-291/niveau-2-lamdan-he.html,3 meta
coquille-sikhot,sources/shabbat/siman-278/niveau-4-daat-harav-en.html,סיכות (→שיחות)
meta-gershayim,sources/shabbat/siman-278/niveau-4-daat-harav-en.html,3 meta
meta-gershayim,sources/shabbat/siman-278/niveau-2-lamdan-en.html,3 meta
meta-gershayim,sources/shabbat/siman-278/niveau-1-base-en.html,4 meta
titre-tronque,sources/shabbat/siman-278/niveau-1-base-en.html,"Siman <bdi>רע""ח</bdi> · Level 1 — Permission to extinguish the | Hilkhot Shabbat"
compteur-3-niveaux,sources/shabbat/siman-278/index.html,Les 3 niveaux
titre-tronque,sources/shabbat/siman-278/index.html,Siman 278 — Permission d'éteindre la bougie pour un | Hilkhot Shabbat
meta-gershayim,sources/shabbat/siman-278/niveau-1-base.html,4 meta
meta-gershayim,sources/shabbat/siman-278/niveau-3-synthese-he.html,3 meta
coquille-sikhot,sources/shabbat/siman-278/niveau-4-daat-harav.html,סיכות (→שיחות)
meta-gershayim,sources/shabbat/siman-278/niveau-4-daat-harav.html,3 meta
coquille-sikhot,sources/shabbat/siman-278/niveau-4-daat-harav-he.html,סיכות (→שיחות)
meta-gershayim,sources/shabbat/siman-278/niveau-4-daat-harav-he.html,5 meta
meta-gershayim,sources/shabbat/siman-278/niveau-2-lamdan.html,3 meta
meta-gershayim,sources/shabbat/siman-278/niveau-3-synthese-en.html,3 meta
titre-tronque,sources/shabbat/siman-278/niveau-3-synthese-en.html,"Siman <bdi>רע""ח</bdi> · Level 3 — Permission to extinguish the | Hilkhot Shabbat"
meta-gershayim,sources/shabbat/siman-278/niveau-3-synthese.html,3 meta
meta-gershayim,sources/shabbat/siman-278/niveau-1-base-he.html,4 meta
meta-gershayim,sources/shabbat/siman-278/niveau-2-lamdan-he.html,3 meta
titre-tronque,sources/shabbat/siman-278/niveau-2-lamdan-he.html,"Siman <bdi>רע""ח</bdi> · רמה 2 — Permission d'éteindre la bougie pour | הלכות שבת"
coquille-sikhot,sources/shabbat/siman-244/niveau-4-daat-harav-en.html,סיכות (→שיחות)
commentaire-a-verifier,sources/shabbat/siman-244/niveau-4-daat-harav-en.html,1
meta-gershayim,sources/shabbat/siman-244/index.html,2 meta
coquille-sikhot,sources/shabbat/siman-244/niveau-4-daat-harav.html,סיכות (→שיחות)
meta-gershayim,sources/shabbat/siman-244/niveau-4-daat-harav.html,3 meta
coquille-sikhot,sources/shabbat/siman-248/niveau-4-daat-harav-en.html,סיכות (→שיחות)
meta-gershayim,sources/shabbat/siman-248/index-he.html,6 meta
compteur-3-niveaux,sources/shabbat/siman-248/index.html,Les 3 niveaux
titre-tronque,sources/shabbat/siman-248/index.html,Siman 248 — Voyager en bateau ou en caravane les | Hilkhot Shabbat
titre-tronque,sources/shabbat/siman-248/niveau-1-base.html,Siman <bdi>רמ״ח</bdi> · Niveau 1 — Voyager en bateau ou en | Hilkhot Shabbat
coquille-sikhot,sources/shabbat/siman-248/niveau-4-daat-harav.html,סיכות (→שיחות)
meta-gershayim,sources/shabbat/siman-248/niveau-4-daat-harav.html,3 meta
titre-tronque,sources/shabbat/siman-248/index-en.html,Siman 248 — Traveling by Ship or Caravan in the | Hilkhot Shabbat
coquille-sikhot,sources/shabbat/siman-319/niveau-4-daat-harav-en.html,סיכות (→שיחות)
meta-gershayim,sources/shabbat/siman-319/niveau-4-daat-harav-en.html,3 meta
commentaire-a-verifier,sources/shabbat/siman-319/niveau-4-daat-harav-en.html,1
meta-gershayim,sources/shabbat/siman-319/niveau-2-lamdan-en.html,3 meta
meta-gershayim,sources/shabbat/siman-319/niveau-1-base-en.html,4 meta
compteur-3-niveaux,sources/shabbat/siman-319/index.html,Les 3 niveaux
meta-gershayim,sources/shabbat/siman-319/niveau-1-base.html,4 meta
meta-gershayim,sources/shabbat/siman-319/niveau-3-synthese-he.html,3 meta
coquille-sikhot,sources/shabbat/siman-319/niveau-4-daat-harav.html,סיכות (→שיחות)
meta-gershayim,sources/shabbat/siman-319/niveau-4-daat-harav.html,3 meta
commentaire-a-verifier,sources/shabbat/siman-319/niveau-4-daat-harav.html,1
coquille-sikhot,sources/shabbat/siman-319/niveau-4-daat-harav-he.html,סיכות (→שיחות)
meta-gershayim,sources/shabbat/siman-319/niveau-4-daat-harav-he.html,5 meta
meta-gershayim,sources/shabbat/siman-319/niveau-2-lamdan.html,3 meta
meta-gershayim,sources/shabbat/siman-319/niveau-3-synthese-en.html,3 meta
meta-gershayim,sources/shabbat/siman-319/niveau-3-synthese.html,3 meta
meta-gershayim,sources/shabbat/siman-319/niveau-1-base-he.html,4 meta
meta-gershayim,sources/shabbat/siman-319/niveau-2-lamdan-he.html,3 meta
coquille-sikhot,sources/shabbat/siman-348/niveau-4-daat-harav-en.html,סיכות (→שיחות)
meta-gershayim,sources/shabbat/siman-348/niveau-4-daat-harav-en.html,3 meta
meta-gershayim,sources/shabbat/siman-348/niveau-2-lamdan-en.html,3 meta
meta-gershayim,sources/shabbat/siman-348/niveau-1-base-en.html,4 meta
compteur-3-niveaux,sources/shabbat/siman-348/index-he.html,שלוש רמות
compteur-3-niveaux,sources/shabbat/siman-348/index.html,Les 3 niveaux
meta-gershayim,sources/shabbat/siman-348/niveau-1-base.html,4 meta
titre-tronque,sources/shabbat/siman-348/niveau-1-base.html,"Siman <bdi>שמ""ח</bdi> · Niveau 1 — Tendre un objet d'un | Hilkhot Shabbat"
meta-gershayim,sources/shabbat/siman-348/niveau-3-synthese-he.html,3 meta
coquille-sikhot,sources/shabbat/siman-348/niveau-4-daat-harav.html,סיכות (→שיחות)
meta-gershayim,sources/shabbat/siman-348/niveau-4-daat-harav.html,3 meta
meta-gershayim,sources/shabbat/siman-348/niveau-4-daat-harav-he.html,5 meta
siman-siman-duplique,sources/shabbat/siman-348/niveau-4-daat-harav-he.html,סימן (סימן)
meta-gershayim,sources/shabbat/siman-348/niveau-2-lamdan.html,3 meta
titre-tronque,sources/shabbat/siman-348/niveau-2-lamdan.html,"Siman <bdi>שמ""ח</bdi> · Niveau 2 — Tendre un objet d'un | Hilkhot Shabbat"
meta-gershayim,sources/shabbat/siman-348/niveau-3-synthese-en.html,3 meta
meta-gershayim,sources/shabbat/siman-348/niveau-3-synthese.html,3 meta
titre-tronque,sources/shabbat/siman-348/niveau-3-synthese.html,"Siman <bdi>שמ""ח</bdi> · Niveau 3 — Tendre un objet d'un | Hilkhot Shabbat"
meta-gershayim,sources/shabbat/siman-348/niveau-1-base-he.html,4 meta
titre-tronque,sources/shabbat/siman-348/index-en.html,Siman 348 — Handing an object from one reshus to | Hilkhot Shabbat
meta-gershayim,sources/shabbat/siman-348/niveau-2-lamdan-he.html,3 meta
titre-tronque,sources/shabbat/siman-348/niveau-2-lamdan-he.html,"Siman <bdi>שמ""ח</bdi> · רמה 2 — Tendre un objet d'un domaine à un | הלכות שבת"
coquille-sikhot,sources/shabbat/siman-310/niveau-4-daat-harav-en.html,סיכות (→שיחות)
meta-gershayim,sources/shabbat/siman-310/niveau-2-lamdan-en.html,3 meta
compteur-3-niveaux,sources/shabbat/siman-310/index.html,Les 3 niveaux
meta-gershayim,sources/shabbat/siman-310/niveau-1-base.html,4 meta
meta-gershayim,sources/shabbat/siman-310/niveau-3-synthese-he.html,2 meta
coquille-sikhot,sources/shabbat/siman-310/niveau-4-daat-harav.html,סיכות (→שיחות)
meta-gershayim,sources/shabbat/siman-310/niveau-4-daat-harav.html,3 meta
coquille-sikhot,sources/shabbat/siman-310/niveau-4-daat-harav-he.html,סיכות (→שיחות)
meta-gershayim,sources/shabbat/siman-310/niveau-4-daat-harav-he.html,3 meta
meta-gershayim,sources/shabbat/siman-310/niveau-2-lamdan.html,3 meta
meta-gershayim,sources/shabbat/siman-310/niveau-3-synthese.html,3 meta
meta-gershayim,sources/shabbat/siman-310/niveau-1-base-he.html,2 meta
meta-gershayim,sources/shabbat/siman-310/niveau-2-lamdan-he.html,3 meta
coquille-sikhot,sources/shabbat/siman-292/niveau-4-daat-harav-en.html,סיכות (→שיחות)
meta-gershayim,sources/shabbat/siman-292/niveau-4-daat-harav-en.html,3 meta
meta-gershayim,sources/shabbat/siman-292/niveau-2-lamdan-en.html,3 meta
meta-gershayim,sources/shabbat/siman-292/niveau-1-base-en.html,4 meta
compteur-3-niveaux,sources/shabbat/siman-292/index.html,Les 3 niveaux
meta-gershayim,sources/shabbat/siman-292/niveau-1-base.html,4 meta
meta-gershayim,sources/shabbat/siman-292/niveau-3-synthese-he.html,3 meta
coquille-sikhot,sources/shabbat/siman-292/niveau-4-daat-harav.html,סיכות (→שיחות)
meta-gershayim,sources/shabbat/siman-292/niveau-4-daat-harav.html,3 meta
meta-gershayim,sources/shabbat/siman-292/niveau-4-daat-harav-he.html,5 meta
meta-gershayim,sources/shabbat/siman-292/niveau-2-lamdan.html,3 meta
meta-gershayim,sources/shabbat/siman-292/niveau-3-synthese-en.html,3 meta
meta-gershayim,sources/shabbat/siman-292/niveau-3-synthese.html,3 meta
meta-gershayim,sources/shabbat/siman-292/niveau-1-base-he.html,4 meta
meta-gershayim,sources/shabbat/siman-292/niveau-2-lamdan-he.html,3 meta
coquille-sikhot,sources/shabbat/siman-362/niveau-4-daat-harav-en.html,סיכות (→שיחות)
meta-gershayim,sources/shabbat/siman-362/niveau-4-daat-harav-en.html,3 meta
meta-gershayim,sources/shabbat/siman-362/niveau-2-lamdan-en.html,3 meta
meta-gershayim,sources/shabbat/siman-362/niveau-1-base-en.html,4 meta
compteur-3-niveaux,sources/shabbat/siman-362/index.html,Les 3 niveaux
titre-tronque,sources/shabbat/siman-362/index.html,Siman 362 — Quelle clôture est valable pour | Hilkhot Shabbat
meta-gershayim,sources/shabbat/siman-362/niveau-1-base.html,4 meta
meta-gershayim,sources/shabbat/siman-362/niveau-3-synthese-he.html,3 meta
coquille-sikhot,sources/shabbat/siman-362/niveau-4-daat-harav.html,סיכות (→שיחות)
meta-gershayim,sources/shabbat/siman-362/niveau-4-daat-harav.html,3 meta
coquille-sikhot,sources/shabbat/siman-362/niveau-4-daat-harav-he.html,סיכות (→שיחות)
meta-gershayim,sources/shabbat/siman-362/niveau-4-daat-harav-he.html,3 meta
meta-gershayim,sources/shabbat/siman-362/niveau-2-lamdan.html,3 meta
meta-gershayim,sources/shabbat/siman-362/niveau-3-synthese-en.html,3 meta
meta-gershayim,sources/shabbat/siman-362/niveau-3-synthese.html,3 meta
meta-gershayim,sources/shabbat/siman-362/niveau-1-base-he.html,4 meta
titre-tronque,sources/shabbat/siman-362/index-en.html,Siman 362 — Which Mechitzah Is Considered a | Hilkhot Shabbat
meta-gershayim,sources/shabbat/siman-362/niveau-2-lamdan-he.html,3 meta
titre-tronque,sources/shabbat/siman-362/niveau-2-lamdan-he.html,"Siman <bdi>שס""ב</bdi> · רמה 2 — Quelle clôture est valable pour | הלכות שבת"
coquille-sikhot,sources/shabbat/siman-356/niveau-4-daat-harav-en.html,סיכות (→שיחות)
meta-gershayim,sources/shabbat/siman-356/niveau-2-lamdan-en.html,3 meta
titre-tronque,sources/shabbat/siman-356/niveau-1-base-en.html,Siman 356 · Level 1 — Water Channel Crossing the | Hilkhot Shabbat
compteur-3-niveaux,sources/shabbat/siman-356/index.html,Les 3 niveaux
meta-gershayim,sources/shabbat/siman-356/niveau-1-base.html,4 meta
meta-gershayim,sources/shabbat/siman-356/niveau-3-synthese-he.html,1 meta
coquille-sikhot,sources/shabbat/siman-356/niveau-4-daat-harav.html,סיכות (→שיחות)
meta-gershayim,sources/shabbat/siman-356/niveau-4-daat-harav.html,3 meta
meta-gershayim,sources/shabbat/siman-356/niveau-4-daat-harav-he.html,1 meta
meta-gershayim,sources/shabbat/siman-356/niveau-2-lamdan.html,3 meta
titre-tronque,sources/shabbat/siman-356/niveau-3-synthese-en.html,Siman 356 · Level 3 — Water Channel Crossing the | Hilkhot Shabbat
meta-gershayim,sources/shabbat/siman-356/niveau-3-synthese.html,3 meta
meta-gershayim,sources/shabbat/siman-356/niveau-1-base-he.html,2 meta
titre-tronque,sources/shabbat/siman-356/index-en.html,Siman 356 — A Water Channel Running Through a | Hilkhot Shabbat
meta-gershayim,sources/shabbat/siman-356/niveau-2-lamdan-he.html,3 meta
meta-gershayim,sources/shabbat/siman-308/niveau-4-daat-harav-en.html,3 meta
meta-gershayim,sources/shabbat/siman-308/niveau-2-lamdan-en.html,3 meta
meta-gershayim,sources/shabbat/siman-308/niveau-1-base-en.html,4 meta
titre-tronque,sources/shabbat/siman-308/niveau-1-base-en.html,"Siman <bdi>ש""ח</bdi> · Level 1 — Muktzeh: Items Permitted and | Hilkhot Shabbat"
compteur-3-niveaux,sources/shabbat/siman-308/index.html,Les 3 niveaux
meta-gershayim,sources/shabbat/siman-308/niveau-1-base.html,4 meta
meta-gershayim,sources/shabbat/siman-308/niveau-3-synthese-he.html,3 meta
coquille-sikhot,sources/shabbat/siman-308/niveau-4-daat-harav.html,סיכות (→שיחות)
meta-gershayim,sources/shabbat/siman-308/niveau-4-daat-harav.html,3 meta
meta-gershayim,sources/shabbat/siman-308/niveau-4-daat-harav-he.html,5 meta
meta-gershayim,sources/shabbat/siman-308/niveau-2-lamdan.html,3 meta
meta-gershayim,sources/shabbat/siman-308/niveau-3-synthese-en.html,3 meta
meta-gershayim,sources/shabbat/siman-308/niveau-3-synthese.html,3 meta
meta-gershayim,sources/shabbat/siman-308/niveau-1-base-he.html,4 meta
meta-gershayim,sources/shabbat/siman-308/niveau-2-lamdan-he.html,3 meta
coquille-sikhot,sources/shabbat/siman-282/niveau-4-daat-harav-en.html,סיכות (→שיחות)
meta-gershayim,sources/shabbat/siman-282/niveau-4-daat-harav-en.html,3 meta
titre-tronque,sources/shabbat/siman-282/niveau-4-daat-harav-en.html,Siman 282 · Level 4 Daat HaRav — Shittah (שיטה) of | Hilkhot Shabbat
meta-gershayim,sources/shabbat/siman-282/niveau-2-lamdan-en.html,3 meta
meta-gershayim,sources/shabbat/siman-282/niveau-1-base-en.html,4 meta
titre-tronque,sources/shabbat/siman-282/niveau-1-base-en.html,"Siman <bdi>רפ""ב</bdi> · Level 1 — Krias haTorah and Maftir on | Hilkhot Shabbat"
compteur-3-niveaux,sources/shabbat/siman-282/index.html,Les 3 niveaux
meta-gershayim,sources/shabbat/siman-282/niveau-1-base.html,4 meta
meta-gershayim,sources/shabbat/siman-282/niveau-3-synthese-he.html,3 meta
coquille-sikhot,sources/shabbat/siman-282/niveau-4-daat-harav.html,סיכות (→שיחות)
meta-gershayim,sources/shabbat/siman-282/niveau-4-daat-harav.html,3 meta
meta-gershayim,sources/shabbat/siman-282/niveau-4-daat-harav-he.html,5 meta
meta-gershayim,sources/shabbat/siman-282/niveau-2-lamdan.html,3 meta
meta-gershayim,sources/shabbat/siman-282/niveau-3-synthese-en.html,3 meta
titre-tronque,sources/shabbat/siman-282/niveau-3-synthese-en.html,"Siman <bdi>רפ""ב</bdi> · Level 3 — Krias haTorah and Maftir on | Hilkhot Shabbat"
meta-gershayim,sources/shabbat/siman-282/niveau-3-synthese.html,3 meta
meta-gershayim,sources/shabbat/siman-282/niveau-1-base-he.html,4 meta
meta-gershayim,sources/shabbat/siman-282/niveau-2-lamdan-he.html,3 meta
coquille-sikhot,sources/shabbat/siman-251/niveau-4-daat-harav-en.html,סיכות (→שיחות)
commentaire-a-verifier,sources/shabbat/siman-251/niveau-4-daat-harav-en.html,1
compteur-3-niveaux,sources/shabbat/siman-251/index.html,Les 3 niveaux
titre-tronque,sources/shabbat/siman-251/index.html,Siman 251 — Ne pas faire de mélakha vendredi à | Hilkhot Shabbat
coquille-sikhot,sources/shabbat/siman-251/niveau-4-daat-harav.html,סיכות (→שיחות)
meta-gershayim,sources/shabbat/siman-251/niveau-4-daat-harav.html,3 meta
commentaire-a-verifier,sources/shabbat/siman-251/niveau-4-daat-harav.html,1
titre-tronque,sources/shabbat/siman-251/index-en.html,Siman 251 — No melachah on Erev Shabbos from | Hilkhot Shabbat
meta-gershayim,sources/shabbat/siman-298/niveau-2-lamdan-en.html,3 meta
meta-gershayim,sources/shabbat/siman-298/niveau-1-base-en.html,4 meta
compteur-3-niveaux,sources/shabbat/siman-298/index.html,Les 3 niveaux
meta-gershayim,sources/shabbat/siman-298/niveau-1-base.html,4 meta
coquille-sikhot,sources/shabbat/siman-298/niveau-4-daat-harav.html,סיכות (→שיחות)
meta-gershayim,sources/shabbat/siman-298/niveau-4-daat-harav.html,3 meta
meta-gershayim,sources/shabbat/siman-298/niveau-2-lamdan.html,3 meta
meta-gershayim,sources/shabbat/siman-298/niveau-3-synthese.html,3 meta
meta-gershayim,sources/shabbat/siman-298/niveau-1-base-he.html,4 meta
meta-gershayim,sources/shabbat/siman-298/niveau-2-lamdan-he.html,3 meta
meta-gershayim,sources/shabbat/siman-314/niveau-2-lamdan-en.html,3 meta
titre-tronque,sources/shabbat/siman-314/niveau-2-lamdan-en.html,"Siman <bdi>שי""ד</bdi> · Level 2 — Construction et démolition à | Hilkhot Shabbat"
titre-tronque,sources/shabbat/siman-314/niveau-1-base-en.html,Siman 314 · Level 1 — Building and Demolishing on | Hilkhot Shabbat
compteur-3-niveaux,sources/shabbat/siman-314/index.html,Les 3 niveaux
meta-gershayim,sources/shabbat/siman-314/niveau-1-base.html,4 meta
meta-gershayim,sources/shabbat/siman-314/niveau-3-synthese-he.html,2 meta
coquille-sikhot,sources/shabbat/siman-314/niveau-4-daat-harav.html,סיכות (→שיחות)
meta-gershayim,sources/shabbat/siman-314/niveau-4-daat-harav.html,3 meta
meta-gershayim,sources/shabbat/siman-314/niveau-4-daat-harav-he.html,2 meta
meta-gershayim,sources/shabbat/siman-314/niveau-2-lamdan.html,3 meta
meta-gershayim,sources/shabbat/siman-314/niveau-3-synthese.html,3 meta
meta-gershayim,sources/shabbat/siman-314/niveau-1-base-he.html,2 meta
titre-tronque,sources/shabbat/siman-314/index-en.html,Siman 314 — Things forbidden on Shabbos due to | Hilkhot Shabbat
meta-gershayim,sources/shabbat/siman-314/niveau-2-lamdan-he.html,3 meta
coquille-sikhot,sources/shabbat/siman-296/niveau-4-daat-harav-en.html,סיכות (→שיחות)
meta-gershayim,sources/shabbat/siman-296/niveau-4-daat-harav-en.html,3 meta
meta-gershayim,sources/shabbat/siman-296/niveau-2-lamdan-en.html,3 meta
meta-gershayim,sources/shabbat/siman-296/niveau-1-base-en.html,4 meta
compteur-3-niveaux,sources/shabbat/siman-296/index.html,Les 3 niveaux
meta-gershayim,sources/shabbat/siman-296/niveau-1-base.html,4 meta
meta-gershayim,sources/shabbat/siman-296/niveau-3-synthese-he.html,3 meta
coquille-sikhot,sources/shabbat/siman-296/niveau-4-daat-harav.html,סיכות (→שיחות)
meta-gershayim,sources/shabbat/siman-296/niveau-4-daat-harav.html,3 meta
commentaire-a-verifier,sources/shabbat/siman-296/niveau-4-daat-harav.html,1
meta-gershayim,sources/shabbat/siman-296/niveau-4-daat-harav-he.html,5 meta
meta-gershayim,sources/shabbat/siman-296/niveau-2-lamdan.html,3 meta
meta-gershayim,sources/shabbat/siman-296/niveau-3-synthese-en.html,3 meta
meta-gershayim,sources/shabbat/siman-296/niveau-3-synthese.html,3 meta
meta-gershayim,sources/shabbat/siman-296/niveau-1-base-he.html,4 meta
meta-gershayim,sources/shabbat/siman-296/niveau-2-lamdan-he.html,3 meta
coquille-sikhot,sources/shabbat/siman-274/niveau-4-daat-harav-en.html,סיכות (→שיחות)
meta-gershayim,sources/shabbat/siman-274/niveau-4-daat-harav-en.html,3 meta
titre-tronque,sources/shabbat/siman-274/niveau-4-daat-harav-en.html,Siman 274 · Level 4 — Shitah of the Alter Rebbe on | Hilkhot Shabbat
meta-gershayim,sources/shabbat/siman-274/niveau-2-lamdan-en.html,3 meta
meta-gershayim,sources/shabbat/siman-274/niveau-1-base-en.html,4 meta
compteur-3-niveaux,sources/shabbat/siman-274/index.html,Les 3 niveaux
meta-gershayim,sources/shabbat/siman-274/niveau-1-base.html,4 meta
meta-gershayim,sources/shabbat/siman-274/niveau-3-synthese-he.html,3 meta
coquille-sikhot,sources/shabbat/siman-274/niveau-4-daat-harav.html,סיכות (→שיחות)
meta-gershayim,sources/shabbat/siman-274/niveau-4-daat-harav.html,3 meta
meta-gershayim,sources/shabbat/siman-274/niveau-4-daat-harav-he.html,5 meta
meta-gershayim,sources/shabbat/siman-274/niveau-2-lamdan.html,3 meta
meta-gershayim,sources/shabbat/siman-274/niveau-3-synthese-en.html,3 meta
meta-gershayim,sources/shabbat/siman-274/niveau-3-synthese.html,3 meta
meta-gershayim,sources/shabbat/siman-274/niveau-1-base-he.html,4 meta
meta-gershayim,sources/shabbat/siman-274/niveau-2-lamdan-he.html,3 meta
coquille-sikhot,sources/shabbat/siman-250/niveau-4-daat-harav-en.html,סיכות (→שיחות)
commentaire-a-verifier,sources/shabbat/siman-250/niveau-4-daat-harav-en.html,1
meta-gershayim,sources/shabbat/siman-250/index-he.html,6 meta
compteur-3-niveaux,sources/shabbat/siman-250/index.html,Les 3 niveaux
coquille-sikhot,sources/shabbat/siman-250/niveau-4-daat-harav.html,סיכות (→שיחות)
meta-gershayim,sources/shabbat/siman-250/niveau-4-daat-harav.html,3 meta
commentaire-a-verifier,sources/shabbat/siman-250/niveau-4-daat-harav.html,1
coquille-sikhot,sources/shabbat/siman-335/niveau-4-daat-harav-en.html,סיכות (→שיחות)
meta-gershayim,sources/shabbat/siman-335/niveau-4-daat-harav-en.html,3 meta
meta-gershayim,sources/shabbat/siman-335/niveau-2-lamdan-en.html,3 meta
meta-gershayim,sources/shabbat/siman-335/niveau-1-base-en.html,1 meta
compteur-3-niveaux,sources/shabbat/siman-335/index.html,Les 3 niveaux
meta-gershayim,sources/shabbat/siman-335/niveau-1-base.html,4 meta
meta-gershayim,sources/shabbat/siman-335/niveau-3-synthese-he.html,2 meta
coquille-sikhot,sources/shabbat/siman-335/niveau-4-daat-harav.html,סיכות (→שיחות)
meta-gershayim,sources/shabbat/siman-335/niveau-4-daat-harav.html,3 meta
coquille-sikhot,sources/shabbat/siman-335/niveau-4-daat-harav-he.html,סיכות (→שיחות)
meta-gershayim,sources/shabbat/siman-335/niveau-4-daat-harav-he.html,3 meta
meta-gershayim,sources/shabbat/siman-335/niveau-2-lamdan.html,3 meta
meta-gershayim,sources/shabbat/siman-335/niveau-3-synthese-en.html,1 meta
meta-gershayim,sources/shabbat/siman-335/niveau-3-synthese.html,3 meta
meta-gershayim,sources/shabbat/siman-335/niveau-1-base-he.html,2 meta
titre-tronque,sources/shabbat/siman-335/index-en.html,Siman 335 — A barrel of wine or oil that broke on | Hilkhot Shabbat
meta-gershayim,sources/shabbat/siman-335/niveau-2-lamdan-he.html,3 meta
coquille-sikhot,sources/shabbat/siman-342/niveau-4-daat-harav-en.html,סיכות (→שיחות)
meta-gershayim,sources/shabbat/siman-342/niveau-4-daat-harav-en.html,3 meta
meta-gershayim,sources/shabbat/siman-342/niveau-2-lamdan-en.html,3 meta
meta-gershayim,sources/shabbat/siman-342/niveau-1-base-en.html,4 meta
compteur-3-niveaux,sources/shabbat/siman-342/index.html,Les 3 niveaux
meta-gershayim,sources/shabbat/siman-342/niveau-1-base.html,4 meta
meta-gershayim,sources/shabbat/siman-342/niveau-3-synthese-he.html,3 meta
coquille-sikhot,sources/shabbat/siman-342/niveau-4-daat-harav.html,סיכות (→שיחות)
meta-gershayim,sources/shabbat/siman-342/niveau-4-daat-harav.html,3 meta
meta-gershayim,sources/shabbat/siman-342/niveau-4-daat-harav-he.html,3 meta
siman-siman-duplique,sources/shabbat/siman-342/niveau-4-daat-harav-he.html,סימן (סימן)
meta-gershayim,sources/shabbat/siman-342/niveau-2-lamdan.html,3 meta
meta-gershayim,sources/shabbat/siman-342/niveau-3-synthese-en.html,3 meta
meta-gershayim,sources/shabbat/siman-342/niveau-3-synthese.html,3 meta
meta-gershayim,sources/shabbat/siman-342/niveau-1-base-he.html,4 meta
meta-gershayim,sources/shabbat/siman-342/niveau-2-lamdan-he.html,3 meta
coquille-sikhot,sources/shabbat/siman-268/niveau-4-daat-harav-en.html,סיכות (→שיחות)
meta-gershayim,sources/shabbat/siman-268/niveau-4-daat-harav-en.html,3 meta
commentaire-a-verifier,sources/shabbat/siman-268/niveau-4-daat-harav-en.html,1
meta-gershayim,sources/shabbat/siman-268/niveau-2-lamdan-en.html,3 meta
meta-gershayim,sources/shabbat/siman-268/niveau-1-base-en.html,4 meta
titre-tronque,sources/shabbat/siman-268/niveau-1-base-en.html,"Siman <bdi>רס""ח</bdi> · Level 1 — Errors and omissions in the | Hilkhot Shabbat"
compteur-3-niveaux,sources/shabbat/siman-268/index-he.html,שלוש רמות
compteur-3-niveaux,sources/shabbat/siman-268/index.html,Les 3 niveaux
titre-tronque,sources/shabbat/siman-268/index.html,Siman 268 — Erreurs et oublis dans la tefilla de | Hilkhot Shabbat
meta-gershayim,sources/shabbat/siman-268/niveau-1-base.html,4 meta
meta-gershayim,sources/shabbat/siman-268/niveau-3-synthese-he.html,3 meta
coquille-sikhot,sources/shabbat/siman-268/niveau-4-daat-harav.html,סיכות (→שיחות)
meta-gershayim,sources/shabbat/siman-268/niveau-4-daat-harav.html,3 meta
commentaire-a-verifier,sources/shabbat/siman-268/niveau-4-daat-harav.html,1
meta-gershayim,sources/shabbat/siman-268/niveau-4-daat-harav-he.html,5 meta
meta-gershayim,sources/shabbat/siman-268/niveau-2-lamdan.html,3 meta
meta-gershayim,sources/shabbat/siman-268/niveau-3-synthese-en.html,3 meta
titre-tronque,sources/shabbat/siman-268/niveau-3-synthese-en.html,"Siman <bdi>רס""ח</bdi> · Level 3 — Errors and omissions in the | Hilkhot Shabbat"
meta-gershayim,sources/shabbat/siman-268/niveau-3-synthese.html,3 meta
meta-gershayim,sources/shabbat/siman-268/niveau-1-base-he.html,4 meta
meta-gershayim,sources/shabbat/siman-268/niveau-2-lamdan-he.html,3 meta
titre-tronque,sources/shabbat/siman-268/niveau-2-lamdan-he.html,"Siman <bdi>רס""ח</bdi> · רמה 2 — Erreurs et oublis dans la tefilla de | הלכות שבת"
coquille-sikhot,sources/shabbat/siman-279/niveau-4-daat-harav-en.html,סיכות (→שיחות)
meta-gershayim,sources/shabbat/siman-279/niveau-4-daat-harav-en.html,3 meta
meta-gershayim,sources/shabbat/siman-279/niveau-2-lamdan-en.html,3 meta
meta-gershayim,sources/shabbat/siman-279/niveau-1-base-en.html,4 meta
compteur-3-niveaux,sources/shabbat/siman-279/index.html,Les 3 niveaux
meta-gershayim,sources/shabbat/siman-279/niveau-1-base.html,4 meta
meta-gershayim,sources/shabbat/siman-279/niveau-3-synthese-he.html,3 meta
coquille-sikhot,sources/shabbat/siman-279/niveau-4-daat-harav.html,סיכות (→שיחות)
meta-gershayim,sources/shabbat/siman-279/niveau-4-daat-harav.html,3 meta
coquille-sikhot,sources/shabbat/siman-279/niveau-4-daat-harav-he.html,סיכות (→שיחות)
meta-gershayim,sources/shabbat/siman-279/niveau-4-daat-harav-he.html,5 meta
meta-gershayim,sources/shabbat/siman-279/niveau-2-lamdan.html,3 meta
meta-gershayim,sources/shabbat/siman-279/niveau-3-synthese-en.html,3 meta
meta-gershayim,sources/shabbat/siman-279/niveau-3-synthese.html,3 meta
meta-gershayim,sources/shabbat/siman-279/niveau-1-base-he.html,4 meta
meta-gershayim,sources/shabbat/siman-279/niveau-2-lamdan-he.html,3 meta
coquille-sikhot,sources/shabbat/siman-260/niveau-4-daat-harav-en.html,סיכות (→שיחות)
compteur-3-niveaux,sources/shabbat/siman-260/index.html,Les 3 niveaux
coquille-sikhot,sources/shabbat/siman-260/niveau-4-daat-harav.html,סיכות (→שיחות)
meta-gershayim,sources/shabbat/siman-260/niveau-4-daat-harav.html,3 meta
meta-gershayim,sources/shabbat/siman-350/niveau-4-daat-harav-en.html,3 meta
meta-gershayim,sources/shabbat/siman-350/niveau-2-lamdan-en.html,3 meta
titre-tronque,sources/shabbat/siman-350/niveau-2-lamdan-en.html,"Siman <bdi>ש""נ</bdi> · Level 2 — Sortir tête et corps d'un | Hilkhot Shabbat"
meta-gershayim,sources/shabbat/siman-350/niveau-1-base-en.html,4 meta
compteur-3-niveaux,sources/shabbat/siman-350/index-he.html,שלוש רמות
compteur-3-niveaux,sources/shabbat/siman-350/index.html,Les 3 niveaux
titre-tronque,sources/shabbat/siman-350/index.html,Siman 350 — Sortir tête et corps d'un domaine à un | Hilkhot Shabbat
meta-gershayim,sources/shabbat/siman-350/niveau-1-base.html,4 meta
titre-tronque,sources/shabbat/siman-350/niveau-1-base.html,"Siman <bdi>ש""נ</bdi> · Niveau 1 — Sortir tête et corps d'un | Hilkhot Shabbat"
meta-gershayim,sources/shabbat/siman-350/niveau-3-synthese-he.html,3 meta
coquille-sikhot,sources/shabbat/siman-350/niveau-4-daat-harav.html,סיכות (→שיחות)
meta-gershayim,sources/shabbat/siman-350/niveau-4-daat-harav.html,3 meta
meta-gershayim,sources/shabbat/siman-350/niveau-4-daat-harav-he.html,5 meta
meta-gershayim,sources/shabbat/siman-350/niveau-2-lamdan.html,3 meta
titre-tronque,sources/shabbat/siman-350/niveau-2-lamdan.html,"Siman <bdi>ש""נ</bdi> · Niveau 2 — Sortir tête et corps d'un | Hilkhot Shabbat"
meta-gershayim,sources/shabbat/siman-350/niveau-3-synthese-en.html,3 meta
meta-gershayim,sources/shabbat/siman-350/niveau-3-synthese.html,3 meta
titre-tronque,sources/shabbat/siman-350/niveau-3-synthese.html,"Siman <bdi>ש""נ</bdi> · Niveau 3 — Sortir tête et corps d'un | Hilkhot Shabbat"
meta-gershayim,sources/shabbat/siman-350/niveau-1-base-he.html,4 meta
titre-tronque,sources/shabbat/siman-350/index-en.html,Siman 350 — Sticking head and majority of body from | Hilkhot Shabbat
meta-gershayim,sources/shabbat/siman-350/niveau-2-lamdan-he.html,3 meta
titre-tronque,sources/shabbat/siman-350/niveau-2-lamdan-he.html,"Siman <bdi>ש""נ</bdi> · רמה 2 — Sortir tête et corps d'un domaine à | הלכות שבת"
coquille-sikhot,sources/shabbat/siman-288/niveau-4-daat-harav-en.html,סיכות (→שיחות)
meta-gershayim,sources/shabbat/siman-288/niveau-4-daat-harav-en.html,3 meta
titre-tronque,sources/shabbat/siman-288/niveau-4-daat-harav-en.html,Siman 288 · Level 4 Daat HaRav — Shittah (שיטה) of | Hilkhot Shabbat
meta-gershayim,sources/shabbat/siman-288/niveau-2-lamdan-en.html,3 meta
titre-tronque,sources/shabbat/siman-288/niveau-2-lamdan-en.html,"Siman <bdi>רפ""ח</bdi> · Level 2 — Jeûne et jeûne suite à un | Hilkhot Shabbat"
meta-gershayim,sources/shabbat/siman-288/niveau-1-base-en.html,4 meta
titre-tronque,sources/shabbat/siman-288/niveau-1-base-en.html,"Siman <bdi>רפ""ח</bdi> · Level 1 — Fasting and Fasting Due to a | Hilkhot Shabbat"
compteur-3-niveaux,sources/shabbat/siman-288/index.html,Les 3 niveaux
meta-gershayim,sources/shabbat/siman-288/niveau-1-base.html,4 meta
titre-tronque,sources/shabbat/siman-288/niveau-1-base.html,"Siman <bdi>רפ""ח</bdi> · Niveau 1 — Jeûne et jeûne suite à un | Hilkhot Shabbat"
meta-gershayim,sources/shabbat/siman-288/niveau-3-synthese-he.html,3 meta
coquille-sikhot,sources/shabbat/siman-288/niveau-4-daat-harav.html,סיכות (→שיחות)
meta-gershayim,sources/shabbat/siman-288/niveau-4-daat-harav.html,3 meta
coquille-sikhot,sources/shabbat/siman-288/niveau-4-daat-harav-he.html,סיכות (→שיחות)
meta-gershayim,sources/shabbat/siman-288/niveau-4-daat-harav-he.html,5 meta
meta-gershayim,sources/shabbat/siman-288/niveau-2-lamdan.html,3 meta
titre-tronque,sources/shabbat/siman-288/niveau-2-lamdan.html,"Siman <bdi>רפ""ח</bdi> · Niveau 2 — Jeûne et jeûne suite à un | Hilkhot Shabbat"
meta-gershayim,sources/shabbat/siman-288/niveau-3-synthese-en.html,3 meta
titre-tronque,sources/shabbat/siman-288/niveau-3-synthese-en.html,"Siman <bdi>רפ""ח</bdi> · Level 3 — Fasting and Fasting Due to a | Hilkhot Shabbat"
meta-gershayim,sources/shabbat/siman-288/niveau-3-synthese.html,3 meta
titre-tronque,sources/shabbat/siman-288/niveau-3-synthese.html,"Siman <bdi>רפ""ח</bdi> · Niveau 3 — Jeûne et jeûne suite à un | Hilkhot Shabbat"
meta-gershayim,sources/shabbat/siman-288/niveau-1-base-he.html,4 meta
meta-gershayim,sources/shabbat/siman-288/niveau-2-lamdan-he.html,3 meta
titre-tronque,sources/shabbat/siman-288/niveau-2-lamdan-he.html,"Siman <bdi>רפ""ח</bdi> · רמה 2 — Jeûne et jeûne suite à un rêve à | הלכות שבת"
coquille-sikhot,sources/shabbat/siman-311/niveau-4-daat-harav-en.html,סיכות (→שיחות)
meta-gershayim,sources/shabbat/siman-311/niveau-2-lamdan-en.html,3 meta
titre-tronque,sources/shabbat/siman-311/niveau-2-lamdan-en.html,"Siman <bdi>שי""א</bdi> · Level 2 — Décès à Shabbat — règles de | Hilkhot Shabbat"
compteur-3-niveaux,sources/shabbat/siman-311/index.html,Les 3 niveaux
meta-gershayim,sources/shabbat/siman-311/niveau-1-base.html,4 meta
titre-tronque,sources/shabbat/siman-311/niveau-1-base.html,"Siman <bdi>שי""א</bdi> · Niveau 1 — Décès à Shabbat — règles de | Hilkhot Shabbat"
meta-gershayim,sources/shabbat/siman-311/niveau-3-synthese-he.html,2 meta
coquille-sikhot,sources/shabbat/siman-311/niveau-4-daat-harav.html,סיכות (→שיחות)
meta-gershayim,sources/shabbat/siman-311/niveau-4-daat-harav.html,3 meta
commentaire-a-verifier,sources/shabbat/siman-311/niveau-4-daat-harav.html,1
coquille-sikhot,sources/shabbat/siman-311/niveau-4-daat-harav-he.html,סיכות (→שיחות)
meta-gershayim,sources/shabbat/siman-311/niveau-4-daat-harav-he.html,3 meta
meta-gershayim,sources/shabbat/siman-311/niveau-2-lamdan.html,3 meta
titre-tronque,sources/shabbat/siman-311/niveau-2-lamdan.html,"Siman <bdi>שי""א</bdi> · Niveau 2 — Décès à Shabbat — règles de | Hilkhot Shabbat"
meta-gershayim,sources/shabbat/siman-311/niveau-3-synthese.html,3 meta
titre-tronque,sources/shabbat/siman-311/niveau-3-synthese.html,"Siman <bdi>שי""א</bdi> · Niveau 3 — Décès à Shabbat — règles de | Hilkhot Shabbat"
meta-gershayim,sources/shabbat/siman-311/niveau-1-base-he.html,2 meta
meta-gershayim,sources/shabbat/siman-311/niveau-2-lamdan-he.html,3 meta
coquille-sikhot,sources/shabbat/siman-293/niveau-4-daat-harav-en.html,סיכות (→שיחות)
meta-gershayim,sources/shabbat/siman-293/niveau-4-daat-harav-en.html,3 meta
meta-gershayim,sources/shabbat/siman-293/niveau-2-lamdan-en.html,3 meta
meta-gershayim,sources/shabbat/siman-293/niveau-1-base-en.html,4 meta
compteur-3-niveaux,sources/shabbat/siman-293/index.html,Les 3 niveaux
meta-gershayim,sources/shabbat/siman-293/niveau-1-base.html,4 meta
meta-gershayim,sources/shabbat/siman-293/niveau-3-synthese-he.html,3 meta
coquille-sikhot,sources/shabbat/siman-293/niveau-4-daat-harav.html,סיכות (→שיחות)
meta-gershayim,sources/shabbat/siman-293/niveau-4-daat-harav.html,3 meta
meta-gershayim,sources/shabbat/siman-293/niveau-4-daat-harav-he.html,5 meta
meta-gershayim,sources/shabbat/siman-293/niveau-2-lamdan.html,3 meta
meta-gershayim,sources/shabbat/siman-293/niveau-3-synthese-en.html,3 meta
meta-gershayim,sources/shabbat/siman-293/niveau-3-synthese.html,3 meta
meta-gershayim,sources/shabbat/siman-293/niveau-1-base-he.html,4 meta
meta-gershayim,sources/shabbat/siman-293/niveau-2-lamdan-he.html,3 meta
titre-tronque,sources/shabbat/siman-293/niveau-2-lamdan-he.html,"Siman <bdi>רצ""ג</bdi> · רמה 2 — Arvit du soir de la sortie de | הלכות שבת"
meta-gershayim,sources/shabbat/siman-359/niveau-4-daat-harav-en.html,1 meta
meta-gershayim,sources/shabbat/siman-359/niveau-2-lamdan-en.html,3 meta
titre-tronque,sources/shabbat/siman-359/niveau-2-lamdan-en.html,"Siman <bdi>שנ""ט</bdi> · Level 2 — Espace large derrière les | Hilkhot Shabbat"
meta-gershayim,sources/shabbat/siman-359/niveau-1-base-en.html,1 meta
compteur-3-niveaux,sources/shabbat/siman-359/index.html,Les 3 niveaux
meta-gershayim,sources/shabbat/siman-359/niveau-1-base.html,4 meta
titre-tronque,sources/shabbat/siman-359/niveau-1-base.html,"Siman <bdi>שנ""ט</bdi> · Niveau 1 — Espace large derrière les | Hilkhot Shabbat"
meta-gershayim,sources/shabbat/siman-359/niveau-3-synthese-he.html,1 meta
coquille-sikhot,sources/shabbat/siman-359/niveau-4-daat-harav.html,סיכות (→שיחות)
meta-gershayim,sources/shabbat/siman-359/niveau-4-daat-harav.html,3 meta
meta-gershayim,sources/shabbat/siman-359/niveau-4-daat-harav-he.html,1 meta
meta-gershayim,sources/shabbat/siman-359/niveau-2-lamdan.html,3 meta
titre-tronque,sources/shabbat/siman-359/niveau-2-lamdan.html,"Siman <bdi>שנ""ט</bdi> · Niveau 2 — Espace large derrière les | Hilkhot Shabbat"
meta-gershayim,sources/shabbat/siman-359/niveau-3-synthese-en.html,1 meta
meta-gershayim,sources/shabbat/siman-359/niveau-3-synthese.html,3 meta
titre-tronque,sources/shabbat/siman-359/niveau-3-synthese.html,"Siman <bdi>שנ""ט</bdi> · Niveau 3 — Espace large derrière les | Hilkhot Shabbat"
meta-gershayim,sources/shabbat/siman-359/niveau-1-base-he.html,1 meta
meta-gershayim,sources/shabbat/siman-359/niveau-2-lamdan-he.html,3 meta
coquille-sikhot,sources/shabbat/siman-352/niveau-4-daat-harav-en.html,סיכות (→שיחות)
meta-gershayim,sources/shabbat/siman-352/niveau-2-lamdan-en.html,3 meta
compteur-3-niveaux,sources/shabbat/siman-352/index-he.html,שלוש רמות
compteur-3-niveaux,sources/shabbat/siman-352/index.html,Les 3 niveaux
meta-gershayim,sources/shabbat/siman-352/niveau-1-base.html,4 meta
meta-gershayim,sources/shabbat/siman-352/niveau-3-synthese-he.html,3 meta
coquille-sikhot,sources/shabbat/siman-352/niveau-4-daat-harav.html,סיכות (→שיחות)
meta-gershayim,sources/shabbat/siman-352/niveau-4-daat-harav.html,3 meta
meta-gershayim,sources/shabbat/siman-352/niveau-4-daat-harav-he.html,5 meta
meta-gershayim,sources/shabbat/siman-352/niveau-2-lamdan.html,3 meta
meta-gershayim,sources/shabbat/siman-352/niveau-3-synthese.html,3 meta
meta-gershayim,sources/shabbat/siman-352/niveau-1-base-he.html,4 meta
meta-gershayim,sources/shabbat/siman-352/niveau-2-lamdan-he.html,3 meta
coquille-sikhot,sources/shabbat/siman-252/niveau-4-daat-harav-en.html,סיכות (→שיחות)
meta-gershayim,sources/shabbat/siman-252/niveau-4-daat-harav-en.html,3 meta
commentaire-a-verifier,sources/shabbat/siman-252/niveau-4-daat-harav-en.html,4
compteur-3-niveaux,sources/shabbat/siman-252/index.html,Les 3 niveaux
coquille-sikhot,sources/shabbat/siman-252/niveau-4-daat-harav.html,סיכות (→שיחות)
meta-gershayim,sources/shabbat/siman-252/niveau-4-daat-harav.html,3 meta
commentaire-a-verifier,sources/shabbat/siman-252/niveau-4-daat-harav.html,4
titre-tronque,sources/shabbat/siman-252/index-en.html,Siman 252 — Melachos permitted and forbidden to | Hilkhot Shabbat
commentaire-a-verifier,sources/shabbat/siman-304/niveau-4-daat-harav-en.html,2
meta-gershayim,sources/shabbat/siman-304/niveau-2-lamdan-en.html,3 meta
titre-tronque,sources/shabbat/siman-304/niveau-2-lamdan-en.html,"Siman <bdi>ש""ד</bdi> · Level 2 — Le repos du serviteur et de | Hilkhot Shabbat"
meta-gershayim,sources/shabbat/siman-304/niveau-1-base-en.html,4 meta
titre-tronque,sources/shabbat/siman-304/niveau-1-base-en.html,"Siman <bdi>ש""ד</bdi> · Level 1 — Le repos du serviteur et de | Hilkhot Shabbat"
compteur-3-niveaux,sources/shabbat/siman-304/index-he.html,שלוש רמות
compteur-3-niveaux,sources/shabbat/siman-304/index.html,Les 3 niveaux
meta-gershayim,sources/shabbat/siman-304/niveau-1-base.html,4 meta
titre-tronque,sources/shabbat/siman-304/niveau-1-base.html,"Siman <bdi>ש""ד</bdi> · Niveau 1 — Le repos du serviteur et de | Hilkhot Shabbat"
meta-gershayim,sources/shabbat/siman-304/niveau-3-synthese-he.html,3 meta
meta-gershayim,sources/shabbat/siman-304/niveau-4-daat-harav-he.html,1 meta
meta-gershayim,sources/shabbat/siman-304/niveau-2-lamdan.html,3 meta
titre-tronque,sources/shabbat/siman-304/niveau-2-lamdan.html,"Siman <bdi>ש""ד</bdi> · Niveau 2 — Le repos du serviteur et de | Hilkhot Shabbat"
meta-gershayim,sources/shabbat/siman-304/niveau-3-synthese-en.html,3 meta
titre-tronque,sources/shabbat/siman-304/niveau-3-synthese-en.html,"Siman <bdi>ש""ד</bdi> · Level 3 — Le repos du serviteur et de | Hilkhot Shabbat"
meta-gershayim,sources/shabbat/siman-304/niveau-3-synthese.html,3 meta
titre-tronque,sources/shabbat/siman-304/niveau-3-synthese.html,"Siman <bdi>ש""ד</bdi> · Niveau 3 — Le repos du serviteur et de | Hilkhot Shabbat"
meta-gershayim,sources/shabbat/siman-304/niveau-1-base-he.html,4 meta
compteur-3-niveaux,sources/shabbat/siman-304/index-en.html,3 levels of study
meta-gershayim,sources/shabbat/siman-304/niveau-2-lamdan-he.html,3 meta
meta-gershayim,sources/shabbat/siman-360/niveau-4-daat-harav-en.html,1 meta
meta-gershayim,sources/shabbat/siman-360/niveau-2-lamdan-en.html,3 meta
meta-gershayim,sources/shabbat/siman-360/niveau-1-base-en.html,1 meta
compteur-3-niveaux,sources/shabbat/siman-360/index.html,Les 3 niveaux
meta-gershayim,sources/shabbat/siman-360/niveau-1-base.html,4 meta
meta-gershayim,sources/shabbat/siman-360/niveau-3-synthese-he.html,1 meta
coquille-sikhot,sources/shabbat/siman-360/niveau-4-daat-harav.html,סיכות (→שיחות)
meta-gershayim,sources/shabbat/siman-360/niveau-4-daat-harav.html,3 meta
meta-gershayim,sources/shabbat/siman-360/niveau-4-daat-harav-he.html,1 meta
meta-gershayim,sources/shabbat/siman-360/niveau-2-lamdan.html,3 meta
meta-gershayim,sources/shabbat/siman-360/niveau-3-synthese-en.html,1 meta
meta-gershayim,sources/shabbat/siman-360/niveau-3-synthese.html,3 meta
meta-gershayim,sources/shabbat/siman-360/niveau-1-base-he.html,1 meta
meta-gershayim,sources/shabbat/siman-360/niveau-2-lamdan-he.html,3 meta
coquille-sikhot,sources/shabbat/siman-242/niveau-4-daat-harav-en.html,סיכות (→שיחות)
coquille-sikhot,sources/shabbat/siman-242/niveau-4-daat-harav.html,סיכות (→שיחות)
meta-gershayim,sources/shabbat/siman-354/niveau-4-daat-harav-en.html,3 meta
meta-gershayim,sources/shabbat/siman-354/niveau-2-lamdan-en.html,3 meta
meta-gershayim,sources/shabbat/siman-354/niveau-1-base-en.html,4 meta
compteur-3-niveaux,sources/shabbat/siman-354/index.html,Les 3 niveaux
meta-gershayim,sources/shabbat/siman-354/niveau-1-base.html,4 meta
meta-gershayim,sources/shabbat/siman-354/niveau-3-synthese-he.html,3 meta
coquille-sikhot,sources/shabbat/siman-354/niveau-4-daat-harav.html,סיכות (→שיחות)
meta-gershayim,sources/shabbat/siman-354/niveau-4-daat-harav.html,3 meta
meta-gershayim,sources/shabbat/siman-354/niveau-4-daat-harav-he.html,5 meta
meta-gershayim,sources/shabbat/siman-354/niveau-2-lamdan.html,3 meta
meta-gershayim,sources/shabbat/siman-354/niveau-3-synthese-en.html,3 meta
meta-gershayim,sources/shabbat/siman-354/niveau-3-synthese.html,3 meta
meta-gershayim,sources/shabbat/siman-354/niveau-1-base-he.html,4 meta
meta-gershayim,sources/shabbat/siman-354/niveau-2-lamdan-he.html,3 meta
coquille-sikhot,sources/shabbat/siman-265/niveau-4-daat-harav-en.html,סיכות (→שיחות)
titre-tronque,sources/shabbat/siman-265/niveau-4-daat-harav-en.html,Siman 265 · Level 4 Daat HaRav — Shittah (שיטה) of | Hilkhot Shabbat
commentaire-a-verifier,sources/shabbat/siman-265/niveau-4-daat-harav-en.html,2
meta-gershayim,sources/shabbat/siman-265/niveau-2-lamdan-en.html,3 meta
compteur-3-niveaux,sources/shabbat/siman-265/index-he.html,שלוש רמות
compteur-3-niveaux,sources/shabbat/siman-265/index.html,Les 3 niveaux
coquille-sikhot,sources/shabbat/siman-265/niveau-4-daat-harav.html,סיכות (→שיחות)
meta-gershayim,sources/shabbat/siman-265/niveau-4-daat-harav.html,3 meta
commentaire-a-verifier,sources/shabbat/siman-265/niveau-4-daat-harav.html,2
meta-gershayim,sources/shabbat/siman-265/niveau-4-daat-harav-he.html,3 meta
meta-gershayim,sources/shabbat/siman-265/niveau-2-lamdan.html,3 meta
meta-gershayim,sources/shabbat/siman-265/niveau-3-synthese.html,3 meta
meta-gershayim,sources/shabbat/siman-265/niveau-2-lamdan-he.html,3 meta
coquille-sikhot,sources/shabbat/siman-331/niveau-4-daat-harav-en.html,סיכות (→שיחות)
meta-gershayim,sources/shabbat/siman-331/niveau-2-lamdan-en.html,3 meta
compteur-3-niveaux,sources/shabbat/siman-331/index.html,Les 3 niveaux
meta-gershayim,sources/shabbat/siman-331/niveau-1-base.html,4 meta
meta-gershayim,sources/shabbat/siman-331/niveau-3-synthese-he.html,2 meta
coquille-sikhot,sources/shabbat/siman-331/niveau-4-daat-harav.html,סיכות (→שיחות)
meta-gershayim,sources/shabbat/siman-331/niveau-4-daat-harav.html,3 meta
meta-gershayim,sources/shabbat/siman-331/niveau-4-daat-harav-he.html,3 meta
meta-gershayim,sources/shabbat/siman-331/niveau-2-lamdan.html,3 meta
meta-gershayim,sources/shabbat/siman-331/niveau-3-synthese.html,3 meta
meta-gershayim,sources/shabbat/siman-331/niveau-1-base-he.html,2 meta
meta-gershayim,sources/shabbat/siman-331/niveau-2-lamdan-he.html,3 meta
coquille-sikhot,sources/shabbat/siman-259/niveau-4-daat-harav-en.html,סיכות (→שיחות)
compteur-3-niveaux,sources/shabbat/siman-259/index-he.html,שלוש רמות
compteur-3-niveaux,sources/shabbat/siman-259/index.html,Les 3 niveaux
coquille-sikhot,sources/shabbat/siman-259/niveau-4-daat-harav.html,סיכות (→שיחות)
meta-gershayim,sources/shabbat/siman-259/niveau-4-daat-harav.html,3 meta
coquille-sikhot,sources/shabbat/siman-272/niveau-4-daat-harav-en.html,סיכות (→שיחות)
meta-gershayim,sources/shabbat/siman-272/niveau-4-daat-harav-en.html,3 meta
titre-tronque,sources/shabbat/siman-272/niveau-4-daat-harav-en.html,Siman 272 · Level 4 Daat HaRav — Shittah (שיטה) of | Hilkhot Shabbat
meta-gershayim,sources/shabbat/siman-272/niveau-2-lamdan-en.html,3 meta
meta-gershayim,sources/shabbat/siman-272/niveau-1-base-en.html,4 meta
compteur-3-niveaux,sources/shabbat/siman-272/index.html,Les 3 niveaux
meta-gershayim,sources/shabbat/siman-272/niveau-1-base.html,4 meta
meta-gershayim,sources/shabbat/siman-272/niveau-3-synthese-he.html,3 meta
coquille-sikhot,sources/shabbat/siman-272/niveau-4-daat-harav.html,סיכות (→שיחות)
meta-gershayim,sources/shabbat/siman-272/niveau-4-daat-harav.html,3 meta
coquille-sikhot,sources/shabbat/siman-272/niveau-4-daat-harav-he.html,סיכות (→שיחות)
meta-gershayim,sources/shabbat/siman-272/niveau-4-daat-harav-he.html,5 meta
meta-gershayim,sources/shabbat/siman-272/niveau-2-lamdan.html,3 meta
meta-gershayim,sources/shabbat/siman-272/niveau-3-synthese-en.html,3 meta
meta-gershayim,sources/shabbat/siman-272/niveau-3-synthese.html,3 meta
meta-gershayim,sources/shabbat/siman-272/niveau-1-base-he.html,4 meta
meta-gershayim,sources/shabbat/siman-272/niveau-2-lamdan-he.html,3 meta
coquille-sikhot,sources/shabbat/siman-302/niveau-4-daat-harav-en.html,סיכות (→שיחות)
meta-gershayim,sources/shabbat/siman-302/niveau-4-daat-harav-en.html,2 meta
meta-gershayim,sources/shabbat/siman-302/niveau-2-lamdan-en.html,3 meta
titre-tronque,sources/shabbat/siman-302/niveau-2-lamdan-en.html,"Siman <bdi>ש""ב</bdi> · Level 2 — Nettoyer et plier les | Hilkhot Shabbat"
meta-gershayim,sources/shabbat/siman-302/niveau-1-base-en.html,2 meta
compteur-3-niveaux,sources/shabbat/siman-302/index.html,Les 3 niveaux
meta-gershayim,sources/shabbat/siman-302/niveau-1-base.html,4 meta
titre-tronque,sources/shabbat/siman-302/niveau-1-base.html,"Siman <bdi>ש""ב</bdi> · Niveau 1 — Nettoyer et plier les | Hilkhot Shabbat"
meta-gershayim,sources/shabbat/siman-302/niveau-3-synthese-he.html,2 meta
coquille-sikhot,sources/shabbat/siman-302/niveau-4-daat-harav.html,סיכות (→שיחות)
meta-gershayim,sources/shabbat/siman-302/niveau-4-daat-harav.html,3 meta
meta-gershayim,sources/shabbat/siman-302/niveau-4-daat-harav-he.html,3 meta
meta-gershayim,sources/shabbat/siman-302/niveau-2-lamdan.html,3 meta
titre-tronque,sources/shabbat/siman-302/niveau-2-lamdan.html,"Siman <bdi>ש""ב</bdi> · Niveau 2 — Nettoyer et plier les | Hilkhot Shabbat"
meta-gershayim,sources/shabbat/siman-302/niveau-3-synthese-en.html,2 meta
meta-gershayim,sources/shabbat/siman-302/niveau-3-synthese.html,3 meta
titre-tronque,sources/shabbat/siman-302/niveau-3-synthese.html,"Siman <bdi>ש""ב</bdi> · Niveau 3 — Nettoyer et plier les | Hilkhot Shabbat"
meta-gershayim,sources/shabbat/siman-302/niveau-1-base-he.html,2 meta
meta-gershayim,sources/shabbat/siman-302/niveau-2-lamdan-he.html,3 meta
coquille-sikhot,sources/shabbat/siman-318/niveau-4-daat-harav-en.html,סיכות (→שיחות)
meta-gershayim,sources/shabbat/siman-318/niveau-4-daat-harav-en.html,3 meta
meta-gershayim,sources/shabbat/siman-318/niveau-2-lamdan-en.html,3 meta
meta-gershayim,sources/shabbat/siman-318/niveau-1-base-en.html,4 meta
titre-tronque,sources/shabbat/siman-318/niveau-1-base-en.html,"Siman <bdi>שי""ח</bdi> · Level 1 — Mevashel (Cooking) on | Hilkhot Shabbat"
compteur-3-niveaux,sources/shabbat/siman-318/index.html,Les 3 niveaux
meta-gershayim,sources/shabbat/siman-318/niveau-1-base.html,4 meta
titre-tronque,sources/shabbat/siman-318/niveau-1-base.html,"Siman <bdi>שי""ח</bdi> · Niveau 1 — Mevashel (cuisson) à | Hilkhot Shabbat"
meta-gershayim,sources/shabbat/siman-318/niveau-3-synthese-he.html,3 meta
coquille-sikhot,sources/shabbat/siman-318/niveau-4-daat-harav.html,סיכות (→שיחות)
meta-gershayim,sources/shabbat/siman-318/niveau-4-daat-harav.html,3 meta
coquille-sikhot,sources/shabbat/siman-318/niveau-4-daat-harav-he.html,סיכות (→שיחות)
meta-gershayim,sources/shabbat/siman-318/niveau-4-daat-harav-he.html,5 meta
meta-gershayim,sources/shabbat/siman-318/niveau-2-lamdan.html,3 meta
titre-tronque,sources/shabbat/siman-318/niveau-2-lamdan.html,"Siman <bdi>שי""ח</bdi> · Niveau 2 — Mevashel (cuisson) à | Hilkhot Shabbat"
meta-gershayim,sources/shabbat/siman-318/niveau-3-synthese-en.html,3 meta
meta-gershayim,sources/shabbat/siman-318/niveau-3-synthese.html,3 meta
titre-tronque,sources/shabbat/siman-318/niveau-3-synthese.html,"Siman <bdi>שי""ח</bdi> · Niveau 3 — Mevashel (cuisson) à | Hilkhot Shabbat"
meta-gershayim,sources/shabbat/siman-318/niveau-1-base-he.html,4 meta
meta-gershayim,sources/shabbat/siman-318/niveau-2-lamdan-he.html,3 meta
meta-gershayim,sources/shabbat/siman-299/niveau-4-daat-harav-en.html,3 meta
meta-gershayim,sources/shabbat/siman-299/niveau-2-lamdan-en.html,3 meta
meta-gershayim,sources/shabbat/siman-299/niveau-1-base-en.html,4 meta
compteur-3-niveaux,sources/shabbat/siman-299/index.html,Les 3 niveaux
meta-gershayim,sources/shabbat/siman-299/niveau-1-base.html,4 meta
coquille-sikhot,sources/shabbat/siman-299/niveau-4-daat-harav.html,סיכות (→שיחות)
meta-gershayim,sources/shabbat/siman-299/niveau-4-daat-harav.html,3 meta
meta-gershayim,sources/shabbat/siman-299/niveau-2-lamdan.html,3 meta
meta-gershayim,sources/shabbat/siman-299/niveau-3-synthese.html,3 meta
meta-gershayim,sources/shabbat/siman-299/niveau-1-base-he.html,4 meta
meta-gershayim,sources/shabbat/siman-299/niveau-2-lamdan-he.html,3 meta
meta-gershayim,sources/shabbat/siman-351/niveau-4-daat-harav-en.html,3 meta
meta-gershayim,sources/shabbat/siman-351/niveau-2-lamdan-en.html,3 meta
titre-tronque,sources/shabbat/siman-351/niveau-2-lamdan-en.html,"Siman <bdi>שנ""א</bdi> · Level 2 — Tendre la main vers un | Hilkhot Shabbat"
meta-gershayim,sources/shabbat/siman-351/niveau-1-base-en.html,4 meta
titre-tronque,sources/shabbat/siman-351/niveau-1-base-en.html,"Siman <bdi>שנ""א</bdi> · Level 1 — Extending the hand to a | Hilkhot Shabbat"
compteur-3-niveaux,sources/shabbat/siman-351/index-he.html,שלוש רמות
compteur-3-niveaux,sources/shabbat/siman-351/index.html,Les 3 niveaux
meta-gershayim,sources/shabbat/siman-351/niveau-1-base.html,4 meta
titre-tronque,sources/shabbat/siman-351/niveau-1-base.html,"Siman <bdi>שנ""א</bdi> · Niveau 1 — Tendre la main vers un | Hilkhot Shabbat"
meta-gershayim,sources/shabbat/siman-351/niveau-3-synthese-he.html,3 meta
coquille-sikhot,sources/shabbat/siman-351/niveau-4-daat-harav.html,סיכות (→שיחות)
meta-gershayim,sources/shabbat/siman-351/niveau-4-daat-harav.html,3 meta
meta-gershayim,sources/shabbat/siman-351/niveau-4-daat-harav-he.html,5 meta
meta-gershayim,sources/shabbat/siman-351/niveau-2-lamdan.html,3 meta
titre-tronque,sources/shabbat/siman-351/niveau-2-lamdan.html,"Siman <bdi>שנ""א</bdi> · Niveau 2 — Tendre la main vers un | Hilkhot Shabbat"
meta-gershayim,sources/shabbat/siman-351/niveau-3-synthese-en.html,3 meta
titre-tronque,sources/shabbat/siman-351/niveau-3-synthese-en.html,"Siman <bdi>שנ""א</bdi> · Level 3 — Extending the hand to a | Hilkhot Shabbat"
meta-gershayim,sources/shabbat/siman-351/niveau-3-synthese.html,3 meta
titre-tronque,sources/shabbat/siman-351/niveau-3-synthese.html,"Siman <bdi>שנ""א</bdi> · Niveau 3 — Tendre la main vers un | Hilkhot Shabbat"
meta-gershayim,sources/shabbat/siman-351/niveau-1-base-he.html,4 meta
meta-gershayim,sources/shabbat/siman-351/niveau-2-lamdan-he.html,3 meta
coquille-sikhot,sources/shabbat/siman-312/niveau-4-daat-harav-en.html,סיכות (→שיחות)
meta-gershayim,sources/shabbat/siman-312/niveau-2-lamdan-en.html,3 meta
compteur-3-niveaux,sources/shabbat/siman-312/index.html,Les 3 niveaux
meta-gershayim,sources/shabbat/siman-312/niveau-1-base.html,4 meta
meta-gershayim,sources/shabbat/siman-312/niveau-3-synthese-he.html,2 meta
coquille-sikhot,sources/shabbat/siman-312/niveau-4-daat-harav.html,סיכות (→שיחות)
meta-gershayim,sources/shabbat/siman-312/niveau-4-daat-harav.html,3 meta
coquille-sikhot,sources/shabbat/siman-312/niveau-4-daat-harav-he.html,סיכות (→שיחות)
meta-gershayim,sources/shabbat/siman-312/niveau-4-daat-harav-he.html,3 meta
meta-gershayim,sources/shabbat/siman-312/niveau-2-lamdan.html,3 meta
meta-gershayim,sources/shabbat/siman-312/niveau-3-synthese.html,3 meta
meta-gershayim,sources/shabbat/siman-312/niveau-1-base-he.html,2 meta
meta-gershayim,sources/shabbat/siman-312/niveau-2-lamdan-he.html,3 meta
coquille-sikhot,sources/shabbat/siman-249/niveau-4-daat-harav-en.html,סיכות (→שיחות)
commentaire-a-verifier,sources/shabbat/siman-249/niveau-4-daat-harav-en.html,3
meta-gershayim,sources/shabbat/siman-249/index-he.html,6 meta
compteur-3-niveaux,sources/shabbat/siman-249/index.html,Les 3 niveaux
titre-tronque,sources/shabbat/siman-249/niveau-1-base.html,Siman <bdi>רמ״ט</bdi> · Niveau 1 — Règles spécifiques du | Hilkhot Shabbat
coquille-sikhot,sources/shabbat/siman-249/niveau-4-daat-harav.html,סיכות (→שיחות)
meta-gershayim,sources/shabbat/siman-249/niveau-4-daat-harav.html,3 meta
commentaire-a-verifier,sources/shabbat/siman-249/niveau-4-daat-harav.html,3
coquille-sikhot,sources/shabbat/siman-287/niveau-4-daat-harav-en.html,סיכות (→שיחות)
meta-gershayim,sources/shabbat/siman-287/niveau-2-lamdan-en.html,3 meta
compteur-3-niveaux,sources/shabbat/siman-287/index.html,Les 3 niveaux
titre-tronque,sources/shabbat/siman-287/index.html,Siman 287 — Visite des malades et consolation des | Hilkhot Shabbat
meta-gershayim,sources/shabbat/siman-287/niveau-1-base.html,4 meta
coquille-sikhot,sources/shabbat/siman-287/niveau-4-daat-harav.html,סיכות (→שיחות)
meta-gershayim,sources/shabbat/siman-287/niveau-4-daat-harav.html,3 meta
meta-gershayim,sources/shabbat/siman-287/niveau-2-lamdan.html,3 meta
meta-gershayim,sources/shabbat/siman-287/niveau-3-synthese.html,3 meta
titre-tronque,sources/shabbat/siman-287/index-en.html,Siman 287 — Nichum Aveilim and Bikkur Cholim on | Hilkhot Shabbat
meta-gershayim,sources/shabbat/siman-287/niveau-2-lamdan-he.html,3 meta
coquille-sikhot,sources/shabbat/siman-340/niveau-4-daat-harav-en.html,סיכות (→שיחות)
meta-gershayim,sources/shabbat/siman-340/niveau-4-daat-harav-en.html,3 meta
meta-gershayim,sources/shabbat/siman-340/niveau-2-lamdan-en.html,3 meta
meta-gershayim,sources/shabbat/siman-340/niveau-1-base-en.html,4 meta
compteur-3-niveaux,sources/shabbat/siman-340/index.html,Les 3 niveaux
meta-gershayim,sources/shabbat/siman-340/niveau-1-base.html,4 meta
meta-gershayim,sources/shabbat/siman-340/niveau-3-synthese-he.html,3 meta
coquille-sikhot,sources/shabbat/siman-340/niveau-4-daat-harav.html,סיכות (→שיחות)
meta-gershayim,sources/shabbat/siman-340/niveau-4-daat-harav.html,3 meta
coquille-sikhot,sources/shabbat/siman-340/niveau-4-daat-harav-he.html,סיכות (→שיחות)
meta-gershayim,sources/shabbat/siman-340/niveau-4-daat-harav-he.html,5 meta
siman-siman-duplique,sources/shabbat/siman-340/niveau-4-daat-harav-he.html,סימן (סימן)
meta-gershayim,sources/shabbat/siman-340/niveau-2-lamdan.html,3 meta
meta-gershayim,sources/shabbat/siman-340/niveau-3-synthese-en.html,3 meta
meta-gershayim,sources/shabbat/siman-340/niveau-3-synthese.html,3 meta
meta-gershayim,sources/shabbat/siman-340/niveau-1-base-he.html,4 meta
meta-gershayim,sources/shabbat/siman-340/niveau-2-lamdan-he.html,3 meta
coquille-sikhot,sources/shabbat/siman-281/niveau-4-daat-harav-en.html,סיכות (→שיחות)
meta-gershayim,sources/shabbat/siman-281/niveau-4-daat-harav-en.html,3 meta
meta-gershayim,sources/shabbat/siman-281/niveau-2-lamdan-en.html,3 meta
meta-gershayim,sources/shabbat/siman-281/niveau-1-base-en.html,4 meta
titre-tronque,sources/shabbat/siman-281/niveau-1-base-en.html,"Siman <bdi>רפ""א</bdi> · Level 1 — Zemiros and tefilah of | Hilkhot Shabbat"
compteur-3-niveaux,sources/shabbat/siman-281/index.html,Les 3 niveaux
meta-gershayim,sources/shabbat/siman-281/niveau-1-base.html,4 meta
meta-gershayim,sources/shabbat/siman-281/niveau-3-synthese-he.html,3 meta
coquille-sikhot,sources/shabbat/siman-281/niveau-4-daat-harav.html,סיכות (→שיחות)
meta-gershayim,sources/shabbat/siman-281/niveau-4-daat-harav.html,3 meta
coquille-sikhot,sources/shabbat/siman-281/niveau-4-daat-harav-he.html,סיכות (→שיחות)
meta-gershayim,sources/shabbat/siman-281/niveau-4-daat-harav-he.html,5 meta
siman-siman-duplique,sources/shabbat/siman-281/niveau-4-daat-harav-he.html,סימן (סימן)
meta-gershayim,sources/shabbat/siman-281/niveau-2-lamdan.html,3 meta
meta-gershayim,sources/shabbat/siman-281/niveau-3-synthese-en.html,3 meta
titre-tronque,sources/shabbat/siman-281/niveau-3-synthese-en.html,"Siman <bdi>רפ""א</bdi> · Level 3 — Zemiros and tefilah of | Hilkhot Shabbat"
meta-gershayim,sources/shabbat/siman-281/niveau-3-synthese.html,3 meta
meta-gershayim,sources/shabbat/siman-281/niveau-1-base-he.html,4 meta
meta-gershayim,sources/shabbat/siman-281/niveau-2-lamdan-he.html,3 meta
coquille-sikhot,sources/shabbat/siman-361/niveau-4-daat-harav-en.html,סיכות (→שיחות)
meta-gershayim,sources/shabbat/siman-361/niveau-4-daat-harav-en.html,3 meta
meta-gershayim,sources/shabbat/siman-361/niveau-2-lamdan-en.html,3 meta
meta-gershayim,sources/shabbat/siman-361/niveau-1-base-en.html,4 meta
compteur-3-niveaux,sources/shabbat/siman-361/index.html,Les 3 niveaux
meta-gershayim,sources/shabbat/siman-361/niveau-1-base.html,4 meta
meta-gershayim,sources/shabbat/siman-361/niveau-3-synthese-he.html,3 meta
coquille-sikhot,sources/shabbat/siman-361/niveau-4-daat-harav.html,סיכות (→שיחות)
meta-gershayim,sources/shabbat/siman-361/niveau-4-daat-harav.html,3 meta
coquille-sikhot,sources/shabbat/siman-361/niveau-4-daat-harav-he.html,סיכות (→שיחות)
meta-gershayim,sources/shabbat/siman-361/niveau-4-daat-harav-he.html,3 meta
meta-gershayim,sources/shabbat/siman-361/niveau-2-lamdan.html,3 meta
meta-gershayim,sources/shabbat/siman-361/niveau-3-synthese-en.html,3 meta
meta-gershayim,sources/shabbat/siman-361/niveau-3-synthese.html,3 meta
meta-gershayim,sources/shabbat/siman-361/niveau-1-base-he.html,4 meta
meta-gershayim,sources/shabbat/siman-361/niveau-2-lamdan-he.html,3 meta
coquille-sikhot,sources/shabbat/siman-290/niveau-4-daat-harav-en.html,סיכות (→שיחות)
meta-gershayim,sources/shabbat/siman-290/niveau-4-daat-harav-en.html,3 meta
meta-gershayim,sources/shabbat/siman-290/niveau-2-lamdan-en.html,3 meta
meta-gershayim,sources/shabbat/siman-290/niveau-1-base-en.html,4 meta
compteur-3-niveaux,sources/shabbat/siman-290/index.html,Les 3 niveaux
meta-gershayim,sources/shabbat/siman-290/niveau-1-base.html,4 meta
meta-gershayim,sources/shabbat/siman-290/niveau-3-synthese-he.html,3 meta
coquille-sikhot,sources/shabbat/siman-290/niveau-4-daat-harav.html,סיכות (→שיחות)
meta-gershayim,sources/shabbat/siman-290/niveau-4-daat-harav.html,3 meta
meta-gershayim,sources/shabbat/siman-290/niveau-4-daat-harav-he.html,5 meta
siman-siman-duplique,sources/shabbat/siman-290/niveau-4-daat-harav-he.html,סימן (סימן)
meta-gershayim,sources/shabbat/siman-290/niveau-2-lamdan.html,3 meta
meta-gershayim,sources/shabbat/siman-290/niveau-3-synthese-en.html,3 meta
meta-gershayim,sources/shabbat/siman-290/niveau-3-synthese.html,3 meta
meta-gershayim,sources/shabbat/siman-290/niveau-1-base-he.html,4 meta
meta-gershayim,sources/shabbat/siman-290/niveau-2-lamdan-he.html,3 meta
coquille-sikhot,sources/shabbat/siman-271/niveau-4-daat-harav-en.html,סיכות (→שיחות)
meta-gershayim,sources/shabbat/siman-271/niveau-4-daat-harav-en.html,1 meta
titre-tronque,sources/shabbat/siman-271/niveau-4-daat-harav-en.html,Siman 271 · Level 4 — Shitah of the Alter Rebbe on | Hilkhot Shabbat
meta-gershayim,sources/shabbat/siman-271/niveau-2-lamdan-en.html,3 meta
compteur-3-niveaux,sources/shabbat/siman-271/index.html,Les 3 niveaux
meta-gershayim,sources/shabbat/siman-271/niveau-1-base.html,4 meta
meta-gershayim,sources/shabbat/siman-271/niveau-3-synthese-he.html,3 meta
coquille-sikhot,sources/shabbat/siman-271/niveau-4-daat-harav.html,סיכות (→שיחות)
meta-gershayim,sources/shabbat/siman-271/niveau-4-daat-harav.html,3 meta
coquille-sikhot,sources/shabbat/siman-271/niveau-4-daat-harav-he.html,סיכות (→שיחות)
meta-gershayim,sources/shabbat/siman-271/niveau-2-lamdan.html,3 meta
meta-gershayim,sources/shabbat/siman-271/niveau-3-synthese.html,3 meta
meta-gershayim,sources/shabbat/siman-271/niveau-1-base-he.html,4 meta
meta-gershayim,sources/shabbat/siman-271/niveau-2-lamdan-he.html,3 meta
coquille-sikhot,sources/shabbat/siman-317/niveau-4-daat-harav-en.html,סיכות (→שיחות)
meta-gershayim,sources/shabbat/siman-317/niveau-2-lamdan-en.html,3 meta
compteur-3-niveaux,sources/shabbat/siman-317/index.html,Les 3 niveaux
meta-gershayim,sources/shabbat/siman-317/niveau-1-base.html,4 meta
meta-gershayim,sources/shabbat/siman-317/niveau-3-synthese-he.html,3 meta
coquille-sikhot,sources/shabbat/siman-317/niveau-4-daat-harav.html,סיכות (→שיחות)
meta-gershayim,sources/shabbat/siman-317/niveau-4-daat-harav.html,3 meta
meta-gershayim,sources/shabbat/siman-317/niveau-2-lamdan.html,3 meta
meta-gershayim,sources/shabbat/siman-317/niveau-3-synthese-en.html,3 meta
meta-gershayim,sources/shabbat/siman-317/niveau-3-synthese.html,3 meta
meta-gershayim,sources/shabbat/siman-317/niveau-2-lamdan-he.html,3 meta
coquille-sikhot,sources/shabbat/siman-258/niveau-4-daat-harav-en.html,סיכות (→שיחות)
compteur-3-niveaux,sources/shabbat/siman-258/index-he.html,שלוש רמות
compteur-3-niveaux,sources/shabbat/siman-258/index.html,Les 3 niveaux
titre-tronque,sources/shabbat/siman-258/index.html,Siman 258 — Permis de placer un plat froid sur un | Hilkhot Shabbat
coquille-sikhot,sources/shabbat/siman-258/niveau-4-daat-harav.html,סיכות (→שיחות)
meta-gershayim,sources/shabbat/siman-258/niveau-4-daat-harav.html,3 meta
siman-siman-duplique,sources/shabbat/siman-258/niveau-4-daat-harav-he.html,סימן (סימן)
titre-tronque,sources/shabbat/siman-258/index-en.html,Siman 258 — Permission to Place a Cold Item on a | Hilkhot Shabbat
coquille-sikhot,sources/shabbat/siman-364/niveau-4-daat-harav-en.html,סיכות (→שיחות)
meta-gershayim,sources/shabbat/siman-364/niveau-4-daat-harav-en.html,3 meta
meta-gershayim,sources/shabbat/siman-364/niveau-2-lamdan-en.html,3 meta
meta-gershayim,sources/shabbat/siman-364/niveau-1-base-en.html,4 meta
compteur-3-niveaux,sources/shabbat/siman-364/index.html,Les 3 niveaux
titre-tronque,sources/shabbat/siman-364/index.html,Siman 364 — Mavoy traversant et en forme d'arête de | Hilkhot Shabbat
meta-gershayim,sources/shabbat/siman-364/niveau-1-base.html,4 meta
titre-tronque,sources/shabbat/siman-364/niveau-1-base.html,"Siman <bdi>שס""ד</bdi> · Niveau 1 — Mavoy traversant et en | Hilkhot Shabbat"
meta-gershayim,sources/shabbat/siman-364/niveau-3-synthese-he.html,3 meta
coquille-sikhot,sources/shabbat/siman-364/niveau-4-daat-harav.html,סיכות (→שיחות)
meta-gershayim,sources/shabbat/siman-364/niveau-4-daat-harav.html,3 meta
coquille-sikhot,sources/shabbat/siman-364/niveau-4-daat-harav-he.html,סיכות (→שיחות)
meta-gershayim,sources/shabbat/siman-364/niveau-4-daat-harav-he.html,3 meta
meta-gershayim,sources/shabbat/siman-364/niveau-2-lamdan.html,3 meta
titre-tronque,sources/shabbat/siman-364/niveau-2-lamdan.html,"Siman <bdi>שס""ד</bdi> · Niveau 2 — Mavoy traversant et en | Hilkhot Shabbat"
meta-gershayim,sources/shabbat/siman-364/niveau-3-synthese-en.html,3 meta
meta-gershayim,sources/shabbat/siman-364/niveau-3-synthese.html,3 meta
titre-tronque,sources/shabbat/siman-364/niveau-3-synthese.html,"Siman <bdi>שס""ד</bdi> · Niveau 3 — Mavoy traversant et en | Hilkhot Shabbat"
meta-gershayim,sources/shabbat/siman-364/niveau-1-base-he.html,4 meta
titre-tronque,sources/shabbat/siman-364/index-en.html,Siman 364 — A Through Mavoy and One Shaped Like a | Hilkhot Shabbat
meta-gershayim,sources/shabbat/siman-364/niveau-2-lamdan-he.html,3 meta
coquille-sikhot,sources/shabbat/siman-254/niveau-4-daat-harav-en.html,סיכות (→שיחות)
commentaire-a-verifier,sources/shabbat/siman-254/niveau-4-daat-harav-en.html,6
compteur-3-niveaux,sources/shabbat/siman-254/index.html,Les 3 niveaux
titre-tronque,sources/shabbat/siman-254/index.html,Siman 254 — Plats préparés érev Shabbat pour | Hilkhot Shabbat
coquille-sikhot,sources/shabbat/siman-254/niveau-4-daat-harav.html,סיכות (→שיחות)
meta-gershayim,sources/shabbat/siman-254/niveau-4-daat-harav.html,3 meta
commentaire-a-verifier,sources/shabbat/siman-254/niveau-4-daat-harav.html,6
coquille-sikhot,sources/shabbat/siman-294/niveau-4-daat-harav-en.html,סיכות (→שיחות)
meta-gershayim,sources/shabbat/siman-294/niveau-4-daat-harav-en.html,3 meta
meta-gershayim,sources/shabbat/siman-294/niveau-2-lamdan-en.html,3 meta
meta-gershayim,sources/shabbat/siman-294/niveau-1-base-en.html,4 meta
compteur-3-niveaux,sources/shabbat/siman-294/index.html,Les 3 niveaux
meta-gershayim,sources/shabbat/siman-294/niveau-1-base.html,4 meta
meta-gershayim,sources/shabbat/siman-294/niveau-3-synthese-he.html,3 meta
coquille-sikhot,sources/shabbat/siman-294/niveau-4-daat-harav.html,סיכות (→שיחות)
meta-gershayim,sources/shabbat/siman-294/niveau-4-daat-harav.html,3 meta
meta-gershayim,sources/shabbat/siman-294/niveau-4-daat-harav-he.html,5 meta
meta-gershayim,sources/shabbat/siman-294/niveau-2-lamdan.html,3 meta
meta-gershayim,sources/shabbat/siman-294/niveau-3-synthese-en.html,3 meta
meta-gershayim,sources/shabbat/siman-294/niveau-3-synthese.html,3 meta
meta-gershayim,sources/shabbat/siman-294/niveau-1-base-he.html,4 meta
meta-gershayim,sources/shabbat/siman-294/niveau-2-lamdan-he.html,3 meta
coquille-sikhot,sources/shabbat/siman-333/niveau-4-daat-harav-en.html,סיכות (→שיחות)
meta-gershayim,sources/shabbat/siman-333/niveau-2-lamdan-en.html,3 meta
compteur-3-niveaux,sources/shabbat/siman-333/index.html,Les 3 niveaux
meta-gershayim,sources/shabbat/siman-333/niveau-1-base.html,4 meta
meta-gershayim,sources/shabbat/siman-333/niveau-3-synthese-he.html,2 meta
coquille-sikhot,sources/shabbat/siman-333/niveau-4-daat-harav.html,סיכות (→שיחות)
meta-gershayim,sources/shabbat/siman-333/niveau-4-daat-harav.html,3 meta
meta-gershayim,sources/shabbat/siman-333/niveau-4-daat-harav-he.html,3 meta
meta-gershayim,sources/shabbat/siman-333/niveau-2-lamdan.html,3 meta
meta-gershayim,sources/shabbat/siman-333/niveau-3-synthese.html,3 meta
meta-gershayim,sources/shabbat/siman-333/niveau-1-base-he.html,2 meta
titre-tronque,sources/shabbat/siman-333/index-en.html,Siman 333 — Not to clear out a storehouse on | Hilkhot Shabbat
meta-gershayim,sources/shabbat/siman-333/niveau-2-lamdan-he.html,3 meta
meta-gershayim,sources/shabbat/siman-321/niveau-2-lamdan-en.html,3 meta
compteur-3-niveaux,sources/shabbat/siman-321/index.html,Les 3 niveaux
meta-gershayim,sources/shabbat/siman-321/niveau-1-base.html,4 meta
meta-gershayim,sources/shabbat/siman-321/niveau-3-synthese-he.html,2 meta
coquille-sikhot,sources/shabbat/siman-321/niveau-4-daat-harav.html,סיכות (→שיחות)
meta-gershayim,sources/shabbat/siman-321/niveau-4-daat-harav.html,3 meta
meta-gershayim,sources/shabbat/siman-321/niveau-4-daat-harav-he.html,2 meta
meta-gershayim,sources/shabbat/siman-321/niveau-2-lamdan.html,3 meta
meta-gershayim,sources/shabbat/siman-321/niveau-3-synthese.html,3 meta
meta-gershayim,sources/shabbat/siman-321/niveau-1-base-he.html,2 meta
meta-gershayim,sources/shabbat/siman-321/niveau-2-lamdan-he.html,3 meta
coquille-sikhot,sources/shabbat/siman-309/niveau-4-daat-harav-en.html,סיכות (→שיחות)
meta-gershayim,sources/shabbat/siman-309/niveau-2-lamdan-en.html,3 meta
compteur-3-niveaux,sources/shabbat/siman-309/index.html,Les 3 niveaux
meta-gershayim,sources/shabbat/siman-309/niveau-1-base.html,4 meta
meta-gershayim,sources/shabbat/siman-309/niveau-3-synthese-he.html,2 meta
coquille-sikhot,sources/shabbat/siman-309/niveau-4-daat-harav.html,סיכות (→שיחות)
meta-gershayim,sources/shabbat/siman-309/niveau-4-daat-harav.html,3 meta
coquille-sikhot,sources/shabbat/siman-309/niveau-4-daat-harav-he.html,סיכות (→שיחות)
meta-gershayim,sources/shabbat/siman-309/niveau-4-daat-harav-he.html,3 meta
meta-gershayim,sources/shabbat/siman-309/niveau-2-lamdan.html,3 meta
meta-gershayim,sources/shabbat/siman-309/niveau-3-synthese.html,3 meta
meta-gershayim,sources/shabbat/siman-309/niveau-1-base-he.html,2 meta
titre-tronque,sources/shabbat/siman-309/index-en.html,Siman 309 — Moving a muktzeh object by means of | Hilkhot Shabbat
meta-gershayim,sources/shabbat/siman-309/niveau-2-lamdan-he.html,3 meta
coquille-sikhot,sources/shabbat/siman-347/niveau-4-daat-harav-en.html,סיכות (→שיחות)
meta-gershayim,sources/shabbat/siman-347/niveau-4-daat-harav-en.html,3 meta
commentaire-a-verifier,sources/shabbat/siman-347/niveau-4-daat-harav-en.html,1
meta-gershayim,sources/shabbat/siman-347/niveau-2-lamdan-en.html,3 meta
titre-tronque,sources/shabbat/siman-347/niveau-2-lamdan-en.html,"Siman <bdi>שמ""ז</bdi> · Level 2 — Sur quel type de הוצאה on | Hilkhot Shabbat"
meta-gershayim,sources/shabbat/siman-347/niveau-1-base-en.html,4 meta
compteur-3-niveaux,sources/shabbat/siman-347/index-he.html,שלוש רמות
compteur-3-niveaux,sources/shabbat/siman-347/index.html,Les 3 niveaux
meta-gershayim,sources/shabbat/siman-347/niveau-1-base.html,4 meta
titre-tronque,sources/shabbat/siman-347/niveau-1-base.html,"Siman <bdi>שמ""ז</bdi> · Niveau 1 — Sur quel type de הוצאה on | Hilkhot Shabbat"
meta-gershayim,sources/shabbat/siman-347/niveau-3-synthese-he.html,3 meta
coquille-sikhot,sources/shabbat/siman-347/niveau-4-daat-harav.html,סיכות (→שיחות)
meta-gershayim,sources/shabbat/siman-347/niveau-4-daat-harav.html,3 meta
commentaire-a-verifier,sources/shabbat/siman-347/niveau-4-daat-harav.html,1
meta-gershayim,sources/shabbat/siman-347/niveau-4-daat-harav-he.html,3 meta
meta-gershayim,sources/shabbat/siman-347/niveau-2-lamdan.html,3 meta
titre-tronque,sources/shabbat/siman-347/niveau-2-lamdan.html,"Siman <bdi>שמ""ז</bdi> · Niveau 2 — Sur quel type de הוצאה on | Hilkhot Shabbat"
meta-gershayim,sources/shabbat/siman-347/niveau-3-synthese-en.html,3 meta
meta-gershayim,sources/shabbat/siman-347/niveau-3-synthese.html,3 meta
titre-tronque,sources/shabbat/siman-347/niveau-3-synthese.html,"Siman <bdi>שמ""ז</bdi> · Niveau 3 — Sur quel type de הוצאה on | Hilkhot Shabbat"
meta-gershayim,sources/shabbat/siman-347/niveau-1-base-he.html,4 meta
meta-gershayim,sources/shabbat/siman-347/niveau-2-lamdan-he.html,3 meta
coquille-sikhot,sources/shabbat/siman-332/niveau-4-daat-harav-en.html,סיכות (→שיחות)
meta-gershayim,sources/shabbat/siman-332/niveau-2-lamdan-en.html,3 meta
titre-tronque,sources/shabbat/siman-332/niveau-2-lamdan-en.html,"Siman <bdi>של""ב</bdi> · Level 2 — Ne pas faire accoucher un | Hilkhot Shabbat"
titre-tronque,sources/shabbat/siman-332/niveau-1-base-en.html,Siman 332 · Level 1 — Not to deliver an animal on | Hilkhot Shabbat
compteur-3-niveaux,sources/shabbat/siman-332/index.html,Les 3 niveaux
meta-gershayim,sources/shabbat/siman-332/niveau-1-base.html,4 meta
titre-tronque,sources/shabbat/siman-332/niveau-1-base.html,"Siman <bdi>של""ב</bdi> · Niveau 1 — Ne pas faire accoucher un | Hilkhot Shabbat"
meta-gershayim,sources/shabbat/siman-332/niveau-3-synthese-he.html,2 meta
coquille-sikhot,sources/shabbat/siman-332/niveau-4-daat-harav.html,סיכות (→שיחות)
meta-gershayim,sources/shabbat/siman-332/niveau-4-daat-harav.html,3 meta
meta-gershayim,sources/shabbat/siman-332/niveau-4-daat-harav-he.html,3 meta
meta-gershayim,sources/shabbat/siman-332/niveau-2-lamdan.html,3 meta
titre-tronque,sources/shabbat/siman-332/niveau-2-lamdan.html,"Siman <bdi>של""ב</bdi> · Niveau 2 — Ne pas faire accoucher un | Hilkhot Shabbat"
titre-tronque,sources/shabbat/siman-332/niveau-3-synthese-en.html,Siman 332 · Level 3 — Not to deliver an animal on | Hilkhot Shabbat
meta-gershayim,sources/shabbat/siman-332/niveau-3-synthese.html,3 meta
titre-tronque,sources/shabbat/siman-332/niveau-3-synthese.html,"Siman <bdi>של""ב</bdi> · Niveau 3 — Ne pas faire accoucher un | Hilkhot Shabbat"
meta-gershayim,sources/shabbat/siman-332/niveau-1-base-he.html,2 meta
titre-tronque,sources/shabbat/siman-332/index-en.html,Siman 332 — Not to help an animal give birth on | Hilkhot Shabbat
meta-gershayim,sources/shabbat/siman-332/niveau-2-lamdan-he.html,3 meta
coquille-sikhot,sources/shabbat/siman-325/niveau-4-daat-harav-en.html,סיכות (→שיחות)
meta-gershayim,sources/shabbat/siman-325/niveau-4-daat-harav-en.html,3 meta
meta-gershayim,sources/shabbat/siman-325/niveau-2-lamdan-en.html,3 meta
titre-tronque,sources/shabbat/siman-325/niveau-2-lamdan-en.html,"Siman <bdi>שכ""ה</bdi> · Level 2 — Non-juif qui travaille pour | Hilkhot Shabbat"
meta-gershayim,sources/shabbat/siman-325/niveau-1-base-en.html,4 meta
titre-tronque,sources/shabbat/siman-325/niveau-1-base-en.html,"Siman <bdi>שכ""ה</bdi> · Level 1 — Non-Jew Doing Melachah for a | Hilkhot Shabbat"
compteur-3-niveaux,sources/shabbat/siman-325/index.html,Les 3 niveaux
meta-gershayim,sources/shabbat/siman-325/niveau-1-base.html,4 meta
titre-tronque,sources/shabbat/siman-325/niveau-1-base.html,"Siman <bdi>שכ""ה</bdi> · Niveau 1 — Non-juif qui travaille pour | Hilkhot Shabbat"
meta-gershayim,sources/shabbat/siman-325/niveau-3-synthese-he.html,3 meta
coquille-sikhot,sources/shabbat/siman-325/niveau-4-daat-harav.html,סיכות (→שיחות)
meta-gershayim,sources/shabbat/siman-325/niveau-4-daat-harav.html,3 meta
coquille-sikhot,sources/shabbat/siman-325/niveau-4-daat-harav-he.html,סיכות (→שיחות)
meta-gershayim,sources/shabbat/siman-325/niveau-4-daat-harav-he.html,5 meta
meta-gershayim,sources/shabbat/siman-325/niveau-2-lamdan.html,3 meta
titre-tronque,sources/shabbat/siman-325/niveau-2-lamdan.html,"Siman <bdi>שכ""ה</bdi> · Niveau 2 — Non-juif qui travaille pour | Hilkhot Shabbat"
meta-gershayim,sources/shabbat/siman-325/niveau-3-synthese-en.html,3 meta
titre-tronque,sources/shabbat/siman-325/niveau-3-synthese-en.html,"Siman <bdi>שכ""ה</bdi> · Level 3 — Non-Jew Doing Melachah for a | Hilkhot Shabbat"
meta-gershayim,sources/shabbat/siman-325/niveau-3-synthese.html,3 meta
titre-tronque,sources/shabbat/siman-325/niveau-3-synthese.html,"Siman <bdi>שכ""ה</bdi> · Niveau 3 — Non-juif qui travaille pour | Hilkhot Shabbat"
meta-gershayim,sources/shabbat/siman-325/niveau-1-base-he.html,4 meta
meta-gershayim,sources/shabbat/siman-325/niveau-2-lamdan-he.html,3 meta
meta-gershayim,sources/shabbat/siman-324/niveau-2-lamdan-en.html,3 meta
titre-tronque,sources/shabbat/siman-324/niveau-2-lamdan-en.html,"Siman <bdi>שכ""ד</bdi> · Level 2 — Préparer la nourriture pour | Hilkhot Shabbat"
compteur-3-niveaux,sources/shabbat/siman-324/index.html,Les 3 niveaux
meta-gershayim,sources/shabbat/siman-324/niveau-1-base.html,4 meta
titre-tronque,sources/shabbat/siman-324/niveau-1-base.html,"Siman <bdi>שכ""ד</bdi> · Niveau 1 — Préparer la nourriture pour | Hilkhot Shabbat"
meta-gershayim,sources/shabbat/siman-324/niveau-3-synthese-he.html,2 meta
coquille-sikhot,sources/shabbat/siman-324/niveau-4-daat-harav.html,סיכות (→שיחות)
meta-gershayim,sources/shabbat/siman-324/niveau-4-daat-harav.html,3 meta
meta-gershayim,sources/shabbat/siman-324/niveau-4-daat-harav-he.html,2 meta
meta-gershayim,sources/shabbat/siman-324/niveau-2-lamdan.html,3 meta
titre-tronque,sources/shabbat/siman-324/niveau-2-lamdan.html,"Siman <bdi>שכ""ד</bdi> · Niveau 2 — Préparer la nourriture pour | Hilkhot Shabbat"
meta-gershayim,sources/shabbat/siman-324/niveau-3-synthese.html,3 meta
titre-tronque,sources/shabbat/siman-324/niveau-3-synthese.html,"Siman <bdi>שכ""ד</bdi> · Niveau 3 — Préparer la nourriture pour | Hilkhot Shabbat"
meta-gershayim,sources/shabbat/siman-324/niveau-1-base-he.html,2 meta
meta-gershayim,sources/shabbat/siman-324/niveau-2-lamdan-he.html,3 meta
titre-tronque,sources/shabbat/siman-324/niveau-2-lamdan-he.html,"Siman <bdi>שכ""ד</bdi> · רמה 2 — Préparer la nourriture pour les | הלכות שבת"
coquille-sikhot,sources/shabbat/siman-363/niveau-4-daat-harav-en.html,סיכות (→שיחות)
meta-gershayim,sources/shabbat/siman-363/niveau-4-daat-harav-en.html,3 meta
meta-gershayim,sources/shabbat/siman-363/niveau-2-lamdan-en.html,3 meta
meta-gershayim,sources/shabbat/siman-363/niveau-1-base-en.html,4 meta
compteur-3-niveaux,sources/shabbat/siman-363/index.html,Les 3 niveaux
meta-gershayim,sources/shabbat/siman-363/niveau-1-base.html,4 meta
meta-gershayim,sources/shabbat/siman-363/niveau-3-synthese-he.html,3 meta
coquille-sikhot,sources/shabbat/siman-363/niveau-4-daat-harav.html,סיכות (→שיחות)
meta-gershayim,sources/shabbat/siman-363/niveau-4-daat-harav.html,3 meta
coquille-sikhot,sources/shabbat/siman-363/niveau-4-daat-harav-he.html,סיכות (→שיחות)
meta-gershayim,sources/shabbat/siman-363/niveau-4-daat-harav-he.html,3 meta
meta-gershayim,sources/shabbat/siman-363/niveau-2-lamdan.html,3 meta
meta-gershayim,sources/shabbat/siman-363/niveau-3-synthese-en.html,3 meta
meta-gershayim,sources/shabbat/siman-363/niveau-3-synthese.html,3 meta
meta-gershayim,sources/shabbat/siman-363/niveau-1-base-he.html,4 meta
meta-gershayim,sources/shabbat/siman-363/niveau-2-lamdan-he.html,3 meta
coquille-sikhot,sources/shabbat/siman-353/niveau-4-daat-harav-en.html,סיכות (→שיחות)
meta-gershayim,sources/shabbat/siman-353/niveau-2-lamdan-en.html,3 meta
compteur-3-niveaux,sources/shabbat/siman-353/index.html,Les 3 niveaux
meta-gershayim,sources/shabbat/siman-353/niveau-1-base.html,4 meta
meta-gershayim,sources/shabbat/siman-353/niveau-3-synthese-he.html,3 meta
coquille-sikhot,sources/shabbat/siman-353/niveau-4-daat-harav.html,סיכות (→שיחות)
meta-gershayim,sources/shabbat/siman-353/niveau-4-daat-harav.html,3 meta
meta-gershayim,sources/shabbat/siman-353/niveau-4-daat-harav-he.html,5 meta
meta-gershayim,sources/shabbat/siman-353/niveau-2-lamdan.html,3 meta
meta-gershayim,sources/shabbat/siman-353/niveau-3-synthese.html,3 meta
meta-gershayim,sources/shabbat/siman-353/niveau-1-base-he.html,4 meta
meta-gershayim,sources/shabbat/siman-353/niveau-2-lamdan-he.html,3 meta
coquille-sikhot,sources/shabbat/siman-339/niveau-4-daat-harav-en.html,סיכות (→שיחות)
meta-gershayim,sources/shabbat/siman-339/niveau-4-daat-harav-en.html,3 meta
meta-gershayim,sources/shabbat/siman-339/niveau-2-lamdan-en.html,3 meta
meta-gershayim,sources/shabbat/siman-339/niveau-1-base-en.html,4 meta
compteur-3-niveaux,sources/shabbat/siman-339/index.html,Les 3 niveaux
meta-gershayim,sources/shabbat/siman-339/niveau-1-base.html,4 meta
meta-gershayim,sources/shabbat/siman-339/niveau-3-synthese-he.html,3 meta
coquille-sikhot,sources/shabbat/siman-339/niveau-4-daat-harav.html,סיכות (→שיחות)
meta-gershayim,sources/shabbat/siman-339/niveau-4-daat-harav.html,3 meta
meta-gershayim,sources/shabbat/siman-339/niveau-4-daat-harav-he.html,5 meta
meta-gershayim,sources/shabbat/siman-339/niveau-2-lamdan.html,3 meta
meta-gershayim,sources/shabbat/siman-339/niveau-3-synthese-en.html,3 meta
meta-gershayim,sources/shabbat/siman-339/niveau-3-synthese.html,3 meta
meta-gershayim,sources/shabbat/siman-339/niveau-1-base-he.html,4 meta
meta-gershayim,sources/shabbat/siman-339/niveau-2-lamdan-he.html,3 meta
coquille-sikhot,sources/shabbat/siman-269/niveau-4-daat-harav-en.html,סיכות (→שיחות)
meta-gershayim,sources/shabbat/siman-269/niveau-4-daat-harav-en.html,3 meta
titre-tronque,sources/shabbat/siman-269/niveau-4-daat-harav-en.html,Siman 269 · Level 4 Daat HaRav — Shittah (שיטה) of | Hilkhot Shabbat
meta-gershayim,sources/shabbat/siman-269/niveau-2-lamdan-en.html,3 meta
meta-gershayim,sources/shabbat/siman-269/niveau-1-base-en.html,4 meta
compteur-3-niveaux,sources/shabbat/siman-269/index.html,Les 3 niveaux
meta-gershayim,sources/shabbat/siman-269/niveau-1-base.html,4 meta
meta-gershayim,sources/shabbat/siman-269/niveau-3-synthese-he.html,3 meta
coquille-sikhot,sources/shabbat/siman-269/niveau-4-daat-harav.html,סיכות (→שיחות)
meta-gershayim,sources/shabbat/siman-269/niveau-4-daat-harav.html,3 meta
meta-gershayim,sources/shabbat/siman-269/niveau-4-daat-harav-he.html,5 meta
siman-siman-duplique,sources/shabbat/siman-269/niveau-4-daat-harav-he.html,סימן (סימן)
meta-gershayim,sources/shabbat/siman-269/niveau-2-lamdan.html,3 meta
meta-gershayim,sources/shabbat/siman-269/niveau-3-synthese-en.html,3 meta
meta-gershayim,sources/shabbat/siman-269/niveau-3-synthese.html,3 meta
meta-gershayim,sources/shabbat/siman-269/niveau-1-base-he.html,4 meta
meta-gershayim,sources/shabbat/siman-269/niveau-2-lamdan-he.html,3 meta
coquille-sikhot,sources/shabbat/siman-330/niveau-4-daat-harav-en.html,סיכות (→שיחות)
meta-gershayim,sources/shabbat/siman-330/niveau-2-lamdan-en.html,3 meta
titre-tronque,sources/shabbat/siman-330/niveau-2-lamdan-en.html,"Siman <bdi>ש""ל</bdi> · Level 2 — La parturiente (yoledet) à | Hilkhot Shabbat"
compteur-3-niveaux,sources/shabbat/siman-330/index.html,Les 3 niveaux
meta-gershayim,sources/shabbat/siman-330/niveau-1-base.html,4 meta
titre-tronque,sources/shabbat/siman-330/niveau-1-base.html,"Siman <bdi>ש""ל</bdi> · Niveau 1 — La parturiente (yoledet) à | Hilkhot Shabbat"
meta-gershayim,sources/shabbat/siman-330/niveau-3-synthese-he.html,2 meta
coquille-sikhot,sources/shabbat/siman-330/niveau-4-daat-harav.html,סיכות (→שיחות)
meta-gershayim,sources/shabbat/siman-330/niveau-4-daat-harav.html,3 meta
coquille-sikhot,sources/shabbat/siman-330/niveau-4-daat-harav-he.html,סיכות (→שיחות)
meta-gershayim,sources/shabbat/siman-330/niveau-4-daat-harav-he.html,3 meta
meta-gershayim,sources/shabbat/siman-330/niveau-2-lamdan.html,3 meta
titre-tronque,sources/shabbat/siman-330/niveau-2-lamdan.html,"Siman <bdi>ש""ל</bdi> · Niveau 2 — La parturiente (yoledet) à | Hilkhot Shabbat"
meta-gershayim,sources/shabbat/siman-330/niveau-3-synthese.html,3 meta
titre-tronque,sources/shabbat/siman-330/niveau-3-synthese.html,"Siman <bdi>ש""ל</bdi> · Niveau 3 — La parturiente (yoledet) à | Hilkhot Shabbat"
meta-gershayim,sources/shabbat/siman-330/niveau-1-base-he.html,2 meta
meta-gershayim,sources/shabbat/siman-330/niveau-2-lamdan-he.html,3 meta
coquille-sikhot,sources/shabbat/siman-338/niveau-4-daat-harav-en.html,סיכות (→שיחות)
meta-gershayim,sources/shabbat/siman-338/niveau-4-daat-harav-en.html,3 meta
meta-gershayim,sources/shabbat/siman-338/niveau-2-lamdan-en.html,3 meta
meta-gershayim,sources/shabbat/siman-338/niveau-1-base-en.html,4 meta
compteur-3-niveaux,sources/shabbat/siman-338/index.html,Les 3 niveaux
meta-gershayim,sources/shabbat/siman-338/niveau-1-base.html,4 meta
meta-gershayim,sources/shabbat/siman-338/niveau-3-synthese-he.html,3 meta
coquille-sikhot,sources/shabbat/siman-338/niveau-4-daat-harav.html,סיכות (→שיחות)
meta-gershayim,sources/shabbat/siman-338/niveau-4-daat-harav.html,3 meta
meta-gershayim,sources/shabbat/siman-338/niveau-4-daat-harav-he.html,5 meta
meta-gershayim,sources/shabbat/siman-338/niveau-2-lamdan.html,3 meta
meta-gershayim,sources/shabbat/siman-338/niveau-3-synthese-en.html,3 meta
meta-gershayim,sources/shabbat/siman-338/niveau-3-synthese.html,3 meta
meta-gershayim,sources/shabbat/siman-338/niveau-1-base-he.html,4 meta
meta-gershayim,sources/shabbat/siman-338/niveau-2-lamdan-he.html,3 meta
coquille-sikhot,sources/shabbat/siman-303/niveau-4-daat-harav-en.html,סיכות (→שיחות)
meta-gershayim,sources/shabbat/siman-303/niveau-4-daat-harav-en.html,3 meta
meta-gershayim,sources/shabbat/siman-303/niveau-2-lamdan-en.html,3 meta
meta-gershayim,sources/shabbat/siman-303/niveau-1-base-en.html,4 meta
compteur-3-niveaux,sources/shabbat/siman-303/index.html,Les 3 niveaux
meta-gershayim,sources/shabbat/siman-303/niveau-1-base.html,4 meta
meta-gershayim,sources/shabbat/siman-303/niveau-3-synthese-he.html,3 meta
coquille-sikhot,sources/shabbat/siman-303/niveau-4-daat-harav.html,סיכות (→שיחות)
meta-gershayim,sources/shabbat/siman-303/niveau-4-daat-harav.html,3 meta
meta-gershayim,sources/shabbat/siman-303/niveau-4-daat-harav-he.html,5 meta
meta-gershayim,sources/shabbat/siman-303/niveau-2-lamdan.html,3 meta
meta-gershayim,sources/shabbat/siman-303/niveau-3-synthese-en.html,3 meta
meta-gershayim,sources/shabbat/siman-303/niveau-3-synthese.html,3 meta
meta-gershayim,sources/shabbat/siman-303/niveau-1-base-he.html,4 meta
meta-gershayim,sources/shabbat/siman-303/niveau-2-lamdan-he.html,3 meta
coquille-sikhot,sources/shabbat/siman-273/niveau-4-daat-harav-en.html,סיכות (→שיחות)
meta-gershayim,sources/shabbat/siman-273/niveau-4-daat-harav-en.html,3 meta
meta-gershayim,sources/shabbat/siman-273/niveau-2-lamdan-en.html,3 meta
meta-gershayim,sources/shabbat/siman-273/niveau-1-base-en.html,4 meta
compteur-3-niveaux,sources/shabbat/siman-273/index.html,Les 3 niveaux
meta-gershayim,sources/shabbat/siman-273/niveau-1-base.html,4 meta
meta-gershayim,sources/shabbat/siman-273/niveau-3-synthese-he.html,3 meta
coquille-sikhot,sources/shabbat/siman-273/niveau-4-daat-harav.html,סיכות (→שיחות)
meta-gershayim,sources/shabbat/siman-273/niveau-4-daat-harav.html,3 meta
coquille-sikhot,sources/shabbat/siman-273/niveau-4-daat-harav-he.html,סיכות (→שיחות)
meta-gershayim,sources/shabbat/siman-273/niveau-4-daat-harav-he.html,5 meta
meta-gershayim,sources/shabbat/siman-273/niveau-2-lamdan.html,3 meta
meta-gershayim,sources/shabbat/siman-273/niveau-3-synthese-en.html,3 meta
meta-gershayim,sources/shabbat/siman-273/niveau-3-synthese.html,3 meta
meta-gershayim,sources/shabbat/siman-273/niveau-1-base-he.html,4 meta
meta-gershayim,sources/shabbat/siman-273/niveau-2-lamdan-he.html,3 meta
titre-tronque,sources/shabbat/siman-273/niveau-2-lamdan-he.html,"Siman <bdi>רע""ג</bdi> · רמה 2 — Le kiddoush doit être au lieu du | הלכות שבת"
coquille-sikhot,sources/shabbat/siman-315/niveau-4-daat-harav-en.html,סיכות (→שיחות)
meta-gershayim,sources/shabbat/siman-315/niveau-4-daat-harav-en.html,3 meta
meta-gershayim,sources/shabbat/siman-315/niveau-2-lamdan-en.html,3 meta
titre-tronque,sources/shabbat/siman-315/niveau-2-lamdan-en.html,"Siman <bdi>שט""ו</bdi> · Level 2 — Faire un אהל (toit/abri) à | Hilkhot Shabbat"
meta-gershayim,sources/shabbat/siman-315/niveau-1-base-en.html,4 meta
compteur-3-niveaux,sources/shabbat/siman-315/index.html,Les 3 niveaux
meta-gershayim,sources/shabbat/siman-315/niveau-1-base.html,4 meta
titre-tronque,sources/shabbat/siman-315/niveau-1-base.html,"Siman <bdi>שט""ו</bdi> · Niveau 1 — Faire un אהל (toit/abri) à | Hilkhot Shabbat"
meta-gershayim,sources/shabbat/siman-315/niveau-3-synthese-he.html,3 meta
coquille-sikhot,sources/shabbat/siman-315/niveau-4-daat-harav.html,סיכות (→שיחות)
meta-gershayim,sources/shabbat/siman-315/niveau-4-daat-harav.html,3 meta
meta-gershayim,sources/shabbat/siman-315/niveau-2-lamdan.html,3 meta
titre-tronque,sources/shabbat/siman-315/niveau-2-lamdan.html,"Siman <bdi>שט""ו</bdi> · Niveau 2 — Faire un אהל (toit/abri) à | Hilkhot Shabbat"
meta-gershayim,sources/shabbat/siman-315/niveau-3-synthese-en.html,3 meta
meta-gershayim,sources/shabbat/siman-315/niveau-3-synthese.html,3 meta
titre-tronque,sources/shabbat/siman-315/niveau-3-synthese.html,"Siman <bdi>שט""ו</bdi> · Niveau 3 — Faire un אהל (toit/abri) à | Hilkhot Shabbat"
meta-gershayim,sources/shabbat/siman-315/niveau-2-lamdan-he.html,3 meta
coquille-sikhot,sources/shabbat/siman-344/niveau-4-daat-harav-en.html,סיכות (→שיחות)
meta-gershayim,sources/shabbat/siman-344/niveau-4-daat-harav-en.html,3 meta
meta-gershayim,sources/shabbat/siman-344/niveau-2-lamdan-en.html,3 meta
meta-gershayim,sources/shabbat/siman-344/niveau-1-base-en.html,4 meta
compteur-3-niveaux,sources/shabbat/siman-344/index.html,Les 3 niveaux
meta-gershayim,sources/shabbat/siman-344/niveau-1-base.html,4 meta
meta-gershayim,sources/shabbat/siman-344/niveau-3-synthese-he.html,3 meta
coquille-sikhot,sources/shabbat/siman-344/niveau-4-daat-harav.html,סיכות (→שיחות)
meta-gershayim,sources/shabbat/siman-344/niveau-4-daat-harav.html,3 meta
coquille-sikhot,sources/shabbat/siman-344/niveau-4-daat-harav-he.html,סיכות (→שיחות)
meta-gershayim,sources/shabbat/siman-344/niveau-4-daat-harav-he.html,3 meta
meta-gershayim,sources/shabbat/siman-344/niveau-2-lamdan.html,3 meta
meta-gershayim,sources/shabbat/siman-344/niveau-3-synthese-en.html,3 meta
meta-gershayim,sources/shabbat/siman-344/niveau-3-synthese.html,3 meta
meta-gershayim,sources/shabbat/siman-344/niveau-1-base-he.html,4 meta
meta-gershayim,sources/shabbat/siman-344/niveau-2-lamdan-he.html,3 meta
coquille-sikhot,sources/shabbat/siman-305/niveau-4-daat-harav-en.html,סיכות (→שיחות)
meta-gershayim,sources/shabbat/siman-305/niveau-4-daat-harav-en.html,3 meta
commentaire-a-verifier,sources/shabbat/siman-305/niveau-4-daat-harav-en.html,2
meta-gershayim,sources/shabbat/siman-305/niveau-2-lamdan-en.html,3 meta
meta-gershayim,sources/shabbat/siman-305/niveau-1-base-en.html,4 meta
compteur-3-niveaux,sources/shabbat/siman-305/index.html,Les 3 niveaux
meta-gershayim,sources/shabbat/siman-305/niveau-1-base.html,4 meta
meta-gershayim,sources/shabbat/siman-305/niveau-3-synthese-he.html,3 meta
coquille-sikhot,sources/shabbat/siman-305/niveau-4-daat-harav.html,סיכות (→שיחות)
meta-gershayim,sources/shabbat/siman-305/niveau-4-daat-harav.html,3 meta
commentaire-a-verifier,sources/shabbat/siman-305/niveau-4-daat-harav.html,2
meta-gershayim,sources/shabbat/siman-305/niveau-4-daat-harav-he.html,5 meta
meta-gershayim,sources/shabbat/siman-305/niveau-2-lamdan.html,3 meta
meta-gershayim,sources/shabbat/siman-305/niveau-3-synthese-en.html,3 meta
meta-gershayim,sources/shabbat/siman-305/niveau-3-synthese.html,3 meta
meta-gershayim,sources/shabbat/siman-305/niveau-1-base-he.html,4 meta
titre-tronque,sources/shabbat/siman-305/index-en.html,Siman 305 — With what an animal may go out on | Hilkhot Shabbat
meta-gershayim,sources/shabbat/siman-305/niveau-2-lamdan-he.html,3 meta
coquille-sikhot,sources/shabbat/siman-277/niveau-4-daat-harav-en.html,סיכות (→שיחות)
meta-gershayim,sources/shabbat/siman-277/niveau-4-daat-harav-en.html,3 meta
meta-gershayim,sources/shabbat/siman-277/niveau-2-lamdan-en.html,3 meta
meta-gershayim,sources/shabbat/siman-277/niveau-1-base-en.html,4 meta
compteur-3-niveaux,sources/shabbat/siman-277/index.html,Les 3 niveaux
meta-gershayim,sources/shabbat/siman-277/niveau-1-base.html,4 meta
meta-gershayim,sources/shabbat/siman-277/niveau-3-synthese-he.html,3 meta
coquille-sikhot,sources/shabbat/siman-277/niveau-4-daat-harav.html,סיכות (→שיחות)
meta-gershayim,sources/shabbat/siman-277/niveau-4-daat-harav.html,3 meta
coquille-sikhot,sources/shabbat/siman-277/niveau-4-daat-harav-he.html,סיכות (→שיחות)
meta-gershayim,sources/shabbat/siman-277/niveau-4-daat-harav-he.html,5 meta
siman-siman-duplique,sources/shabbat/siman-277/niveau-4-daat-harav-he.html,סימן (סימן)
meta-gershayim,sources/shabbat/siman-277/niveau-2-lamdan.html,3 meta
meta-gershayim,sources/shabbat/siman-277/niveau-3-synthese-en.html,3 meta
meta-gershayim,sources/shabbat/siman-277/niveau-3-synthese.html,3 meta
meta-gershayim,sources/shabbat/siman-277/niveau-1-base-he.html,4 meta
meta-gershayim,sources/shabbat/siman-277/niveau-2-lamdan-he.html,3 meta
coquille-sikhot,sources/shabbat/siman-243/niveau-4-daat-harav-en.html,סיכות (→שיחות)
compteur-3-niveaux,sources/shabbat/siman-243/index.html,les 3 niveaux
titre-tronque,sources/shabbat/siman-243/index.html,Siman רמ״ג — Louer son bain ou son champ à un | Hilkhot Shabbat
coquille-sikhot,sources/shabbat/siman-243/niveau-4-daat-harav.html,סיכות (→שיחות)
titre-siman-242,sources/shabbat/siman-243/niveau-4-daat-harav.html,Siman 242 · Niveau 4 — Chitah de l'Admour HaZaken | Hilkhot Shabbat
